Indicator,GeoAreaCode,GeoAreaName,Year, Full Time Researchers per million (pop)  ,Time_Detail
9.5.2,8,Albania,2008,155.52783,2008
9.5.2,12,Algeria,2005,168.71935,2005
9.5.2,12,Algeria,2017,819.3427,2017
9.5.2,16,American Samoa,2002,84.63101,2002
9.5.2,16,American Samoa,2003,403.33423,2003
9.5.2,16,American Samoa,2004,150.80176,2004
9.5.2,16,American Samoa,2005,100.73537,2005
9.5.2,24,Angola,2011,47.48012,2011
9.5.2,24,Angola,2016,18.81599,2016
9.5.2,32,Argentina,2000,716.55644,2000
9.5.2,32,Argentina,2001,688.2777,2001
9.5.2,32,Argentina,2002,692.19186,2002
9.5.2,32,Argentina,2003,718.52276,2003
9.5.2,32,Argentina,2004,765.64017,2004
9.5.2,32,Argentina,2005,819.37769,2005
9.5.2,32,Argentina,2006,891.83275,2006
9.5.2,32,Argentina,2007,974.71808,2007
9.5.2,32,Argentina,2008,1035.99886,2008
9.5.2,32,Argentina,2009,1035.62531,2009
9.5.2,32,Argentina,2010,1123.83311,2010
9.5.2,32,Argentina,2011,1180.67303,2011
9.5.2,32,Argentina,2012,1203.37119,2012
9.5.2,32,Argentina,2013,1198.26439,2013
9.5.2,32,Argentina,2014,1206.94193,2014
9.5.2,32,Argentina,2015,1230.53948,2015
9.5.2,32,Argentina,2016,1259.64008,2016
9.5.2,32,Argentina,2017,1210.45658,2017
9.5.2,32,Argentina,2018,1211.42035,2018
9.5.2,36,Australia,2000,3475.32527,2000
9.5.2,36,Australia,2002,3771.53817,2002
9.5.2,36,Australia,2004,4084.15159,2004
9.5.2,36,Australia,2006,4248.25649,2006
9.5.2,36,Australia,2008,4343.12653,2008
9.5.2,36,Australia,2010,4532.40149,2010
9.5.2,40,Austria,2002,2965.68455,2002
9.5.2,40,Austria,2004,3158.79469,2004
9.5.2,40,Austria,2005,3449.33454,2005
9.5.2,40,Austria,2006,3524.13895,2006
9.5.2,40,Austria,2007,3810.03152,2007
9.5.2,40,Austria,2008,4136.92593,2008
9.5.2,40,Austria,2009,4140.10453,2009
9.5.2,40,Austria,2010,4349.71722,2010
9.5.2,40,Austria,2011,4390.34667,2011
9.5.2,40,Austria,2012,4669.44719,2012
9.5.2,40,Austria,2013,4724.72032,2013
9.5.2,40,Austria,2014,4947.87477,2014
9.5.2,40,Austria,2015,5019.43848,2015
9.5.2,40,Austria,2016,5224.35435,2016
9.5.2,40,Austria,2017,5387.92896,2017
9.5.2,40,Austria,2018,5733.07565,2018
9.5.2,48,Bahrain,2014,368.99126,2014
9.5.2,56,Belgium,2000,2970.19422,2000
9.5.2,56,Belgium,2001,3123.98921,2001
9.5.2,56,Belgium,2002,2958.84489,2002
9.5.2,56,Belgium,2003,2967.37,2003
9.5.2,56,Belgium,2004,3091.60518,2004
9.5.2,56,Belgium,2005,3142.7299,2005
9.5.2,56,Belgium,2006,3284.43073,2006
9.5.2,56,Belgium,2007,3395.01749,2007
9.5.2,56,Belgium,2008,3411.75263,2008
9.5.2,56,Belgium,2009,3519.85499,2009
9.5.2,56,Belgium,2010,3732.83127,2010
9.5.2,56,Belgium,2011,3875.64397,2011
9.5.2,56,Belgium,2012,4113.26364,2012
9.5.2,56,Belgium,2013,4155.91094,2013
9.5.2,56,Belgium,2014,4528.91488,2014
9.5.2,56,Belgium,2015,4711.04559,2015
9.5.2,56,Belgium,2016,4780.51719,2016
9.5.2,56,Belgium,2017,4729.55358,2017
9.5.2,56,Belgium,2018,5023.26301,2018
9.5.2,68,Bolivia (Plurinational State of),2000,71.2736,2000
9.5.2,68,Bolivia (Plurinational State of),2001,122.37427,2001
9.5.2,68,Bolivia (Plurinational State of),2002,118.95484,2002
9.5.2,68,Bolivia (Plurinational State of),2009,143.85751,2009
9.5.2,68,Bolivia (Plurinational State of),2010,163.80159,2010
9.5.2,70,Bosnia and Herzegovina,2003,61.59419,2003
9.5.2,70,Bosnia and Herzegovina,2004,63.42766,2004
9.5.2,70,Bosnia and Herzegovina,2005,67.1423,2005
9.5.2,70,Bosnia and Herzegovina,2006,178.23305,2006
9.5.2,70,Bosnia and Herzegovina,2007,198.03677,2007
9.5.2,70,Bosnia and Herzegovina,2012,160.13994,2012
9.5.2,70,Bosnia and Herzegovina,2013,233.86738,2013
9.5.2,70,Bosnia and Herzegovina,2014,292.38061,2014
9.5.2,70,Bosnia and Herzegovina,2015,365.22839,2015
9.5.2,70,Bosnia and Herzegovina,2016,419.99063,2016
9.5.2,70,Bosnia and Herzegovina,2017,485.42082,2017
9.5.2,70,Bosnia and Herzegovina,2018,471.2501,2018
9.5.2,72,Botswana,2012,172.43949,2012
9.5.2,72,Botswana,2013,185.20781,2013
9.5.2,76,Brazil,2000,295.23457,2000
9.5.2,76,Brazil,2001,337.39902,2001
9.5.2,76,Brazil,2002,398.41199,2002
9.5.2,76,Brazil,2003,423.24525,2003
9.5.2,76,Brazil,2004,483.03027,2004
9.5.2,76,Brazil,2005,509.01507,2005
9.5.2,76,Brazil,2006,543.2361,2006
9.5.2,76,Brazil,2007,555.12941,2007
9.5.2,76,Brazil,2008,590.71388,2008
9.5.2,76,Brazil,2009,625.52058,2009
9.5.2,76,Brazil,2010,686.12491,2010
9.5.2,76,Brazil,2011,737.71786,2011
9.5.2,76,Brazil,2012,788.48979,2012
9.5.2,76,Brazil,2013,838.47208,2013
9.5.2,76,Brazil,2014,887.67844,2014
9.5.2,96,Brunei Darussalam,2002,285.48195,2002
9.5.2,96,Brunei Darussalam,2003,277.39015,2003
9.5.2,96,Brunei Darussalam,2004,283.50207,2004
9.5.2,100,Bulgaria,2000,1185.17766,2000
9.5.2,100,Bulgaria,2001,1162.19205,2001
9.5.2,100,Bulgaria,2002,1172.479,2002
9.5.2,100,Bulgaria,2003,1228.67973,2003
9.5.2,100,Bulgaria,2004,1268.87888,2004
9.5.2,100,Bulgaria,2005,1307.79884,2005
9.5.2,100,Bulgaria,2006,1354.47304,2006
9.5.2,100,Bulgaria,2007,1478.61752,2007
9.5.2,100,Bulgaria,2008,1513.00749,2008
9.5.2,100,Bulgaria,2009,1601.3888,2009
9.5.2,100,Bulgaria,2010,1478.65161,2010
9.5.2,100,Bulgaria,2011,1613.03219,2011
9.5.2,100,Bulgaria,2012,1540.76839,2012
9.5.2,100,Bulgaria,2013,1683.79312,2013
9.5.2,100,Bulgaria,2014,1821.92174,2014
9.5.2,100,Bulgaria,2015,1977.29335,2015
9.5.2,100,Bulgaria,2016,2237.29099,2016
9.5.2,100,Bulgaria,2017,2125.18395,2017
9.5.2,100,Bulgaria,2018,2342.86988,2018
9.5.2,104,Myanmar,2001,12.15455,2001
9.5.2,104,Myanmar,2002,17.54637,2002
9.5.2,104,Myanmar,2017,29.07319,2017
9.5.2,108,Burundi,2012,20.928,2012
9.5.2,108,Burundi,2018,23.43546,2018
9.5.2,116,Cambodia,2002,17.64162,2002
9.5.2,116,Cambodia,2015,30.36704,2015
9.5.2,124,Canada,2000,3527.48297,2000
9.5.2,124,Canada,2001,3708.21662,2001
9.5.2,124,Canada,2002,3719.25787,2002
9.5.2,124,Canada,2003,3913.5484,2003
9.5.2,124,Canada,2004,4098.00332,2004
9.5.2,124,Canada,2005,4250.05244,2005
9.5.2,124,Canada,2006,4323.08007,2006
9.5.2,124,Canada,2007,4595.39481,2007
9.5.2,124,Canada,2008,4715.39105,2008
9.5.2,124,Canada,2009,4451.47828,2009
9.5.2,124,Canada,2010,4646.30508,2010
9.5.2,124,Canada,2011,4780.08165,2011
9.5.2,124,Canada,2012,4627.4515,2012
9.5.2,124,Canada,2013,4623.11761,2013
9.5.2,124,Canada,2014,4541.84807,2014
9.5.2,124,Canada,2015,4523.09283,2015
9.5.2,124,Canada,2016,4369.6299,2016
9.5.2,124,Canada,2017,4325.64492,2017
9.5.2,132,Cabo Verde,2001,103.27994,2001
9.5.2,132,Cabo Verde,2002,135.45516,2002
9.5.2,132,Cabo Verde,2011,50.11456,2011
9.5.2,132,Cabo Verde,2014,123.48752,2014
9.5.2,144,Sri Lanka,2000,135.10778,2000
9.5.2,144,Sri Lanka,2004,138.18429,2004
9.5.2,144,Sri Lanka,2006,93.06471,2006
9.5.2,144,Sri Lanka,2008,98.67902,2008
9.5.2,144,Sri Lanka,2010,105.6178,2010
9.5.2,144,Sri Lanka,2013,110.14833,2013
9.5.2,144,Sri Lanka,2014,98.94889,2014
9.5.2,144,Sri Lanka,2015,105.988,2015
9.5.2,144,Sri Lanka,2016,106.84467,2016
9.5.2,144,Sri Lanka,2017,106.39893,2017
9.5.2,148,Chad,2016,57.89175,2016
9.5.2,152,Chile,2007,335.80614,2007
9.5.2,152,Chile,2008,356.65448,2008
9.5.2,152,Chile,2009,287.75,2009
9.5.2,152,Chile,2010,318.82717,2010
9.5.2,152,Chile,2011,352.70683,2011
9.5.2,152,Chile,2012,390.68244,2012
9.5.2,152,Chile,2013,335.36674,2013
9.5.2,152,Chile,2014,427.12188,2014
9.5.2,152,Chile,2015,454.95945,2015
9.5.2,152,Chile,2016,493.45864,2016
9.5.2,152,Chile,2017,493.29542,2017
9.5.2,156,China,2000,538.57781,2000
9.5.2,156,China,2001,571.71041,2001
9.5.2,156,China,2002,619.97445,2002
9.5.2,156,China,2003,655.44415,2003
9.5.2,156,China,2004,700.0701,2004
9.5.2,156,China,2005,840.6356,2005
9.5.2,156,China,2006,914.33689,2006
9.5.2,156,China,2007,1057.4944,2007
9.5.2,156,China,2008,1176.45974,2008
9.5.2,156,China,2009,846.55957,2009
9.5.2,156,China,2010,884.59337,2010
9.5.2,156,China,2011,957.56503,2011
9.5.2,156,China,2012,1014.31188,2012
9.5.2,156,China,2013,1066.20984,2013
9.5.2,156,China,2014,1089.19646,2014
9.5.2,156,China,2015,1150.81931,2015
9.5.2,156,China,2016,1196.68794,2016
9.5.2,156,China,2017,1224.7822,2017
9.5.2,156,China,2018,1307.12128,2018
9.5.2,170,Colombia,2013,57.3604,2013
9.5.2,170,Colombia,2014,58.29539,2014
9.5.2,170,Colombia,2015,69.54869,2015
9.5.2,170,Colombia,2016,89.36161,2016
9.5.2,170,Colombia,2017,88.0191,2017
9.5.2,178,Congo,2000,32.5349,2000
9.5.2,180,Democratic Republic of the Congo,2015,10.56469,2015
9.5.2,188,Costa Rica,2003,131.60255,2003
9.5.2,188,Costa Rica,2004,108.63507,2004
9.5.2,188,Costa Rica,2005,122.92609,2005
9.5.2,188,Costa Rica,2008,261.02787,2008
9.5.2,188,Costa Rica,2009,339.54618,2009
9.5.2,188,Costa Rica,2010,381.87801,2010
9.5.2,188,Costa Rica,2011,406.20873,2011
9.5.2,188,Costa Rica,2012,337.24403,2012
9.5.2,188,Costa Rica,2013,355.11641,2013
9.5.2,188,Costa Rica,2014,568.46192,2014
9.5.2,188,Costa Rica,2015,495.2758,2015
9.5.2,188,Costa Rica,2016,525.37635,2016
9.5.2,188,Costa Rica,2017,380.40758,2017
9.5.2,188,Costa Rica,2018,345.03858,2018
9.5.2,191,Croatia,2000,1529.33272,2000
9.5.2,191,Croatia,2001,1509.95616,2001
9.5.2,191,Croatia,2002,1950.04367,2002
9.5.2,191,Croatia,2003,1335.41586,2003
9.5.2,191,Croatia,2004,1628.69347,2004
9.5.2,191,Croatia,2005,1308.11424,2005
9.5.2,191,Croatia,2006,1321.96175,2006
9.5.2,191,Croatia,2007,1404.9522,2007
9.5.2,191,Croatia,2008,1538.60787,2008
9.5.2,191,Croatia,2009,1596.53963,2009
9.5.2,191,Croatia,2010,1641.34223,2010
9.5.2,191,Croatia,2011,1587.48964,2011
9.5.2,191,Croatia,2012,1556.84123,2012
9.5.2,191,Croatia,2013,1526.68079,2013
9.5.2,191,Croatia,2014,1437.42986,2014
9.5.2,191,Croatia,2015,1504.17896,2015
9.5.2,191,Croatia,2016,1850.49572,2016
9.5.2,191,Croatia,2017,1868.34023,2017
9.5.2,191,Croatia,2018,1921.13136,2018
9.5.2,196,Cyprus,2000,434.37809,2000
9.5.2,196,Cyprus,2001,471.97958,2001
9.5.2,196,Cyprus,2002,609.48271,2002
9.5.2,196,Cyprus,2003,677.83199,2003
9.5.2,196,Cyprus,2004,795.28883,2004
9.5.2,196,Cyprus,2005,916.65065,2005
9.5.2,196,Cyprus,2006,986.91676,2006
9.5.2,196,Cyprus,2007,1029.19752,2007
9.5.2,196,Cyprus,2008,1011.38118,2008
9.5.2,196,Cyprus,2009,1065.75189,2009
9.5.2,196,Cyprus,2010,1077.70041,2010
9.5.2,196,Cyprus,2011,1063.79153,2011
9.5.2,196,Cyprus,2012,1017.46435,2012
9.5.2,196,Cyprus,2013,1036.13054,2013
9.5.2,196,Cyprus,2014,1064.92501,2014
9.5.2,196,Cyprus,2015,1009.05438,2015
9.5.2,196,Cyprus,2016,1050.53568,2016
9.5.2,196,Cyprus,2017,1196.43246,2017
9.5.2,196,Cyprus,2018,1255.85256,2018
9.5.2,203,Czechia,2000,1346.24335,2000
9.5.2,203,Czechia,2001,1459.15571,2001
9.5.2,203,Czechia,2002,1460.55587,2002
9.5.2,203,Czechia,2003,1543.97793,2003
9.5.2,203,Czechia,2004,1591.85157,2004
9.5.2,203,Czechia,2005,2356.08067,2005
9.5.2,203,Czechia,2006,2550.5671,2006
9.5.2,203,Czechia,2007,2691.54938,2007
9.5.2,203,Czechia,2008,2857.02226,2008
9.5.2,203,Czechia,2009,2742.07513,2009
9.5.2,203,Czechia,2010,2773.95996,2010
9.5.2,203,Czechia,2011,2903.66154,2011
9.5.2,203,Czechia,2012,3139.23525,2012
9.5.2,203,Czechia,2013,3237.23584,2013
9.5.2,203,Czechia,2014,3402.82622,2014
9.5.2,203,Czechia,2015,3592.07367,2015
9.5.2,203,Czechia,2016,3516.17175,2016
9.5.2,203,Czechia,2017,3682.03353,2017
9.5.2,203,Czechia,2018,3862.67088,2018
9.5.2,208,Denmark,2001,3630.60375,2001
9.5.2,208,Denmark,2002,4754.85692,2002
9.5.2,208,Denmark,2003,4618.92274,2003
9.5.2,208,Denmark,2004,4843.25403,2004
9.5.2,208,Denmark,2005,5197.44741,2005
9.5.2,208,Denmark,2006,5298.45015,2006
9.5.2,208,Denmark,2007,5516.35572,2007
9.5.2,208,Denmark,2008,6493.89539,2008
9.5.2,208,Denmark,2009,6656.97016,2009
9.5.2,208,Denmark,2010,6739.18115,2010
9.5.2,208,Denmark,2011,7017.93917,2011
9.5.2,208,Denmark,2012,7143.2887,2012
9.5.2,208,Denmark,2013,7071.13776,2013
9.5.2,208,Denmark,2014,7310.65804,2014
9.5.2,208,Denmark,2015,7528.26439,2015
9.5.2,208,Denmark,2016,7846.65759,2016
9.5.2,208,Denmark,2017,7924.95265,2017
9.5.2,208,Denmark,2018,8065.88729,2018
9.5.2,218,Ecuador,2001,39.79971,2001
9.5.2,218,Ecuador,2002,41.84589,2002
9.5.2,218,Ecuador,2003,48.2435,2003
9.5.2,218,Ecuador,2006,70.05997,2006
9.5.2,218,Ecuador,2007,64.63095,2007
9.5.2,218,Ecuador,2008,102.6071,2008
9.5.2,218,Ecuador,2009,117.68404,2009
9.5.2,218,Ecuador,2010,140.58063,2010
9.5.2,218,Ecuador,2011,179.50769,2011
9.5.2,218,Ecuador,2012,281.16658,2012
9.5.2,218,Ecuador,2013,350.66109,2013
9.5.2,218,Ecuador,2014,399.48996,2014
9.5.2,222,El Salvador,2015,63.23987,2015
9.5.2,222,El Salvador,2016,65.76315,2016
9.5.2,222,El Salvador,2017,63.71196,2017
9.5.2,222,El Salvador,2018,71.17553,2018
9.5.2,231,Ethiopia,2005,21.06192,2005
9.5.2,231,Ethiopia,2007,20.01875,2007
9.5.2,231,Ethiopia,2010,42.22959,2010
9.5.2,231,Ethiopia,2013,44.73122,2013
9.5.2,231,Ethiopia,2017,90.52892,2017
9.5.2,233,Estonia,2000,1905.49434,2000
9.5.2,233,Estonia,2001,1926.3794,2001
9.5.2,233,Estonia,2002,2212.28698,2002
9.5.2,233,Estonia,2003,2197.52365,2003
9.5.2,233,Estonia,2004,2470.7293,2004
9.5.2,233,Estonia,2005,2457.12751,2005
9.5.2,233,Estonia,2006,2603.45067,2006
9.5.2,233,Estonia,2007,2744.93118,2007
9.5.2,233,Estonia,2008,2969.24123,2008
9.5.2,233,Estonia,2009,3228.71566,2009
9.5.2,233,Estonia,2010,3060.57874,2010
9.5.2,233,Estonia,2011,3397.58185,2011
9.5.2,233,Estonia,2012,3462.92471,2012
9.5.2,233,Estonia,2013,3341.01051,2013
9.5.2,233,Estonia,2014,3284.26311,2014
9.5.2,233,Estonia,2015,3183.24369,2015
9.5.2,233,Estonia,2016,3295.07562,2016
9.5.2,233,Estonia,2017,3542.54618,2017
9.5.2,233,Estonia,2018,3755.32912,2018
9.5.2,234,Faroe Islands,2003,1813.12194,2003
9.5.2,246,Finland,2004,7821.86137,2004
9.5.2,246,Finland,2005,7526.63043,2005
9.5.2,246,Finland,2006,7657.22083,2006
9.5.2,246,Finland,2007,7361.54046,2007
9.5.2,246,Finland,2008,7684.80833,2008
9.5.2,246,Finland,2009,7646.33708,2009
9.5.2,246,Finland,2010,7720.22345,2010
9.5.2,246,Finland,2011,7421.582,2011
9.5.2,246,Finland,2012,7473.70618,2012
9.5.2,246,Finland,2013,7206.5324,2013
9.5.2,246,Finland,2014,7009.28753,2014
9.5.2,246,Finland,2015,6844.54752,2015
9.5.2,246,Finland,2016,6531.47954,2016
9.5.2,246,Finland,2017,6721.83019,2017
9.5.2,246,Finland,2018,6861.10974,2018
9.5.2,250,France,2000,2915.69466,2000
9.5.2,250,France,2001,2986.85851,2001
9.5.2,250,France,2002,3117.21193,2002
9.5.2,250,France,2003,3199.74823,2003
9.5.2,250,France,2004,3334.16691,2004
9.5.2,250,France,2005,3313.25866,2005
9.5.2,250,France,2006,3423.74845,2006
9.5.2,250,France,2007,3585.80596,2007
9.5.2,250,France,2008,3659.88478,2008
9.5.2,250,France,2009,3747.28462,2009
9.5.2,250,France,2010,3873.01285,2010
9.5.2,250,France,2011,3942.38881,2011
9.5.2,250,France,2012,4073.25058,2012
9.5.2,250,France,2013,4154.81555,2013
9.5.2,250,France,2014,4233.6383,2014
9.5.2,250,France,2015,4307.48974,2015
9.5.2,250,France,2016,4414.69944,2016
9.5.2,250,France,2017,4561.11283,2017
9.5.2,250,France,2018,4715.31913,2018
9.5.2,268,Georgia,2013,566.35449,2013
9.5.2,268,Georgia,2014,1059.47472,2014
9.5.2,268,Georgia,2015,1280.46364,2015
9.5.2,268,Georgia,2016,1306.59079,2016
9.5.2,268,Georgia,2017,1307.40616,2017
9.5.2,268,Georgia,2018,1463.77339,2018
9.5.2,270,Gambia,2008,91.7548,2008
9.5.2,270,Gambia,2009,102.85707,2009
9.5.2,270,Gambia,2011,31.70743,2011
9.5.2,270,Gambia,2018,52.89256,2018
9.5.2,275,State of Palestine,2007,74.53826,2007
9.5.2,275,State of Palestine,2008,94.12243,2008
9.5.2,275,State of Palestine,2009,143.26611,2009
9.5.2,275,State of Palestine,2010,323.50083,2010
9.5.2,275,State of Palestine,2013,575.10944,2013
9.5.2,276,Germany,2000,3167.95093,2000
9.5.2,276,Germany,2001,3245.82431,2001
9.5.2,276,Germany,2002,3260.09201,2002
9.5.2,276,Germany,2003,3295.27713,2003
9.5.2,276,Germany,2004,3309.57342,2004
9.5.2,276,Germany,2005,3335.03503,2005
9.5.2,276,Germany,2006,3434.56922,2006
9.5.2,276,Germany,2007,3578.50351,2007
9.5.2,276,Germany,2008,3733.27645,2008
9.5.2,276,Germany,2009,3922.21205,2009
9.5.2,276,Germany,2010,4058.00596,2010
9.5.2,276,Germany,2011,4188.80831,2011
9.5.2,276,Germany,2012,4352.32261,2012
9.5.2,276,Germany,2013,4366.6912,2013
9.5.2,276,Germany,2014,4320.70432,2014
9.5.2,276,Germany,2015,4743.7863,2015
9.5.2,276,Germany,2016,4861.74717,2016
9.5.2,276,Germany,2017,5076.51794,2017
9.5.2,276,Germany,2018,5211.87408,2018
9.5.2,288,Ghana,2007,17.0833,2007
9.5.2,288,Ghana,2010,37.95861,2010
9.5.2,288,Ghana,2015,89.11206,2015
9.5.2,300,Greece,2001,1290.70596,2001
9.5.2,300,Greece,2003,1393.29901,2003
9.5.2,300,Greece,2005,1745.4921,2005
9.5.2,300,Greece,2006,1779.74915,2006
9.5.2,300,Greece,2007,1889.68736,2007
9.5.2,300,Greece,2011,2278.51787,2011
9.5.2,300,Greece,2012,2300.31448,2012
9.5.2,300,Greece,2013,2721.31093,2013
9.5.2,300,Greece,2014,2791.8715,2014
9.5.2,300,Greece,2015,3255.9863,2015
9.5.2,300,Greece,2016,2769.89991,2016
9.5.2,300,Greece,2017,3311.44856,2017
9.5.2,300,Greece,2018,3482.71652,2018
9.5.2,304,Greenland,2001,536.15495,2001
9.5.2,304,Greenland,2002,539.65108,2002
9.5.2,304,Greenland,2003,647.175,2003
9.5.2,304,Greenland,2004,701.71119,2004
9.5.2,316,Guam,2003,285.32118,2003
9.5.2,316,Guam,2004,316.25353,2004
9.5.2,316,Guam,2005,303.02648,2005
9.5.2,320,Guatemala,2005,29.6273,2005
9.5.2,320,Guatemala,2006,24.25912,2006
9.5.2,320,Guatemala,2007,34.08678,2007
9.5.2,320,Guatemala,2008,38.55373,2008
9.5.2,320,Guatemala,2009,38.69725,2009
9.5.2,320,Guatemala,2010,24.81132,2010
9.5.2,320,Guatemala,2011,24.75115,2011
9.5.2,320,Guatemala,2012,26.91416,2012
9.5.2,320,Guatemala,2013,17.37646,2013
9.5.2,320,Guatemala,2014,20.28482,2014
9.5.2,320,Guatemala,2015,22.15054,2015
9.5.2,320,Guatemala,2016,22.07069,2016
9.5.2,320,Guatemala,2017,14.07038,2017
9.5.2,320,Guatemala,2018,12.87117,2018
9.5.2,340,Honduras,2015,22.38581,2015
9.5.2,340,Honduras,2017,34.68019,2017
9.5.2,344,"China, Hong Kong Special Administrative Region",2000,1169.78769,2000
9.5.2,344,"China, Hong Kong Special Administrative Region",2001,1372.74013,2001
9.5.2,344,"China, Hong Kong Special Administrative Region",2002,1587.48988,2002
9.5.2,344,"China, Hong Kong Special Administrative Region",2003,2007.08525,2003
9.5.2,344,"China, Hong Kong Special Administrative Region",2004,2163.66776,2004
9.5.2,344,"China, Hong Kong Special Administrative Region",2005,2662.50136,2005
9.5.2,344,"China, Hong Kong Special Administrative Region",2006,2694.02889,2006
9.5.2,344,"China, Hong Kong Special Administrative Region",2007,2858.61946,2007
9.5.2,344,"China, Hong Kong Special Administrative Region",2008,2680.96008,2008
9.5.2,344,"China, Hong Kong Special Administrative Region",2009,2784.6927,2009
9.5.2,344,"China, Hong Kong Special Administrative Region",2010,3114.55198,2010
9.5.2,344,"China, Hong Kong Special Administrative Region",2011,3085.38105,2011
9.5.2,344,"China, Hong Kong Special Administrative Region",2012,3191.214,2012
9.5.2,344,"China, Hong Kong Special Administrative Region",2013,3377.87416,2013
9.5.2,344,"China, Hong Kong Special Administrative Region",2014,3591.19623,2014
9.5.2,344,"China, Hong Kong Special Administrative Region",2015,3565.12862,2015
9.5.2,344,"China, Hong Kong Special Administrative Region",2016,3741.2636,2016
9.5.2,344,"China, Hong Kong Special Administrative Region",2017,3782.34083,2017
9.5.2,344,"China, Hong Kong Special Administrative Region",2018,4026.59891,2018
9.5.2,348,Hungary,2000,1409.51912,2000
9.5.2,348,Hungary,2001,1438.76719,2001
9.5.2,348,Hungary,2002,1471.87798,2002
9.5.2,348,Hungary,2003,1496.84332,2003
9.5.2,348,Hungary,2004,1473.53102,2004
9.5.2,348,Hungary,2005,1574.27119,2005
9.5.2,348,Hungary,2006,1744.98861,2006
9.5.2,348,Hungary,2007,1734.91036,2007
9.5.2,348,Hungary,2008,1851.90616,2008
9.5.2,348,Hungary,2009,2014.5713,2009
9.5.2,348,Hungary,2010,2149.8141,2010
9.5.2,348,Hungary,2011,2326.16657,2011
9.5.2,348,Hungary,2012,2416.47759,2012
9.5.2,348,Hungary,2013,2546.08461,2013
9.5.2,348,Hungary,2014,2673.43438,2014
9.5.2,348,Hungary,2015,2589.09791,2015
9.5.2,348,Hungary,2016,2645.75681,2016
9.5.2,348,Hungary,2017,2921.5331,2017
9.5.2,348,Hungary,2018,3237.70314,2018
9.5.2,352,Iceland,2001,6572.47788,2001
9.5.2,352,Iceland,2003,6657.35956,2003
9.5.2,352,Iceland,2005,7305.2658,2005
9.5.2,352,Iceland,2006,8006.67289,2006
9.5.2,352,Iceland,2007,7235.98628,2007
9.5.2,352,Iceland,2008,7423.61093,2008
9.5.2,352,Iceland,2009,7925.97655,2009
9.5.2,352,Iceland,2011,6981.39572,2011
9.5.2,352,Iceland,2013,5648.36011,2013
9.5.2,352,Iceland,2015,5887.90678,2015
9.5.2,352,Iceland,2017,6130.51111,2017
9.5.2,356,India,2000,109.72807,2000
9.5.2,356,India,2005,134.91257,2005
9.5.2,356,India,2010,156.21967,2010
9.5.2,356,India,2015,216.00083,2015
9.5.2,356,India,2018,252.70392,2018
9.5.2,360,Indonesia,2000,212.67641,2000
9.5.2,360,Indonesia,2001,199.23758,2001
9.5.2,360,Indonesia,2009,89.4684,2009
9.5.2,360,Indonesia,2016,178.87539,2016
9.5.2,360,Indonesia,2017,215.19041,2017
9.5.2,360,Indonesia,2018,215.99355,2018
9.5.2,364,Iran (Islamic Republic of),2006,716.40808,2006
9.5.2,364,Iran (Islamic Republic of),2008,752.46181,2008
9.5.2,364,Iran (Islamic Republic of),2009,716.57342,2009
9.5.2,364,Iran (Islamic Republic of),2010,743.10098,2010
9.5.2,364,Iran (Islamic Republic of),2012,697.06229,2012
9.5.2,364,Iran (Islamic Republic of),2013,679.38896,2013
9.5.2,364,Iran (Islamic Republic of),2015,825.2793,2015
9.5.2,364,Iran (Islamic Republic of),2017,1474.91351,2017
9.5.2,368,Iraq,2007,377.51805,2007
9.5.2,368,Iraq,2008,391.46408,2008
9.5.2,368,Iraq,2009,415.83311,2009
9.5.2,368,Iraq,2010,432.01568,2010
9.5.2,368,Iraq,2011,441.29756,2011
9.5.2,368,Iraq,2014,69.56885,2014
9.5.2,368,Iraq,2015,65.81003,2015
9.5.2,368,Iraq,2016,64.76253,2016
9.5.2,368,Iraq,2017,105.92266,2017
9.5.2,368,Iraq,2018,111.13687,2018
9.5.2,372,Ireland,2000,2251.06216,2000
9.5.2,372,Ireland,2001,2329.10707,2001
9.5.2,372,Ireland,2002,2399.18239,2002
9.5.2,372,Ireland,2003,2522.31364,2003
9.5.2,372,Ireland,2004,2713.07228,2004
9.5.2,372,Ireland,2005,2797.96572,2005
9.5.2,372,Ireland,2006,2877.11763,2006
9.5.2,372,Ireland,2007,2935.43441,2007
9.5.2,372,Ireland,2008,3284.06258,2008
9.5.2,372,Ireland,2009,3156.91625,2009
9.5.2,372,Ireland,2010,3112.64841,2010
9.5.2,372,Ireland,2011,3325.77887,2011
9.5.2,372,Ireland,2012,4853.9581,2012
9.5.2,372,Ireland,2013,5136.47506,2013
9.5.2,372,Ireland,2014,5304.47968,2014
9.5.2,372,Ireland,2015,5270.65971,2015
9.5.2,372,Ireland,2016,5178.20302,2016
9.5.2,372,Ireland,2017,5401.03558,2017
9.5.2,372,Ireland,2018,5243.12624,2018
9.5.2,380,Italy,2000,1166.12207,2000
9.5.2,380,Italy,2001,1172.77939,2001
9.5.2,380,Italy,2002,1245.87026,2002
9.5.2,380,Italy,2003,1221.79803,2003
9.5.2,380,Italy,2004,1242.69299,2004
9.5.2,380,Italy,2005,1415.36006,2005
9.5.2,380,Italy,2006,1510.51664,2006
9.5.2,380,Italy,2007,1583.03806,2007
9.5.2,380,Italy,2008,1625.30333,2008
9.5.2,380,Italy,2009,1723.02044,2009
9.5.2,380,Italy,2010,1743.3443,2010
9.5.2,380,Italy,2011,1781.38859,2011
9.5.2,380,Italy,2012,1848.62689,2012
9.5.2,380,Italy,2013,1930.68673,2013
9.5.2,380,Italy,2014,1956.36059,2014
9.5.2,380,Italy,2015,2077.88262,2015
9.5.2,380,Italy,2016,2204.07609,2016
9.5.2,380,Italy,2017,2313.65481,2017
9.5.2,380,Italy,2018,2306.76644,2018
9.5.2,384,Côte d'Ivoire,2005,69.13831,2005
9.5.2,392,Japan,2000,5078.03328,2000
9.5.2,392,Japan,2001,5113.15815,2001
9.5.2,392,Japan,2002,4871.53026,2002
9.5.2,392,Japan,2003,5094.30965,2003
9.5.2,392,Japan,2004,5099.26372,2004
9.5.2,392,Japan,2005,5303.91647,2005
9.5.2,392,Japan,2006,5333.04329,2006
9.5.2,392,Japan,2007,5325.62374,2007
9.5.2,392,Japan,2008,5108.78261,2008
9.5.2,392,Japan,2009,5099.21074,2009
9.5.2,392,Japan,2010,5103.62526,2010
9.5.2,392,Japan,2011,5110.16567,2011
9.5.2,392,Japan,2012,5032.93122,2012
9.5.2,392,Japan,2013,5147.43517,2013
9.5.2,392,Japan,2014,5328.40955,2014
9.5.2,392,Japan,2015,5173.03053,2015
9.5.2,392,Japan,2016,5209.36906,2016
9.5.2,392,Japan,2017,5304.13762,2017
9.5.2,392,Japan,2018,5331.15027,2018
9.5.2,398,Kazakhstan,2007,406.56972,2007
9.5.2,398,Kazakhstan,2008,376.49437,2008
9.5.2,398,Kazakhstan,2009,348.62542,2009
9.5.2,398,Kazakhstan,2010,370.53265,2010
9.5.2,398,Kazakhstan,2011,385.91519,2011
9.5.2,398,Kazakhstan,2012,612.18307,2012
9.5.2,398,Kazakhstan,2013,737.22035,2013
9.5.2,398,Kazakhstan,2014,798.6654,2014
9.5.2,398,Kazakhstan,2015,777.14475,2015
9.5.2,398,Kazakhstan,2016,693.6834,2016
9.5.2,398,Kazakhstan,2017,666.14974,2017
9.5.2,398,Kazakhstan,2018,666.9353,2018
9.5.2,400,Jordan,2015,252.41257,2015
9.5.2,400,Jordan,2016,592.40429,2016
9.5.2,400,Jordan,2017,595.96296,2017
9.5.2,404,Kenya,2007,54.39476,2007
9.5.2,404,Kenya,2010,221.38592,2010
9.5.2,410,Republic of Korea,2000,2287.28865,2000
9.5.2,410,Republic of Korea,2001,2857.84513,2001
9.5.2,410,Republic of Korea,2002,2956.63207,2002
9.5.2,410,Republic of Korea,2003,3134.09011,2003
9.5.2,410,Republic of Korea,2004,3221.46022,2004
9.5.2,410,Republic of Korea,2005,3692.16563,2005
9.5.2,410,Republic of Korea,2006,4091.41112,2006
9.5.2,410,Republic of Korea,2007,4525.93231,2007
9.5.2,410,Republic of Korea,2008,4801.24195,2008
9.5.2,410,Republic of Korea,2009,4946.08574,2009
9.5.2,410,Republic of Korea,2010,5330.8012,2010
9.5.2,410,Republic of Korea,2011,5802.83693,2011
9.5.2,410,Republic of Korea,2012,6304.13833,2012
9.5.2,410,Republic of Korea,2013,6392.6361,2013
9.5.2,410,Republic of Korea,2014,6826.27375,2014
9.5.2,410,Republic of Korea,2015,7013.4907,2015
9.5.2,410,Republic of Korea,2016,7086.44637,2016
9.5.2,410,Republic of Korea,2017,7497.59608,2017
9.5.2,410,Republic of Korea,2018,7980.39565,2018
9.5.2,414,Kuwait,2000,158.42568,2000
9.5.2,414,Kuwait,2001,159.75033,2001
9.5.2,414,Kuwait,2002,161.90945,2002
9.5.2,414,Kuwait,2003,165.61607,2003
9.5.2,414,Kuwait,2004,169.50755,2004
9.5.2,414,Kuwait,2005,169.14824,2005
9.5.2,414,Kuwait,2006,165.14497,2006
9.5.2,414,Kuwait,2007,188.49697,2007
9.5.2,414,Kuwait,2008,151.73141,2008
9.5.2,414,Kuwait,2009,142.50039,2009
9.5.2,414,Kuwait,2010,136.03469,2010
9.5.2,414,Kuwait,2011,129.73239,2011
9.5.2,414,Kuwait,2012,131.08966,2012
9.5.2,414,Kuwait,2014,620.16705,2014
9.5.2,414,Kuwait,2015,395.76691,2015
9.5.2,414,Kuwait,2016,478.15511,2016
9.5.2,414,Kuwait,2017,501.56567,2017
9.5.2,414,Kuwait,2018,513.86021,2018
9.5.2,418,Lao People's Democratic Republic,2002,15.83763,2002
9.5.2,426,Lesotho,2002,5.91183,2002
9.5.2,426,Lesotho,2003,7.43182,2003
9.5.2,426,Lesotho,2004,9.97039,2004
9.5.2,426,Lesotho,2009,23.01356,2009
9.5.2,426,Lesotho,2011,5.93875,2011
9.5.2,426,Lesotho,2015,24.1134,2015
9.5.2,428,Latvia,2000,1599.72217,2000
9.5.2,428,Latvia,2001,1482.60075,2001
9.5.2,428,Latvia,2002,1479.50937,2002
9.5.2,428,Latvia,2003,1389.07682,2003
9.5.2,428,Latvia,2004,1458.58501,2004
9.5.2,428,Latvia,2005,1457.37576,2005
9.5.2,428,Latvia,2006,1768.48687,2006
9.5.2,428,Latvia,2007,1891.18821,2007
9.5.2,428,Latvia,2008,2012.65717,2008
9.5.2,428,Latvia,2009,1688.28111,2009
9.5.2,428,Latvia,2010,1838.72373,2010
9.5.2,428,Latvia,2011,1885.26039,2011
9.5.2,428,Latvia,2012,1886.88729,2012
9.5.2,428,Latvia,2013,1772.65341,2013
9.5.2,428,Latvia,2014,1854.32652,2014
9.5.2,428,Latvia,2015,1808.60341,2015
9.5.2,428,Latvia,2016,1596.54272,2016
9.5.2,428,Latvia,2017,1784.63705,2017
9.5.2,428,Latvia,2018,1792.10447,2018
9.5.2,440,Lithuania,2000,2220.83311,2000
9.5.2,440,Lithuania,2001,2324.66084,2001
9.5.2,440,Lithuania,2002,1836.41081,2002
9.5.2,440,Lithuania,2003,1934.76679,2003
9.5.2,440,Lithuania,2004,2175.60337,2004
9.5.2,440,Lithuania,2005,2283.60885,2005
9.5.2,440,Lithuania,2006,2415.74046,2006
9.5.2,440,Lithuania,2007,2598.05215,2007
9.5.2,440,Lithuania,2008,2624.76014,2008
9.5.2,440,Lithuania,2009,2680.54615,2009
9.5.2,440,Lithuania,2010,2752.72295,2010
9.5.2,440,Lithuania,2011,2721.0196,2011
9.5.2,440,Lithuania,2012,2634.32583,2012
9.5.2,440,Lithuania,2013,2843.86431,2013
9.5.2,440,Lithuania,2014,3054.01621,2014
9.5.2,440,Lithuania,2015,2785.58468,2015
9.5.2,440,Lithuania,2016,2950.27923,2016
9.5.2,440,Lithuania,2017,3071.96071,2017
9.5.2,440,Lithuania,2018,3190.70248,2018
9.5.2,442,Luxembourg,2000,3773.4205,2000
9.5.2,442,Luxembourg,2003,4357.04034,2003
9.5.2,442,Luxembourg,2004,4494.72023,2004
9.5.2,442,Luxembourg,2005,4864.12343,2005
9.5.2,442,Luxembourg,2006,4411.84682,2006
9.5.2,442,Luxembourg,2007,4633.67129,2007
9.5.2,442,Luxembourg,2008,4712.76563,2008
9.5.2,442,Luxembourg,2009,4826.32364,2009
9.5.2,442,Luxembourg,2010,5144.98247,2010
9.5.2,442,Luxembourg,2011,5451.36114,2011
9.5.2,442,Luxembourg,2012,4352.17017,2012
9.5.2,442,Luxembourg,2013,4614.21778,2013
9.5.2,442,Luxembourg,2014,4741.07149,2014
9.5.2,442,Luxembourg,2015,4480.00056,2015
9.5.2,442,Luxembourg,2016,4667.99249,2016
9.5.2,442,Luxembourg,2017,4960.21355,2017
9.5.2,442,Luxembourg,2018,4941.70411,2018
9.5.2,446,"China, Macao Special Administrative Region",2001,260.99585,2001
9.5.2,446,"China, Macao Special Administrative Region",2002,233.94627,2002
9.5.2,446,"China, Macao Special Administrative Region",2003,319.23332,2003
9.5.2,446,"China, Macao Special Administrative Region",2004,518.23909,2004
9.5.2,446,"China, Macao Special Administrative Region",2005,616.12317,2005
9.5.2,446,"China, Macao Special Administrative Region",2006,556.09671,2006
9.5.2,446,"China, Macao Special Administrative Region",2007,387.90036,2007
9.5.2,446,"China, Macao Special Administrative Region",2008,388.55754,2008
9.5.2,446,"China, Macao Special Administrative Region",2009,569.71884,2009
9.5.2,446,"China, Macao Special Administrative Region",2010,649.847,2010
9.5.2,446,"China, Macao Special Administrative Region",2011,610.53098,2011
9.5.2,446,"China, Macao Special Administrative Region",2012,736.65119,2012
9.5.2,446,"China, Macao Special Administrative Region",2013,913.27602,2013
9.5.2,446,"China, Macao Special Administrative Region",2014,1031.46687,2014
9.5.2,446,"China, Macao Special Administrative Region",2015,1276.89058,2015
9.5.2,446,"China, Macao Special Administrative Region",2016,2648.29416,2016
9.5.2,446,"China, Macao Special Administrative Region",2017,3227.40402,2017
9.5.2,446,"China, Macao Special Administrative Region",2018,3543.20632,2018
9.5.2,450,Madagascar,2000,15.22185,2000
9.5.2,450,Madagascar,2001,50.55061,2001
9.5.2,450,Madagascar,2002,47.00236,2002
9.5.2,450,Madagascar,2003,47.10882,2003
9.5.2,450,Madagascar,2004,47.63243,2004
9.5.2,450,Madagascar,2005,47.93659,2005
9.5.2,450,Madagascar,2006,47.61585,2006
9.5.2,450,Madagascar,2007,48.21564,2007
9.5.2,450,Madagascar,2008,46.5082,2008
9.5.2,450,Madagascar,2009,45.21341,2009
9.5.2,450,Madagascar,2010,51.95815,2010
9.5.2,450,Madagascar,2011,50.86468,2011
9.5.2,450,Madagascar,2016,24.70438,2016
9.5.2,450,Madagascar,2017,30.62121,2017
9.5.2,450,Madagascar,2018,34.04118,2018
9.5.2,454,Malawi,2007,30.40818,2007
9.5.2,454,Malawi,2010,50.3521,2010
9.5.2,458,Malaysia,2000,276.90906,2000
9.5.2,458,Malaysia,2002,295.66195,2002
9.5.2,458,Malaysia,2004,502.9445,2004
9.5.2,458,Malaysia,2006,369.98376,2006
9.5.2,458,Malaysia,2008,600.10745,2008
9.5.2,458,Malaysia,2009,1067.53695,2009
9.5.2,458,Malaysia,2010,1462.46876,2010
9.5.2,458,Malaysia,2011,1648.88372,2011
9.5.2,458,Malaysia,2012,1790.69463,2012
9.5.2,458,Malaysia,2014,2054.16733,2014
9.5.2,458,Malaysia,2015,2307.9544,2015
9.5.2,458,Malaysia,2016,2396.53998,2016
9.5.2,458,Malaysia,2018,2184.7224,2018
9.5.2,466,Mali,2006,38.85369,2006
9.5.2,466,Mali,2010,29.40326,2010
9.5.2,466,Mali,2015,30.84218,2015
9.5.2,466,Mali,2017,32.86062,2017
9.5.2,470,Malta,2002,682.18641,2002
9.5.2,470,Malta,2003,688.5214,2003
9.5.2,470,Malta,2004,1082.37736,2004
9.5.2,470,Malta,2005,1183.73026,2005
9.5.2,470,Malta,2006,1282.21535,2006
9.5.2,470,Malta,2007,1206.31994,2007
9.5.2,470,Malta,2008,1321.15236,2008
9.5.2,470,Malta,2009,1200.33434,2009
9.5.2,470,Malta,2010,1417.00845,2010
9.5.2,470,Malta,2011,1785.91093,2011
9.5.2,470,Malta,2012,1986.68118,2012
9.5.2,470,Malta,2013,1886.6552,2013
9.5.2,470,Malta,2014,1831.71896,2014
9.5.2,470,Malta,2015,1891.32275,2015
9.5.2,470,Malta,2016,2054.58877,2016
9.5.2,470,Malta,2017,2130.46288,2017
9.5.2,470,Malta,2018,1946.50858,2018
9.5.2,480,Mauritius,2012,181.81267,2012
9.5.2,480,Mauritius,2018,473.85267,2018
9.5.2,484,Mexico,2000,224.75263,2000
9.5.2,484,Mexico,2001,233.20776,2001
9.5.2,484,Mexico,2002,306.16191,2002
9.5.2,484,Mexico,2003,325.54975,2003
9.5.2,484,Mexico,2004,380.07966,2004
9.5.2,484,Mexico,2005,414.33815,2005
9.5.2,484,Mexico,2006,337.15088,2006
9.5.2,484,Mexico,2007,347.43818,2007
9.5.2,484,Mexico,2008,339.65449,2008
9.5.2,484,Mexico,2009,382.10138,2009
9.5.2,484,Mexico,2010,337.41655,2010
9.5.2,484,Mexico,2011,344.22852,2011
9.5.2,484,Mexico,2012,248.08539,2012
9.5.2,484,Mexico,2013,251.79954,2013
9.5.2,484,Mexico,2014,260.18938,2014
9.5.2,484,Mexico,2015,281.32423,2015
9.5.2,484,Mexico,2016,315.2625,2016
9.5.2,492,Monaco,2004,268.65672,2004
9.5.2,492,Monaco,2005,295.48208,2005
9.5.2,498,Republic of Moldova,2003,758.71083,2003
9.5.2,498,Republic of Moldova,2004,756.85278,2004
9.5.2,498,Republic of Moldova,2005,719.51143,2005
9.5.2,498,Republic of Moldova,2006,700.06227,2006
9.5.2,498,Republic of Moldova,2007,725.50111,2007
9.5.2,498,Republic of Moldova,2008,822.14159,2008
9.5.2,498,Republic of Moldova,2009,802.81842,2009
9.5.2,498,Republic of Moldova,2010,760.86315,2010
9.5.2,498,Republic of Moldova,2011,777.34742,2011
9.5.2,498,Republic of Moldova,2012,768.64793,2012
9.5.2,498,Republic of Moldova,2013,737.28776,2013
9.5.2,498,Republic of Moldova,2014,746.80204,2014
9.5.2,498,Republic of Moldova,2015,758.22053,2015
9.5.2,498,Republic of Moldova,2016,725.74132,2016
9.5.2,498,Republic of Moldova,2017,723.88211,2017
9.5.2,498,Republic of Moldova,2018,696.07769,2018
9.5.2,499,Montenegro,2011,649.79929,2011
9.5.2,499,Montenegro,2013,645.01193,2013
9.5.2,499,Montenegro,2014,671.83174,2014
9.5.2,499,Montenegro,2015,834.61997,2015
9.5.2,499,Montenegro,2016,715.80706,2016
9.5.2,499,Montenegro,2017,702.71829,2017
9.5.2,499,Montenegro,2018,734.29976,2018
9.5.2,504,Morocco,2006,648.34298,2006
9.5.2,504,Morocco,2007,640.61768,2007
9.5.2,504,Morocco,2008,656.47094,2008
9.5.2,504,Morocco,2010,719.77615,2010
9.5.2,504,Morocco,2011,845.40676,2011
9.5.2,504,Morocco,2012,850.27811,2012
9.5.2,504,Morocco,2014,1024.35348,2014
9.5.2,504,Morocco,2016,1073.54029,2016
9.5.2,508,Mozambique,2006,15.98663,2006
9.5.2,508,Mozambique,2008,19.92225,2008
9.5.2,508,Mozambique,2009,11.90581,2009
9.5.2,508,Mozambique,2010,38.77089,2010
9.5.2,508,Mozambique,2015,42.96538,2015
9.5.2,512,Oman,2011,148.75852,2011
9.5.2,512,Oman,2012,172.55775,2012
9.5.2,512,Oman,2013,132.07693,2013
9.5.2,512,Oman,2014,177.91253,2014
9.5.2,512,Oman,2015,212.53692,2015
9.5.2,512,Oman,2016,239.80297,2016
9.5.2,512,Oman,2017,242.41051,2017
9.5.2,512,Oman,2018,281.16111,2018
9.5.2,516,Namibia,2014,149.46625,2014
9.5.2,524,Nepal,2002,60.6658,2002
9.5.2,528,Netherlands,2000,2649.3471,2000
9.5.2,528,Netherlands,2001,2846.71466,2001
9.5.2,528,Netherlands,2002,2723.40367,2002
9.5.2,528,Netherlands,2003,2703.85362,2003
9.5.2,528,Netherlands,2004,2971.78481,2004
9.5.2,528,Netherlands,2005,2923.78188,2005
9.5.2,528,Netherlands,2006,3232.94929,2006
9.5.2,528,Netherlands,2007,3093.11608,2007
9.5.2,528,Netherlands,2008,3061.72631,2008
9.5.2,528,Netherlands,2009,2824.3081,2009
9.5.2,528,Netherlands,2010,3219.04137,2010
9.5.2,528,Netherlands,2011,3664.36592,2011
9.5.2,528,Netherlands,2012,4361.35075,2012
9.5.2,528,Netherlands,2013,4551.93071,2013
9.5.2,528,Netherlands,2014,4512.59862,2014
9.5.2,528,Netherlands,2015,4673.08231,2015
9.5.2,528,Netherlands,2016,4776.84417,2016
9.5.2,528,Netherlands,2017,4887.21604,2017
9.5.2,528,Netherlands,2018,5604.5408,2018
9.5.2,554,New Zealand,2001,2642.95729,2001
9.5.2,554,New Zealand,2003,3073.79113,2003
9.5.2,554,New Zealand,2005,3140.23826,2005
9.5.2,554,New Zealand,2007,3449.053,2007
9.5.2,554,New Zealand,2009,3723.97525,2009
9.5.2,554,New Zealand,2011,3688.88613,2011
9.5.2,554,New Zealand,2013,3961.47849,2013
9.5.2,554,New Zealand,2015,5417.66749,2015
9.5.2,554,New Zealand,2017,5529.5219,2017
9.5.2,562,Niger,2001,9.27552,2001
9.5.2,562,Niger,2002,8.5316,2002
9.5.2,562,Niger,2003,7.9064,2003
9.5.2,562,Niger,2004,8.07563,2004
9.5.2,562,Niger,2005,7.41313,2005
9.5.2,562,Niger,2013,26.46415,2013
9.5.2,566,Nigeria,2007,38.78981,2007
9.5.2,578,Norway,2001,4352.06035,2001
9.5.2,578,Norway,2003,4495.91322,2003
9.5.2,578,Norway,2004,4493.54902,2004
9.5.2,578,Norway,2005,4576.56177,2005
9.5.2,578,Norway,2006,4831.9343,2006
9.5.2,578,Norway,2007,5159.67913,2007
9.5.2,578,Norway,2008,5361.11887,2008
9.5.2,578,Norway,2009,5443.09661,2009
9.5.2,578,Norway,2010,5413.76596,2010
9.5.2,578,Norway,2011,5502.46245,2011
9.5.2,578,Norway,2012,5552.97485,2012
9.5.2,578,Norway,2013,5573.82633,2013
9.5.2,578,Norway,2014,5685.62686,2014
9.5.2,578,Norway,2015,5890.95502,2015
9.5.2,578,Norway,2016,6077.56807,2016
9.5.2,578,Norway,2017,6350.06229,2017
9.5.2,578,Norway,2018,6466.70021,2018
9.5.2,586,Pakistan,2005,79.15585,2005
9.5.2,586,Pakistan,2007,156.95309,2007
9.5.2,586,Pakistan,2009,157.25341,2009
9.5.2,586,Pakistan,2011,143.02921,2011
9.5.2,586,Pakistan,2013,158.12963,2013
9.5.2,586,Pakistan,2015,278.85397,2015
9.5.2,586,Pakistan,2017,335.58065,2017
9.5.2,591,Panama,2000,94.37922,2000
9.5.2,591,Panama,2001,89.33056,2001
9.5.2,591,Panama,2002,94.31003,2002
9.5.2,591,Panama,2003,94.73214,2003
9.5.2,591,Panama,2004,84.72617,2004
9.5.2,591,Panama,2005,103.29657,2005
9.5.2,591,Panama,2006,104.96317,2006
9.5.2,591,Panama,2007,165.62068,2007
9.5.2,591,Panama,2008,131.67609,2008
9.5.2,591,Panama,2009,110.08,2009
9.5.2,591,Panama,2011,118.17132,2011
9.5.2,591,Panama,2012,37.65953,2012
9.5.2,591,Panama,2013,39.10899,2013
9.5.2,598,Papua New Guinea,2016,35.48821,2016
9.5.2,600,Paraguay,2001,88.58892,2001
9.5.2,600,Paraguay,2002,82.2493,2002
9.5.2,600,Paraguay,2003,81.37784,2003
9.5.2,600,Paraguay,2004,86.39661,2004
9.5.2,600,Paraguay,2005,71.97684,2005
9.5.2,600,Paraguay,2008,76.6284,2008
9.5.2,600,Paraguay,2011,50.04755,2011
9.5.2,600,Paraguay,2012,168.34039,2012
9.5.2,600,Paraguay,2014,152.2079,2014
9.5.2,600,Paraguay,2015,182.69493,2015
9.5.2,600,Paraguay,2016,121.1058,2016
9.5.2,600,Paraguay,2017,135.13787,2017
9.5.2,600,Paraguay,2018,139.73415,2018
9.5.2,608,Philippines,2002,53.7453,2002
9.5.2,608,Philippines,2003,70.55823,2003
9.5.2,608,Philippines,2005,79.883,2005
9.5.2,608,Philippines,2007,77.81402,2007
9.5.2,608,Philippines,2009,81.21262,2009
9.5.2,608,Philippines,2011,84.10554,2011
9.5.2,608,Philippines,2013,186.91776,2013
9.5.2,608,Philippines,2015,105.68078,2015
9.5.2,616,Poland,2000,1430.98372,2000
9.5.2,616,Poland,2001,1457.2699,2001
9.5.2,616,Poland,2002,1473.81123,2002
9.5.2,616,Poland,2003,1524.25129,2003
9.5.2,616,Poland,2004,1587.1016,2004
9.5.2,616,Poland,2005,1620.11735,2005
9.5.2,616,Poland,2006,1553.21482,2006
9.5.2,616,Poland,2007,1600.78114,2007
9.5.2,616,Poland,2008,1611.32374,2008
9.5.2,616,Poland,2009,1593.27112,2009
9.5.2,616,Poland,2010,1683.05423,2010
9.5.2,616,Poland,2011,1675.06159,2011
9.5.2,616,Poland,2012,1752.7068,2012
9.5.2,616,Poland,2013,1873.05999,2013
9.5.2,616,Poland,2014,2064.04968,2014
9.5.2,616,Poland,2015,2171.57881,2015
9.5.2,616,Poland,2016,2320.78995,2016
9.5.2,616,Poland,2017,3019.1146,2017
9.5.2,616,Poland,2018,3106.1196,2018
9.5.2,620,Portugal,2000,1625.53423,2000
9.5.2,620,Portugal,2001,1713.98674,2001
9.5.2,620,Portugal,2002,1827.80491,2002
9.5.2,620,Portugal,2003,1940.82004,2003
9.5.2,620,Portugal,2004,1975.38736,2004
9.5.2,620,Portugal,2005,2010.3974,2005
9.5.2,620,Portugal,2006,2338.18339,2006
9.5.2,620,Portugal,2007,2664.85462,2007
9.5.2,620,Portugal,2008,3813.75701,2008
9.5.2,620,Portugal,2009,3756.501,2009
9.5.2,620,Portugal,2010,3918.75913,2010
9.5.2,620,Portugal,2011,4168.2672,2011
9.5.2,620,Portugal,2012,4037.33199,2012
9.5.2,620,Portugal,2013,3610.55354,2013
9.5.2,620,Portugal,2014,3662.37537,2014
9.5.2,620,Portugal,2015,3729.77304,2015
9.5.2,620,Portugal,2016,4004.57642,2016
9.5.2,620,Portugal,2017,4367.73282,2017
9.5.2,620,Portugal,2018,4537.53162,2018
9.5.2,630,Puerto Rico,2013,273.98371,2013
9.5.2,630,Puerto Rico,2015,348.36426,2015
9.5.2,634,Qatar,2012,548.00091,2012
9.5.2,634,Qatar,2015,583.9826,2015
9.5.2,634,Qatar,2018,577.34853,2018
9.5.2,642,Romania,2000,924.94974,2000
9.5.2,642,Romania,2001,897.07063,2001
9.5.2,642,Romania,2002,928.282,2002
9.5.2,642,Romania,2003,965.22132,2003
9.5.2,642,Romania,2004,985.12899,2004
9.5.2,642,Romania,2005,1071.93762,2005
9.5.2,642,Romania,2006,895.76749,2006
9.5.2,642,Romania,2007,894.16331,2007
9.5.2,642,Romania,2008,931.08256,2008
9.5.2,642,Romania,2009,933.76337,2009
9.5.2,642,Romania,2010,966.20415,2010
9.5.2,642,Romania,2011,790.68805,2011
9.5.2,642,Romania,2012,890.67001,2012
9.5.2,642,Romania,2013,922.67455,2013
9.5.2,642,Romania,2014,903.82628,2014
9.5.2,642,Romania,2015,876.22819,2015
9.5.2,642,Romania,2016,911.58518,2016
9.5.2,642,Romania,2017,891.32124,2017
9.5.2,642,Romania,2018,882.44127,2018
9.5.2,643,Russian Federation,2000,3459.03716,2000
9.5.2,643,Russian Federation,2001,3468.25413,2001
9.5.2,643,Russian Federation,2002,3387.67778,2002
9.5.2,643,Russian Federation,2003,3370.95655,2003
9.5.2,643,Russian Federation,2004,3315.13651,2004
9.5.2,643,Russian Federation,2005,3233.59197,2005
9.5.2,643,Russian Federation,2006,3238.12034,2006
9.5.2,643,Russian Federation,2007,3274.15651,2007
9.5.2,643,Russian Federation,2008,3149.85615,2008
9.5.2,643,Russian Federation,2009,3085.69403,2009
9.5.2,643,Russian Federation,2010,3081.07915,2010
9.5.2,643,Russian Federation,2011,3114.61084,2011
9.5.2,643,Russian Federation,2012,3078.38752,2012
9.5.2,643,Russian Federation,2013,3052.69101,2013
9.5.2,643,Russian Federation,2014,3075.14249,2014
9.5.2,643,Russian Federation,2015,3098.11238,2015
9.5.2,643,Russian Federation,2016,2952.21387,2016
9.5.2,643,Russian Federation,2017,2821.52662,2017
9.5.2,643,Russian Federation,2018,2784.33237,2018
9.5.2,646,Rwanda,2008,10.89817,2008
9.5.2,646,Rwanda,2009,12.59357,2009
9.5.2,646,Rwanda,2013,15.5482,2013
9.5.2,646,Rwanda,2016,13.86086,2016
9.5.2,654,Saint Helena,2000,330.63316,2000
9.5.2,686,Senegal,2006,264.53427,2006
9.5.2,686,Senegal,2007,280.3951,2007
9.5.2,686,Senegal,2008,377.09394,2008
9.5.2,686,Senegal,2010,369.06021,2010
9.5.2,686,Senegal,2015,564.33948,2015
9.5.2,688,Serbia,2007,1195.5864,2007
9.5.2,688,Serbia,2008,1360.36615,2008
9.5.2,688,Serbia,2009,1429.36933,2009
9.5.2,688,Serbia,2010,1514.84186,2010
9.5.2,688,Serbia,2011,1624.00859,2011
9.5.2,688,Serbia,2012,1643.3742,2012
9.5.2,688,Serbia,2013,1726.97302,2013
9.5.2,688,Serbia,2014,1830.99247,2014
9.5.2,688,Serbia,2015,2071.21672,2015
9.5.2,688,Serbia,2016,2132.77271,2016
9.5.2,688,Serbia,2017,2079.19966,2017
9.5.2,688,Serbia,2018,2087.21892,2018
9.5.2,690,Seychelles,2005,146.64741,2005
9.5.2,702,Singapore,2000,4128.40471,2000
9.5.2,702,Singapore,2001,4105.91725,2001
9.5.2,702,Singapore,2002,4414.80999,2002
9.5.2,702,Singapore,2003,4849.29981,2003
9.5.2,702,Singapore,2004,5113.2705,2004
9.5.2,702,Singapore,2005,5576.90004,2005
9.5.2,702,Singapore,2006,5686.40114,2006
9.5.2,702,Singapore,2007,5962.788,2007
9.5.2,702,Singapore,2008,5829.34308,2008
9.5.2,702,Singapore,2009,6146.38263,2009
9.5.2,702,Singapore,2010,6241.86151,2010
9.5.2,702,Singapore,2011,6405.06828,2011
9.5.2,702,Singapore,2012,6356.67186,2012
9.5.2,702,Singapore,2013,6603.11177,2013
9.5.2,702,Singapore,2014,6632.24348,2014
9.5.2,702,Singapore,2015,7006.63036,2015
9.5.2,702,Singapore,2016,6934.91054,2016
9.5.2,702,Singapore,2017,6802.53716,2017
9.5.2,703,Slovakia,2000,1843.78792,2000
9.5.2,703,Slovakia,2001,1775.00263,2001
9.5.2,703,Slovakia,2002,1700.14677,2002
9.5.2,703,Slovakia,2003,1782.83258,2003
9.5.2,703,Slovakia,2004,1985.00569,2004
9.5.2,703,Slovakia,2005,2022.72177,2005
9.5.2,703,Slovakia,2006,2181.25825,2006
9.5.2,703,Slovakia,2007,2288.36911,2007
9.5.2,703,Slovakia,2008,2331.25303,2008
9.5.2,703,Slovakia,2009,2460.58573,2009
9.5.2,703,Slovakia,2010,2809.39564,2010
9.5.2,703,Slovakia,2011,2833.44029,2011
9.5.2,703,Slovakia,2012,2820.16861,2012
9.5.2,703,Slovakia,2013,2716.36795,2013
9.5.2,703,Slovakia,2014,2715.55258,2014
9.5.2,703,Slovakia,2015,2650.20804,2015
9.5.2,703,Slovakia,2016,2253.26171,2016
9.5.2,703,Slovakia,2017,2416.22368,2017
9.5.2,703,Slovakia,2018,2995.95783,2018
9.5.2,704,Viet Nam,2002,114.40569,2002
9.5.2,704,Viet Nam,2013,679.46269,2013
9.5.2,704,Viet Nam,2015,678.56047,2015
9.5.2,704,Viet Nam,2017,707.74357,2017
9.5.2,705,Slovenia,2000,2181.39705,2000
9.5.2,705,Slovenia,2001,2263.18906,2001
9.5.2,705,Slovenia,2002,2335.87132,2002
9.5.2,705,Slovenia,2003,1899.02518,2003
9.5.2,705,Slovenia,2004,2024.89973,2004
9.5.2,705,Slovenia,2005,2633.11438,2005
9.5.2,705,Slovenia,2006,2924.94619,2006
9.5.2,705,Slovenia,2007,3106.17966,2007
9.5.2,705,Slovenia,2008,3475.93636,2008
9.5.2,705,Slovenia,2009,3661.11975,2009
9.5.2,705,Slovenia,2010,3769.81379,2010
9.5.2,705,Slovenia,2011,4277.31468,2011
9.5.2,705,Slovenia,2012,4317.18374,2012
9.5.2,705,Slovenia,2013,4220.32756,2013
9.5.2,705,Slovenia,2014,4147.06155,2014
9.5.2,705,Slovenia,2015,3814.21582,2015
9.5.2,705,Slovenia,2016,3914.26133,2016
9.5.2,705,Slovenia,2017,4479.40035,2017
9.5.2,705,Slovenia,2018,4854.56751,2018
9.5.2,710,South Africa,2001,311.20482,2001
9.5.2,710,South Africa,2003,302.46454,2003
9.5.2,710,South Africa,2004,378.80948,2004
9.5.2,710,South Africa,2005,361.3785,2005
9.5.2,710,South Africa,2006,383.02655,2006
9.5.2,710,South Africa,2007,393.33011,2007
9.5.2,710,South Africa,2008,389.4041,2008
9.5.2,710,South Africa,2009,392.12037,2009
9.5.2,710,South Africa,2010,365.49511,2010
9.5.2,710,South Africa,2011,386.80015,2011
9.5.2,710,South Africa,2012,404.71937,2012
9.5.2,710,South Africa,2013,434.85308,2013
9.5.2,710,South Africa,2014,432.16155,2014
9.5.2,710,South Africa,2015,472.30756,2015
9.5.2,710,South Africa,2016,492.03626,2016
9.5.2,710,South Africa,2017,517.72191,2017
9.5.2,716,Zimbabwe,2012,99.5185,2012
9.5.2,724,Spain,2000,1878.01989,2000
9.5.2,724,Spain,2001,1938.08593,2001
9.5.2,724,Spain,2002,1987.56262,2002
9.5.2,724,Spain,2003,2172.07522,2003
9.5.2,724,Spain,2004,2331.98475,2004
9.5.2,724,Spain,2005,2492.55988,2005
9.5.2,724,Spain,2006,2588.91382,2006
9.5.2,724,Spain,2007,2699.24266,2007
9.5.2,724,Spain,2008,2843.27503,2008
9.5.2,724,Spain,2009,2872.33062,2009
9.5.2,724,Spain,2010,2869.16871,2010
9.5.2,724,Spain,2011,2765.99771,2011
9.5.2,724,Spain,2012,2693.77956,2012
9.5.2,724,Spain,2013,2625.68144,2013
9.5.2,724,Spain,2014,2613.09979,2014
9.5.2,724,Spain,2015,2623.35435,2015
9.5.2,724,Spain,2016,2715.46526,2016
9.5.2,724,Spain,2017,2855.74562,2017
9.5.2,724,Spain,2018,3000.8872,2018
9.5.2,748,Eswatini,2015,142.34351,2015
9.5.2,752,Sweden,2001,5169.30131,2001
9.5.2,752,Sweden,2003,5383.04692,2003
9.5.2,752,Sweden,2004,5426.07913,2004
9.5.2,752,Sweden,2005,6085.10832,2005
9.5.2,752,Sweden,2006,6126.64788,2006
9.5.2,752,Sweden,2007,4999.70588,2007
9.5.2,752,Sweden,2008,5437.16684,2008
9.5.2,752,Sweden,2009,5079.7335,2009
9.5.2,752,Sweden,2010,5251.45024,2010
9.5.2,752,Sweden,2011,5144.55392,2011
9.5.2,752,Sweden,2012,5164.09629,2012
9.5.2,752,Sweden,2013,6674.34947,2013
9.5.2,752,Sweden,2014,6875.99043,2014
9.5.2,752,Sweden,2015,6834.03397,2015
9.5.2,752,Sweden,2016,7154.52927,2016
9.5.2,752,Sweden,2017,7383.41927,2017
9.5.2,752,Sweden,2018,7536.47495,2018
9.5.2,756,Switzerland,2000,3654.23759,2000
9.5.2,756,Switzerland,2004,3468.17479,2004
9.5.2,756,Switzerland,2008,3298.21466,2008
9.5.2,756,Switzerland,2012,4468.64965,2012
9.5.2,756,Switzerland,2015,5271.86792,2015
9.5.2,756,Switzerland,2017,5450.4318,2017
9.5.2,760,Syrian Arab Republic,2015,90.95754,2015
9.5.2,764,Thailand,2001,278.72559,2001
9.5.2,764,Thailand,2003,280.62026,2003
9.5.2,764,Thailand,2005,313.4698,2005
9.5.2,764,Thailand,2007,323.22955,2007
9.5.2,764,Thailand,2009,329.01211,2009
9.5.2,764,Thailand,2011,538.51997,2011
9.5.2,764,Thailand,2013,790.89267,2013
9.5.2,764,Thailand,2014,963.8546,2014
9.5.2,764,Thailand,2015,864.67908,2015
9.5.2,764,Thailand,2016,1208.45903,2016
9.5.2,764,Thailand,2017,1350.34325,2017
9.5.2,768,Togo,2003,26.63846,2003
9.5.2,768,Togo,2004,25.05594,2004
9.5.2,768,Togo,2005,33.14539,2005
9.5.2,768,Togo,2006,23.59931,2006
9.5.2,768,Togo,2007,36.48427,2007
9.5.2,768,Togo,2010,34.30567,2010
9.5.2,768,Togo,2011,34.45603,2011
9.5.2,768,Togo,2012,35.78489,2012
9.5.2,768,Togo,2014,38.04847,2014
9.5.2,768,Togo,2015,36.13195,2015
9.5.2,768,Togo,2016,32.17731,2016
9.5.2,768,Togo,2017,38.75703,2017
9.5.2,768,Togo,2018,48.05369,2018
9.5.2,780,Trinidad and Tobago,2017,517.31899,2017
9.5.2,780,Trinidad and Tobago,2018,566.97051,2018
9.5.2,784,United Arab Emirates,2015,1980.47815,2015
9.5.2,784,United Arab Emirates,2016,2383.08382,2016
9.5.2,784,United Arab Emirates,2018,2378.88895,2018
9.5.2,788,Tunisia,2007,1087.85037,2007
9.5.2,788,Tunisia,2008,1217.44506,2008
9.5.2,788,Tunisia,2009,1490.54305,2009
9.5.2,788,Tunisia,2010,1384.73551,2010
9.5.2,788,Tunisia,2011,1431.40679,2011
9.5.2,788,Tunisia,2012,1627.91525,2012
9.5.2,788,Tunisia,2013,1801.15843,2013
9.5.2,788,Tunisia,2014,1814.12233,2014
9.5.2,788,Tunisia,2015,1799.02431,2015
9.5.2,788,Tunisia,2016,1982.22833,2016
9.5.2,788,Tunisia,2018,1771.60777,2018
9.5.2,792,Turkey,2000,365.00521,2000
9.5.2,792,Turkey,2001,353.65644,2001
9.5.2,792,Turkey,2002,368.33011,2002
9.5.2,792,Turkey,2003,494.17908,2003
9.5.2,792,Turkey,2004,505.53768,2004
9.5.2,792,Turkey,2005,576.39149,2005
9.5.2,792,Turkey,2006,620.49825,2006
9.5.2,792,Turkey,2007,713.80484,2007
9.5.2,792,Turkey,2008,749.95603,2008
9.5.2,792,Turkey,2009,809.83496,2009
9.5.2,792,Turkey,2010,889.58445,2010
9.5.2,792,Turkey,2011,981.82744,2011
9.5.2,792,Turkey,2012,1100.08415,2012
9.5.2,792,Turkey,2013,1173.18826,2013
9.5.2,792,Turkey,2014,1160.92355,2014
9.5.2,792,Turkey,2015,1211.78504,2015
9.5.2,792,Turkey,2016,1254.67457,2016
9.5.2,792,Turkey,2017,1379.41194,2017
9.5.2,800,Uganda,2010,38.93837,2010
9.5.2,800,Uganda,2014,27.84496,2014
9.5.2,804,Ukraine,2006,1475.39462,2006
9.5.2,804,Ukraine,2007,1455.6353,2007
9.5.2,804,Ukraine,2008,1428.28728,2008
9.5.2,804,Ukraine,2009,1345.59351,2009
9.5.2,804,Ukraine,2010,1327.99136,2010
9.5.2,804,Ukraine,2011,1257.92846,2011
9.5.2,804,Ukraine,2012,1231.02563,2012
9.5.2,804,Ukraine,2013,1162.04915,2013
9.5.2,804,Ukraine,2014,1023.92665,2014
9.5.2,804,Ukraine,2015,1005.99722,2015
9.5.2,804,Ukraine,2016,1037.24086,2016
9.5.2,804,Ukraine,2017,994.07744,2017
9.5.2,804,Ukraine,2018,988.07663,2018
9.5.2,807,North Macedonia,2000,651.16357,2000
9.5.2,807,North Macedonia,2001,606.99751,2001
9.5.2,807,North Macedonia,2002,568.10195,2002
9.5.2,807,North Macedonia,2003,544.45595,2003
9.5.2,807,North Macedonia,2004,519.67674,2004
9.5.2,807,North Macedonia,2005,540.21967,2005
9.5.2,807,North Macedonia,2006,514.75161,2006
9.5.2,807,North Macedonia,2007,502.55976,2007
9.5.2,807,North Macedonia,2008,468.24066,2008
9.5.2,807,North Macedonia,2009,431.60134,2009
9.5.2,807,North Macedonia,2010,532.12835,2010
9.5.2,807,North Macedonia,2011,445.22354,2011
9.5.2,807,North Macedonia,2012,611.77913,2012
9.5.2,807,North Macedonia,2013,675.27686,2013
9.5.2,807,North Macedonia,2014,837.57866,2014
9.5.2,807,North Macedonia,2015,858.45042,2015
9.5.2,807,North Macedonia,2016,854.33425,2016
9.5.2,807,North Macedonia,2017,729.35779,2017
9.5.2,807,North Macedonia,2018,799.27238,2018
9.5.2,818,Egypt,2007,630.98119,2007
9.5.2,818,Egypt,2008,438.60396,2008
9.5.2,818,Egypt,2009,433.32825,2009
9.5.2,818,Egypt,2010,492.40565,2010
9.5.2,818,Egypt,2011,491.76349,2011
9.5.2,818,Egypt,2012,517.14349,2012
9.5.2,818,Egypt,2013,539.02144,2013
9.5.2,818,Egypt,2014,675.24227,2014
9.5.2,818,Egypt,2015,672.94068,2015
9.5.2,818,Egypt,2016,689.24608,2016
9.5.2,818,Egypt,2017,677.10022,2017
9.5.2,818,Egypt,2018,686.71743,2018
9.5.2,826,United Kingdom of Great Britain and Northern Ireland,2000,2894.5148,2000
9.5.2,826,United Kingdom of Great Britain and Northern Ireland,2001,3080.69401,2001
9.5.2,826,United Kingdom of Great Britain and Northern Ireland,2002,3340.22179,2002
9.5.2,826,United Kingdom of Great Britain and Northern Ireland,2003,3638.09033,2003
9.5.2,826,United Kingdom of Great Britain and Northern Ireland,2004,3824.26193,2004
9.5.2,826,United Kingdom of Great Britain and Northern Ireland,2005,4123.53188,2005
9.5.2,826,United Kingdom of Great Britain and Northern Ireland,2006,4176.31268,2006
9.5.2,826,United Kingdom of Great Britain and Northern Ireland,2007,4111.14041,2007
9.5.2,826,United Kingdom of Great Britain and Northern Ireland,2008,4053.92721,2008
9.5.2,826,United Kingdom of Great Britain and Northern Ireland,2009,4076.55189,2009
9.5.2,826,United Kingdom of Great Britain and Northern Ireland,2010,4043.26715,2010
9.5.2,826,United Kingdom of Great Britain and Northern Ireland,2011,3926.11787,2011
9.5.2,826,United Kingdom of Great Britain and Northern Ireland,2012,3969.85915,2012
9.5.2,826,United Kingdom of Great Britain and Northern Ireland,2013,4119.45134,2013
9.5.2,826,United Kingdom of Great Britain and Northern Ireland,2014,4227.62028,2014
9.5.2,826,United Kingdom of Great Britain and Northern Ireland,2015,4319.50151,2015
9.5.2,826,United Kingdom of Great Britain and Northern Ireland,2016,4357.93303,2016
9.5.2,826,United Kingdom of Great Britain and Northern Ireland,2017,4341.15124,2017
9.5.2,826,United Kingdom of Great Britain and Northern Ireland,2018,4603.31022,2018
9.5.2,834,United Republic of Tanzania,2010,36.07047,2010
9.5.2,834,United Republic of Tanzania,2013,19.15202,2013
9.5.2,840,United States of America,2000,3496.36797,2000
9.5.2,840,United States of America,2001,3567.42616,2001
9.5.2,840,United States of America,2002,3652.18425,2002
9.5.2,840,United States of America,2003,3894.90127,2003
9.5.2,840,United States of America,2004,3789.08962,2004
9.5.2,840,United States of America,2005,3742.51961,2005
9.5.2,840,United States of America,2006,3806.33035,2006
9.5.2,840,United States of America,2007,3781.17475,2007
9.5.2,840,United States of America,2008,3935.49275,2008
9.5.2,840,United States of America,2009,4090.2744,2009
9.5.2,840,United States of America,2010,3885.08226,2010
9.5.2,840,United States of America,2011,4027.11889,2011
9.5.2,840,United States of America,2012,3990.62379,2012
9.5.2,840,United States of America,2013,4090.88439,2013
9.5.2,840,United States of America,2014,4205.25602,2014
9.5.2,840,United States of America,2015,4267.83919,2015
9.5.2,840,United States of America,2016,4247.7483,2016
9.5.2,840,United States of America,2017,4412.43542,2017
9.5.2,854,Burkina Faso,2010,47.57672,2010
9.5.2,858,Uruguay,2000,277.64557,2000
9.5.2,858,Uruguay,2002,373.41704,2002
9.5.2,858,Uruguay,2008,427.816,2008
9.5.2,858,Uruguay,2009,558.56148,2009
9.5.2,858,Uruguay,2010,626.6233,2010
9.5.2,858,Uruguay,2011,614.43768,2011
9.5.2,858,Uruguay,2012,632.44031,2012
9.5.2,858,Uruguay,2013,634.91258,2013
9.5.2,858,Uruguay,2014,642.85874,2014
9.5.2,858,Uruguay,2015,661.48712,2015
9.5.2,858,Uruguay,2016,679.00479,2016
9.5.2,858,Uruguay,2017,690.7908,2017
9.5.2,858,Uruguay,2018,696.37621,2018
9.5.2,860,Uzbekistan,2000,662.25393,2000
9.5.2,860,Uzbekistan,2001,614.61104,2001
9.5.2,860,Uzbekistan,2002,630.40868,2002
9.5.2,860,Uzbekistan,2003,588.33122,2003
9.5.2,860,Uzbekistan,2004,578.38896,2004
9.5.2,860,Uzbekistan,2005,632.7809,2005
9.5.2,860,Uzbekistan,2006,565.66032,2006
9.5.2,860,Uzbekistan,2007,556.9256,2007
9.5.2,860,Uzbekistan,2008,580.41085,2008
9.5.2,860,Uzbekistan,2009,572.98176,2009
9.5.2,860,Uzbekistan,2010,544.95896,2010
9.5.2,860,Uzbekistan,2011,574.80051,2011
9.5.2,860,Uzbekistan,2012,513.08323,2012
9.5.2,860,Uzbekistan,2013,507.03862,2013
9.5.2,860,Uzbekistan,2014,501.24254,2014
9.5.2,860,Uzbekistan,2015,497.42064,2015
9.5.2,860,Uzbekistan,2016,506.04688,2016
9.5.2,860,Uzbekistan,2017,495.5728,2017
9.5.2,860,Uzbekistan,2018,476.17883,2018
9.5.2,862,Venezuela (Bolivarian Republic of),2000,61.79615,2000
9.5.2,862,Venezuela (Bolivarian Republic of),2001,71.45039,2001
9.5.2,862,Venezuela (Bolivarian Republic of),2002,70.15822,2002
9.5.2,862,Venezuela (Bolivarian Republic of),2003,95.88432,2003
9.5.2,862,Venezuela (Bolivarian Republic of),2004,105.74462,2004
9.5.2,862,Venezuela (Bolivarian Republic of),2005,122.87928,2005
9.5.2,862,Venezuela (Bolivarian Republic of),2006,148.11811,2006
9.5.2,862,Venezuela (Bolivarian Republic of),2007,165.2622,2007
9.5.2,862,Venezuela (Bolivarian Republic of),2008,190.36879,2008
9.5.2,862,Venezuela (Bolivarian Republic of),2009,185.82991,2009
9.5.2,862,Venezuela (Bolivarian Republic of),2010,204.04403,2010
9.5.2,862,Venezuela (Bolivarian Republic of),2011,232.62356,2011
9.5.2,862,Venezuela (Bolivarian Republic of),2012,295.83625,2012
9.5.2,862,Venezuela (Bolivarian Republic of),2013,363.7885,2013
9.5.2,862,Venezuela (Bolivarian Republic of),2014,272.67612,2014
9.5.2,862,Venezuela (Bolivarian Republic of),2015,248.92103,2015
9.5.2,862,Venezuela (Bolivarian Republic of),2016,300.25538,2016
9.5.2,894,Zambia,2008,41.71683,2008