,join_key,math_benchmark_percent
20,"(1, 2020)",49.13663
21,"(1, 2021)",49.13663
22,"(8, 2000)",36.61129
23,"(8, 2001)",36.61129
24,"(8, 2002)",36.61129
25,"(8, 2003)",36.61129
26,"(8, 2004)",36.61129
27,"(8, 2005)",36.61129
28,"(8, 2006)",36.61129
29,"(8, 2007)",36.61129
30,"(8, 2008)",36.61129
31,"(8, 2009)",32.26541
32,"(8, 2010)",32.26541
33,"(8, 2011)",32.26541
34,"(8, 2012)",39.33503
35,"(8, 2013)",39.33503
36,"(8, 2014)",39.33503
37,"(8, 2015)",46.71703
38,"(8, 2016)",46.71703
39,"(8, 2017)",46.71703
40,"(8, 2018)",57.62715
41,"(8, 2019)",57.62715
42,"(8, 2020)",57.62715
43,"(8, 2021)",57.62715
64,"(9, 2020)",77.66784
65,"(9, 2021)",77.66784
81,"(12, 2015)",19.04324
82,"(12, 2016)",19.04324
83,"(12, 2017)",19.04324
84,"(12, 2018)",19.04324
85,"(12, 2019)",19.04324
86,"(12, 2020)",19.04324
87,"(12, 2021)",19.04324
94,"(31, 2006)",89.4645
95,"(31, 2007)",89.4645
96,"(31, 2008)",89.4645
97,"(31, 2009)",54.72519
98,"(31, 2010)",54.72519
99,"(31, 2011)",54.72519
100,"(31, 2012)",54.72519
101,"(31, 2013)",54.72519
102,"(31, 2014)",54.72519
103,"(31, 2015)",54.72519
104,"(31, 2016)",54.72519
105,"(31, 2017)",54.72519
106,"(31, 2018)",54.72519
107,"(31, 2019)",54.72519
108,"(31, 2020)",54.72519
109,"(31, 2021)",54.72519
110,"(32, 2000)",41.32499
111,"(32, 2001)",41.32499
112,"(32, 2002)",41.32499
113,"(32, 2003)",41.32499
114,"(32, 2004)",41.32499
115,"(32, 2005)",41.32499
116,"(32, 2006)",35.85652
117,"(32, 2007)",35.85652
118,"(32, 2008)",35.85652
119,"(32, 2009)",36.44542
120,"(32, 2010)",36.44542
121,"(32, 2011)",36.44542
122,"(32, 2012)",33.51507
123,"(32, 2013)",33.51507
124,"(32, 2014)",33.51507
125,"(32, 2015)",33.51507
126,"(32, 2016)",33.51507
127,"(32, 2017)",33.51507
128,"(32, 2018)",31.03288
129,"(32, 2019)",31.03288
130,"(32, 2020)",31.03288
131,"(32, 2021)",31.03288
132,"(36, 2000)",89.67318
133,"(36, 2001)",89.67318
134,"(36, 2002)",89.67318
135,"(36, 2003)",85.6574
136,"(36, 2004)",85.6574
137,"(36, 2005)",85.6574
138,"(36, 2006)",87.0328
139,"(36, 2007)",87.0328
140,"(36, 2008)",87.0328
141,"(36, 2009)",84.12645
142,"(36, 2010)",84.12645
143,"(36, 2011)",84.12645
144,"(36, 2012)",80.33285
145,"(36, 2013)",80.33285
146,"(36, 2014)",80.33285
147,"(36, 2015)",78.02553
148,"(36, 2016)",78.02553
149,"(36, 2017)",78.02553
150,"(36, 2018)",77.56688
151,"(36, 2019)",77.56688
152,"(36, 2020)",77.56688
153,"(36, 2021)",77.56688
154,"(40, 2000)",84.44446
155,"(40, 2001)",84.44446
156,"(40, 2002)",84.44446
157,"(40, 2003)",81.23016
158,"(40, 2004)",81.23016
159,"(40, 2005)",81.23016
160,"(40, 2006)",80.00001
161,"(40, 2007)",80.00001
162,"(40, 2008)",80.00001
163,"(40, 2009)",76.7601
164,"(40, 2010)",76.7601
165,"(40, 2011)",76.7601
166,"(40, 2012)",81.34507
167,"(40, 2013)",81.34507
168,"(40, 2014)",81.34507
169,"(40, 2015)",78.24862
170,"(40, 2016)",78.24862
171,"(40, 2017)",78.24862
172,"(40, 2018)",78.92112
173,"(40, 2019)",78.92112
174,"(40, 2020)",78.92112
175,"(40, 2021)",78.92112
179,"(48, 2003)",17.12856
180,"(48, 2004)",17.12856
181,"(48, 2005)",17.12856
182,"(48, 2006)",17.12856
183,"(48, 2007)",18.76543
184,"(48, 2008)",18.76543
185,"(48, 2009)",18.76543
186,"(48, 2010)",18.76543
187,"(48, 2011)",26.19335
188,"(48, 2012)",26.19335
189,"(48, 2013)",26.19335
190,"(48, 2014)",26.19335
191,"(48, 2015)",39.47395
192,"(48, 2016)",39.47395
193,"(48, 2017)",39.47395
194,"(48, 2018)",39.47395
195,"(48, 2019)",55.0
196,"(48, 2020)",55.0
197,"(48, 2021)",55.0
211,"(50, 2013)",35.0
212,"(50, 2014)",35.0
213,"(50, 2015)",57.0
214,"(50, 2016)",57.0
215,"(50, 2017)",57.0
216,"(50, 2018)",57.0
217,"(50, 2019)",57.0
218,"(50, 2020)",57.0
219,"(50, 2021)",57.0
223,"(51, 2003)",53.96795
224,"(51, 2004)",53.96795
225,"(51, 2005)",53.96795
226,"(51, 2006)",53.96795
227,"(51, 2007)",63.48834
228,"(51, 2008)",63.48834
229,"(51, 2009)",63.48834
230,"(51, 2010)",63.48834
231,"(51, 2011)",49.01759
232,"(51, 2012)",49.01759
233,"(51, 2013)",49.01759
234,"(51, 2014)",49.01759
235,"(51, 2015)",50.40721
236,"(51, 2016)",50.40721
237,"(51, 2017)",50.40721
238,"(51, 2018)",50.40721
239,"(51, 2019)",50.40721
240,"(51, 2020)",50.40721
241,"(51, 2021)",50.40721
242,"(56, 2000)",80.32178
243,"(56, 2001)",80.32178
244,"(56, 2002)",80.32178
245,"(56, 2003)",83.50253
246,"(56, 2004)",83.50253
247,"(56, 2005)",83.50253
248,"(56, 2006)",82.65611
249,"(56, 2007)",82.65611
250,"(56, 2008)",82.65611
251,"(56, 2009)",80.94882
252,"(56, 2010)",80.94882
253,"(56, 2011)",80.94882
254,"(56, 2012)",81.03681
255,"(56, 2013)",81.03681
256,"(56, 2014)",81.03681
257,"(56, 2015)",79.93734
258,"(56, 2016)",79.93734
259,"(56, 2017)",79.93734
260,"(56, 2018)",80.33807
261,"(56, 2019)",80.33807
262,"(56, 2020)",80.33807
263,"(56, 2021)",80.33807
284,"(62, 2020)",48.15566
285,"(62, 2021)",48.15566
293,"(70, 2007)",42.14675
294,"(70, 2008)",42.14675
295,"(70, 2009)",42.14675
296,"(70, 2010)",42.14675
297,"(70, 2011)",42.14675
298,"(70, 2012)",42.14675
299,"(70, 2013)",42.14675
300,"(70, 2014)",42.14675
301,"(70, 2015)",42.14675
302,"(70, 2016)",42.14675
303,"(70, 2017)",42.14675
304,"(70, 2018)",42.14675
305,"(70, 2019)",42.14675
306,"(70, 2020)",42.14675
307,"(70, 2021)",42.14675
308,"(76, 2000)",19.59474
309,"(76, 2001)",19.59474
310,"(76, 2002)",19.59474
311,"(76, 2003)",24.8314
312,"(76, 2004)",24.8314
313,"(76, 2005)",24.8314
314,"(76, 2006)",27.48007
315,"(76, 2007)",27.48007
316,"(76, 2008)",27.48007
317,"(76, 2009)",30.88083
318,"(76, 2010)",30.88083
319,"(76, 2011)",30.88083
320,"(76, 2012)",31.70972
321,"(76, 2013)",31.70972
322,"(76, 2014)",31.70972
323,"(76, 2015)",29.74863
324,"(76, 2016)",29.74863
325,"(76, 2017)",29.74863
326,"(76, 2018)",31.90613
327,"(76, 2019)",31.90613
328,"(76, 2020)",31.90613
329,"(76, 2021)",31.90613
348,"(96, 2018)",52.13175
349,"(96, 2019)",52.13175
350,"(96, 2020)",52.13175
351,"(96, 2021)",52.13175
352,"(100, 2000)",54.59159
353,"(100, 2001)",54.59159
354,"(100, 2002)",54.59159
355,"(100, 2003)",54.59159
356,"(100, 2004)",54.59159
357,"(100, 2005)",54.59159
358,"(100, 2006)",46.72246
359,"(100, 2007)",46.72246
360,"(100, 2008)",46.72246
361,"(100, 2009)",52.87923
362,"(100, 2010)",52.87923
363,"(100, 2011)",52.87923
364,"(100, 2012)",56.24342
365,"(100, 2013)",56.24342
366,"(100, 2014)",56.24342
367,"(100, 2015)",57.92654
368,"(100, 2016)",57.92654
369,"(100, 2017)",57.92654
370,"(100, 2018)",55.58716
371,"(100, 2019)",55.58716
372,"(100, 2020)",55.58716
373,"(100, 2021)",55.58716
392,"(112, 2018)",70.63742
393,"(112, 2019)",70.63742
394,"(112, 2020)",70.63742
395,"(112, 2021)",70.63742
411,"(116, 2015)",9.88192
412,"(116, 2016)",9.88192
413,"(116, 2017)",9.88192
414,"(116, 2018)",9.88192
415,"(116, 2019)",9.88192
416,"(116, 2020)",9.88192
417,"(116, 2021)",9.88192
418,"(124, 2000)",90.59238
419,"(124, 2001)",90.59238
420,"(124, 2002)",90.59238
421,"(124, 2003)",89.87969
422,"(124, 2004)",89.87969
423,"(124, 2005)",89.87969
424,"(124, 2006)",89.21339
425,"(124, 2007)",89.21339
426,"(124, 2008)",89.21339
427,"(124, 2009)",88.52367
428,"(124, 2010)",88.52367
429,"(124, 2011)",88.52367
430,"(124, 2012)",86.17105
431,"(124, 2013)",86.17105
432,"(124, 2014)",86.17105
433,"(124, 2015)",85.63728
434,"(124, 2016)",85.63728
435,"(124, 2017)",85.63728
436,"(124, 2018)",83.73881
437,"(124, 2019)",83.73881
438,"(124, 2020)",83.73881
439,"(124, 2021)",83.73881
456,"(144, 2016)",50.59
457,"(144, 2017)",50.59
458,"(144, 2018)",50.59
459,"(144, 2019)",50.59
460,"(144, 2020)",50.59
461,"(144, 2021)",50.59
465,"(152, 2003)",15.01175
466,"(152, 2004)",15.01175
467,"(152, 2005)",15.01175
468,"(152, 2006)",15.01175
469,"(152, 2007)",15.01175
470,"(152, 2008)",15.01175
471,"(152, 2009)",15.01175
472,"(152, 2010)",15.01175
473,"(152, 2011)",22.95263
474,"(152, 2012)",22.95263
475,"(152, 2013)",22.95263
476,"(152, 2014)",22.95263
477,"(152, 2015)",27.89217
478,"(152, 2016)",27.89217
479,"(152, 2017)",27.89217
480,"(152, 2018)",27.89217
481,"(152, 2019)",33.0
482,"(152, 2020)",33.0
483,"(152, 2021)",33.0
499,"(156, 2015)",78.9
500,"(156, 2016)",78.9
501,"(156, 2017)",78.9
502,"(156, 2018)",78.9
503,"(156, 2019)",78.9
504,"(156, 2020)",78.9
505,"(156, 2021)",78.9
512,"(170, 2006)",28.1038
513,"(170, 2007)",28.1038
514,"(170, 2008)",28.1038
515,"(170, 2009)",29.55274
516,"(170, 2010)",29.55274
517,"(170, 2011)",29.55274
518,"(170, 2012)",26.18298
519,"(170, 2013)",26.18298
520,"(170, 2014)",26.18298
521,"(170, 2015)",33.71327
522,"(170, 2016)",33.71327
523,"(170, 2017)",33.71327
524,"(170, 2018)",34.6132
525,"(170, 2019)",34.6132
526,"(170, 2020)",34.6132
527,"(170, 2021)",34.6132
537,"(188, 2009)",43.30638
538,"(188, 2010)",43.30638
539,"(188, 2011)",43.30638
540,"(188, 2012)",40.1268
541,"(188, 2013)",40.1268
542,"(188, 2014)",40.1268
543,"(188, 2015)",37.5032
544,"(188, 2016)",37.5032
545,"(188, 2017)",37.5032
546,"(188, 2018)",40.00191
547,"(188, 2019)",40.00191
548,"(188, 2020)",40.00191
549,"(188, 2021)",40.00191
556,"(191, 2006)",71.41934
557,"(191, 2007)",71.41934
558,"(191, 2008)",71.41934
559,"(191, 2009)",66.84657
560,"(191, 2010)",66.84657
561,"(191, 2011)",66.84657
562,"(191, 2012)",70.13055
563,"(191, 2013)",70.13055
564,"(191, 2014)",70.13055
565,"(191, 2015)",67.96101
566,"(191, 2016)",67.96101
567,"(191, 2017)",67.96101
568,"(191, 2018)",68.83926
569,"(191, 2019)",68.83926
570,"(191, 2020)",68.83926
571,"(191, 2021)",68.83926
591,"(192, 2019)",99.5
592,"(192, 2020)",99.5
593,"(192, 2021)",99.5
597,"(196, 2003)",44.58644
598,"(196, 2004)",44.58644
599,"(196, 2005)",44.58644
600,"(196, 2006)",44.58644
601,"(196, 2007)",48.3989
602,"(196, 2008)",48.3989
603,"(196, 2009)",48.3989
604,"(196, 2010)",48.3989
605,"(196, 2011)",48.3989
606,"(196, 2012)",48.3989
607,"(196, 2013)",48.3989
608,"(196, 2014)",48.3989
609,"(196, 2015)",48.3989
610,"(196, 2016)",48.3989
611,"(196, 2017)",48.3989
612,"(196, 2018)",48.3989
613,"(196, 2019)",63.0
614,"(196, 2020)",63.0
615,"(196, 2021)",63.0
636,"(202, 2020)",5.6313
637,"(202, 2021)",5.6313
638,"(203, 2000)",76.87635
639,"(203, 2001)",76.87635
640,"(203, 2002)",76.87635
641,"(203, 2003)",83.43299
642,"(203, 2004)",83.43299
643,"(203, 2005)",83.43299
644,"(203, 2006)",80.839
645,"(203, 2007)",80.839
646,"(203, 2008)",80.839
647,"(203, 2009)",77.66715
648,"(203, 2010)",77.66715
649,"(203, 2011)",77.66715
650,"(203, 2012)",79.03689
651,"(203, 2013)",79.03689
652,"(203, 2014)",79.03689
653,"(203, 2015)",78.30897
654,"(203, 2016)",78.30897
655,"(203, 2017)",78.30897
656,"(203, 2018)",79.61492
657,"(203, 2019)",79.61492
658,"(203, 2020)",79.61492
659,"(203, 2021)",79.61492
660,"(208, 2000)",86.1676
661,"(208, 2001)",86.1676
662,"(208, 2002)",86.1676
663,"(208, 2003)",84.5929
664,"(208, 2004)",84.5929
665,"(208, 2005)",84.5929
666,"(208, 2006)",86.36603
667,"(208, 2007)",86.36603
668,"(208, 2008)",86.36603
669,"(208, 2009)",82.94641
670,"(208, 2010)",82.94641
671,"(208, 2011)",82.94641
672,"(208, 2012)",83.15936
673,"(208, 2013)",83.15936
674,"(208, 2014)",83.15936
675,"(208, 2015)",86.42804
676,"(208, 2016)",86.42804
677,"(208, 2017)",86.42804
678,"(208, 2018)",85.42881
679,"(208, 2019)",85.42881
680,"(208, 2020)",85.42881
681,"(208, 2021)",85.42881
697,"(214, 2015)",9.45183
698,"(214, 2016)",9.45183
699,"(214, 2017)",9.45183
700,"(214, 2018)",9.44209
701,"(214, 2019)",9.44209
702,"(214, 2020)",9.44209
703,"(214, 2021)",9.44209
719,"(218, 2015)",29.0676
720,"(218, 2016)",29.0676
721,"(218, 2017)",29.0676
722,"(218, 2018)",29.0676
723,"(218, 2019)",29.0676
724,"(218, 2020)",29.0676
725,"(218, 2021)",29.0676
733,"(222, 2007)",3.467
734,"(222, 2008)",3.467
735,"(222, 2009)",3.467
736,"(222, 2010)",3.467
737,"(222, 2011)",3.467
738,"(222, 2012)",3.467
739,"(222, 2013)",3.467
740,"(222, 2014)",3.467
741,"(222, 2015)",3.467
742,"(222, 2016)",3.467
743,"(222, 2017)",3.467
744,"(222, 2018)",3.467
745,"(222, 2019)",3.467
746,"(222, 2020)",3.467
747,"(222, 2021)",3.467
764,"(231, 2016)",18.4
765,"(231, 2017)",18.4
766,"(231, 2018)",18.4
767,"(231, 2019)",18.4
768,"(231, 2020)",18.4
769,"(231, 2021)",18.4
776,"(233, 2006)",87.92124
777,"(233, 2007)",87.92124
778,"(233, 2008)",87.92124
779,"(233, 2009)",87.3623
780,"(233, 2010)",87.3623
781,"(233, 2011)",87.3623
782,"(233, 2012)",89.45552
783,"(233, 2013)",89.45552
784,"(233, 2014)",89.45552
785,"(233, 2015)",88.78234
786,"(233, 2016)",88.78234
787,"(233, 2017)",88.78234
788,"(233, 2018)",89.78358
789,"(233, 2019)",89.78358
790,"(233, 2020)",89.78358
791,"(233, 2021)",89.78358
792,"(246, 2000)",92.0814
793,"(246, 2001)",92.0814
794,"(246, 2002)",92.0814
795,"(246, 2003)",93.24083
796,"(246, 2004)",93.24083
797,"(246, 2005)",93.24083
798,"(246, 2006)",94.04777
799,"(246, 2007)",94.04777
800,"(246, 2008)",94.04777
801,"(246, 2009)",92.15396
802,"(246, 2010)",92.15396
803,"(246, 2011)",92.15396
804,"(246, 2012)",87.73212
805,"(246, 2013)",87.73212
806,"(246, 2014)",87.73212
807,"(246, 2015)",86.43602
808,"(246, 2016)",86.43602
809,"(246, 2017)",86.43602
810,"(246, 2018)",85.02446
811,"(246, 2019)",85.02446
812,"(246, 2020)",85.02446
813,"(246, 2021)",85.02446
814,"(250, 2000)",85.61391
815,"(250, 2001)",85.61391
816,"(250, 2002)",85.61391
817,"(250, 2003)",83.36898
818,"(250, 2004)",83.36898
819,"(250, 2005)",83.36898
820,"(250, 2006)",77.74448
821,"(250, 2007)",77.74448
822,"(250, 2008)",77.74448
823,"(250, 2009)",77.47568
824,"(250, 2010)",77.47568
825,"(250, 2011)",77.47568
826,"(250, 2012)",77.64565
827,"(250, 2013)",77.64565
828,"(250, 2014)",77.64565
829,"(250, 2015)",76.52206
830,"(250, 2016)",76.52206
831,"(250, 2017)",76.52206
832,"(250, 2018)",78.74437
833,"(250, 2019)",78.74437
834,"(250, 2020)",78.74437
835,"(250, 2021)",78.74437
845,"(268, 2009)",31.28598
846,"(268, 2010)",31.28598
847,"(268, 2011)",31.28598
848,"(268, 2012)",31.28598
849,"(268, 2013)",31.28598
850,"(268, 2014)",31.28598
851,"(268, 2015)",42.90395
852,"(268, 2016)",42.90395
853,"(268, 2017)",42.90395
854,"(268, 2018)",38.94551
855,"(268, 2019)",38.94551
856,"(268, 2020)",38.94551
857,"(268, 2021)",38.94551
861,"(275, 2003)",18.70596
862,"(275, 2004)",18.70596
863,"(275, 2005)",18.70596
864,"(275, 2006)",18.70596
865,"(275, 2007)",15.18515
866,"(275, 2008)",15.18515
867,"(275, 2009)",15.18515
868,"(275, 2010)",15.18515
869,"(275, 2011)",25.27581
870,"(275, 2012)",25.27581
871,"(275, 2013)",25.27581
872,"(275, 2014)",25.27581
873,"(275, 2015)",25.27581
874,"(275, 2016)",25.27581
875,"(275, 2017)",25.27581
876,"(275, 2018)",25.27581
877,"(275, 2019)",25.27581
878,"(275, 2020)",25.27581
879,"(275, 2021)",25.27581
880,"(276, 2000)",73.74596
881,"(276, 2001)",73.74596
882,"(276, 2002)",73.74596
883,"(276, 2003)",78.39567
884,"(276, 2004)",78.39567
885,"(276, 2005)",78.39567
886,"(276, 2006)",80.13083
887,"(276, 2007)",80.13083
888,"(276, 2008)",80.13083
889,"(276, 2009)",81.3819
890,"(276, 2010)",81.3819
891,"(276, 2011)",81.3819
892,"(276, 2012)",82.26133
893,"(276, 2013)",82.26133
894,"(276, 2014)",82.26133
895,"(276, 2015)",82.80903
896,"(276, 2016)",82.80903
897,"(276, 2017)",82.80903
898,"(276, 2018)",78.90338
899,"(276, 2019)",78.90338
900,"(276, 2020)",78.90338
901,"(276, 2021)",78.90338
905,"(288, 2003)",1.58956
906,"(288, 2004)",1.58956
907,"(288, 2005)",1.58956
908,"(288, 2006)",1.58956
909,"(288, 2007)",3.69591
910,"(288, 2008)",3.69591
911,"(288, 2009)",3.69591
912,"(288, 2010)",3.69591
913,"(288, 2011)",4.84779
914,"(288, 2012)",4.84779
915,"(288, 2013)",4.84779
916,"(288, 2014)",4.84779
917,"(288, 2015)",4.84779
918,"(288, 2016)",4.84779
919,"(288, 2017)",4.84779
920,"(288, 2018)",4.84779
921,"(288, 2019)",4.84779
922,"(288, 2020)",4.84779
923,"(288, 2021)",4.84779
924,"(300, 2000)",61.16936
925,"(300, 2001)",61.16936
926,"(300, 2002)",61.16936
927,"(300, 2003)",61.05708
928,"(300, 2004)",61.05708
929,"(300, 2005)",61.05708
930,"(300, 2006)",67.66031
931,"(300, 2007)",67.66031
932,"(300, 2008)",67.66031
933,"(300, 2009)",69.68157
934,"(300, 2010)",69.68157
935,"(300, 2011)",69.68157
936,"(300, 2012)",64.31079
937,"(300, 2013)",64.31079
938,"(300, 2014)",64.31079
939,"(300, 2015)",64.24347
940,"(300, 2016)",64.24347
941,"(300, 2017)",64.24347
942,"(300, 2018)",64.16108
943,"(300, 2019)",64.16108
944,"(300, 2020)",64.16108
945,"(300, 2021)",64.16108
961,"(320, 2015)",10.63765
962,"(320, 2016)",10.63765
963,"(320, 2017)",10.63765
964,"(320, 2018)",10.63765
965,"(320, 2019)",10.63765
966,"(320, 2020)",10.63765
967,"(320, 2021)",10.63765
983,"(340, 2015)",15.43761
984,"(340, 2016)",15.43761
985,"(340, 2017)",15.43761
986,"(340, 2018)",15.43761
987,"(340, 2019)",15.43761
988,"(340, 2020)",15.43761
989,"(340, 2021)",15.43761
990,"(344, 2000)",91.96777
991,"(344, 2001)",91.96777
992,"(344, 2002)",91.96777
993,"(344, 2003)",89.59563
994,"(344, 2004)",89.59563
995,"(344, 2005)",89.59563
996,"(344, 2006)",90.47355
997,"(344, 2007)",90.47355
998,"(344, 2008)",90.47355
999,"(344, 2009)",91.23585
1000,"(344, 2010)",91.23585
1001,"(344, 2011)",91.23585
1002,"(344, 2012)",91.48302
1003,"(344, 2013)",91.48302
1004,"(344, 2014)",91.48302
1005,"(344, 2015)",91.01389
1006,"(344, 2016)",91.01389
1007,"(344, 2017)",91.01389
1008,"(344, 2018)",90.82994
1009,"(344, 2019)",90.82994
1010,"(344, 2020)",90.82994
1011,"(344, 2021)",90.82994
1015,"(348, 2003)",75.3206
1016,"(348, 2004)",75.3206
1017,"(348, 2005)",75.3206
1018,"(348, 2006)",75.3206
1019,"(348, 2007)",69.26851
1020,"(348, 2008)",69.26851
1021,"(348, 2009)",69.26851
1022,"(348, 2010)",69.26851
1023,"(348, 2011)",65.44757
1024,"(348, 2012)",65.44757
1025,"(348, 2013)",65.44757
1026,"(348, 2014)",65.44757
1027,"(348, 2015)",66.86111
1028,"(348, 2016)",66.86111
1029,"(348, 2017)",66.86111
1030,"(348, 2018)",66.86111
1031,"(348, 2019)",68.0
1032,"(348, 2020)",68.0
1033,"(348, 2021)",68.0
1034,"(352, 2000)",87.19275
1035,"(352, 2001)",87.19275
1036,"(352, 2002)",87.19275
1037,"(352, 2003)",84.99814
1038,"(352, 2004)",84.99814
1039,"(352, 2005)",84.99814
1040,"(352, 2006)",83.1817
1041,"(352, 2007)",83.1817
1042,"(352, 2008)",83.1817
1043,"(352, 2009)",83.04626
1044,"(352, 2010)",83.04626
1045,"(352, 2011)",83.04626
1046,"(352, 2012)",78.52381
1047,"(352, 2013)",78.52381
1048,"(352, 2014)",78.52381
1049,"(352, 2015)",76.38493
1050,"(352, 2016)",76.38493
1051,"(352, 2017)",76.38493
1052,"(352, 2018)",79.3108
1053,"(352, 2019)",79.3108
1054,"(352, 2020)",79.3108
1055,"(352, 2021)",79.3108
1073,"(356, 2017)",39.5
1074,"(356, 2018)",39.5
1075,"(356, 2019)",39.5
1076,"(356, 2020)",39.5
1077,"(356, 2021)",39.5
1078,"(360, 2000)",26.47185
1079,"(360, 2001)",26.47185
1080,"(360, 2002)",26.47185
1081,"(360, 2003)",21.86334
1082,"(360, 2004)",21.86334
1083,"(360, 2005)",21.86334
1084,"(360, 2006)",34.23572
1085,"(360, 2007)",34.23572
1086,"(360, 2008)",34.23572
1087,"(360, 2009)",23.33033
1088,"(360, 2010)",23.33033
1089,"(360, 2011)",23.33033
1090,"(360, 2012)",24.30606
1091,"(360, 2013)",24.30606
1092,"(360, 2014)",24.30606
1093,"(360, 2015)",31.35022
1094,"(360, 2016)",31.35022
1095,"(360, 2017)",31.35022
1096,"(360, 2018)",28.1363
1097,"(360, 2019)",28.1363
1098,"(360, 2020)",28.1363
1099,"(360, 2021)",28.1363
1103,"(364, 2003)",19.89741
1104,"(364, 2004)",19.89741
1105,"(364, 2005)",19.89741
1106,"(364, 2006)",19.89741
1107,"(364, 2007)",19.70065
1108,"(364, 2008)",19.70065
1109,"(364, 2009)",19.70065
1110,"(364, 2010)",19.70065
1111,"(364, 2011)",25.5313
1112,"(364, 2012)",25.5313
1113,"(364, 2013)",25.5313
1114,"(364, 2014)",25.5313
1115,"(364, 2015)",34.14569
1116,"(364, 2016)",34.14569
1117,"(364, 2017)",34.14569
1118,"(364, 2018)",34.14569
1119,"(364, 2019)",37.0
1120,"(364, 2020)",37.0
1121,"(364, 2021)",37.0
1122,"(372, 2000)",84.4622
1123,"(372, 2001)",84.4622
1124,"(372, 2002)",84.4622
1125,"(372, 2003)",83.19022
1126,"(372, 2004)",83.19022
1127,"(372, 2005)",83.19022
1128,"(372, 2006)",83.58447
1129,"(372, 2007)",83.58447
1130,"(372, 2008)",83.58447
1131,"(372, 2009)",79.18692
1132,"(372, 2010)",79.18692
1133,"(372, 2011)",79.18692
1134,"(372, 2012)",83.1033
1135,"(372, 2013)",83.1033
1136,"(372, 2014)",83.1033
1137,"(372, 2015)",85.02273
1138,"(372, 2016)",85.02273
1139,"(372, 2017)",85.02273
1140,"(372, 2018)",84.31306
1141,"(372, 2019)",84.31306
1142,"(372, 2020)",84.31306
1143,"(372, 2021)",84.31306
1144,"(376, 2000)",55.99248
1145,"(376, 2001)",55.99248
1146,"(376, 2002)",55.99248
1147,"(376, 2003)",55.99248
1148,"(376, 2004)",55.99248
1149,"(376, 2005)",55.99248
1150,"(376, 2006)",58.02477
1151,"(376, 2007)",58.02477
1152,"(376, 2008)",58.02477
1153,"(376, 2009)",60.54676
1154,"(376, 2010)",60.54676
1155,"(376, 2011)",60.54676
1156,"(376, 2012)",66.49783
1157,"(376, 2013)",66.49783
1158,"(376, 2014)",66.49783
1159,"(376, 2015)",67.8728
1160,"(376, 2016)",67.8728
1161,"(376, 2017)",67.8728
1162,"(376, 2018)",65.90478
1163,"(376, 2019)",65.90478
1164,"(376, 2020)",65.90478
1165,"(376, 2021)",65.90478
1169,"(380, 2003)",55.81757
1170,"(380, 2004)",55.81757
1171,"(380, 2005)",55.81757
1172,"(380, 2006)",55.81757
1173,"(380, 2007)",53.66197
1174,"(380, 2008)",53.66197
1175,"(380, 2009)",53.66197
1176,"(380, 2010)",53.66197
1177,"(380, 2011)",63.78437
1178,"(380, 2012)",63.78437
1179,"(380, 2013)",63.78437
1180,"(380, 2014)",63.78437
1181,"(380, 2015)",62.35678
1182,"(380, 2016)",62.35678
1183,"(380, 2017)",62.35678
1184,"(380, 2018)",62.35678
1185,"(380, 2019)",62.0
1186,"(380, 2020)",62.0
1187,"(380, 2021)",62.0
1197,"(398, 2009)",40.862
1198,"(398, 2010)",40.862
1199,"(398, 2011)",40.862
1200,"(398, 2012)",54.75641
1201,"(398, 2013)",54.75641
1202,"(398, 2014)",54.75641
1203,"(398, 2015)",54.75641
1204,"(398, 2016)",54.75641
1205,"(398, 2017)",54.75641
1206,"(398, 2018)",50.89998
1207,"(398, 2019)",50.89998
1208,"(398, 2020)",50.89998
1209,"(398, 2021)",50.89998
1216,"(400, 2006)",33.64848
1217,"(400, 2007)",33.64848
1218,"(400, 2008)",33.64848
1219,"(400, 2009)",34.73094
1220,"(400, 2010)",34.73094
1221,"(400, 2011)",34.73094
1222,"(400, 2012)",31.43781
1223,"(400, 2013)",31.43781
1224,"(400, 2014)",31.43781
1225,"(400, 2015)",32.47077
1226,"(400, 2016)",32.47077
1227,"(400, 2017)",32.47077
1228,"(400, 2018)",40.67431
1229,"(400, 2019)",40.67431
1230,"(400, 2020)",40.67431
1231,"(400, 2021)",40.67431
1232,"(410, 2000)",92.77147
1233,"(410, 2001)",92.77147
1234,"(410, 2002)",92.77147
1235,"(410, 2003)",90.48053
1236,"(410, 2004)",90.48053
1237,"(410, 2005)",90.48053
1238,"(410, 2006)",91.14494
1239,"(410, 2007)",91.14494
1240,"(410, 2008)",91.14494
1241,"(410, 2009)",91.87464
1242,"(410, 2010)",91.87464
1243,"(410, 2011)",91.87464
1244,"(410, 2012)",90.86689
1245,"(410, 2013)",90.86689
1246,"(410, 2014)",90.86689
1247,"(410, 2015)",84.53711
1248,"(410, 2016)",84.53711
1249,"(410, 2017)",84.53711
1250,"(410, 2018)",85.00147
1251,"(410, 2019)",85.00147
1252,"(410, 2020)",85.00147
1253,"(410, 2021)",85.00147
1261,"(414, 2007)",6.00692
1262,"(414, 2008)",6.00692
1263,"(414, 2009)",6.00692
1264,"(414, 2010)",6.00692
1265,"(414, 2011)",6.00692
1266,"(414, 2012)",6.00692
1267,"(414, 2013)",6.00692
1268,"(414, 2014)",6.00692
1269,"(414, 2015)",18.26237
1270,"(414, 2016)",18.26237
1271,"(414, 2017)",18.26237
1272,"(414, 2018)",18.26237
1273,"(414, 2019)",21.0
1274,"(414, 2020)",21.0
1275,"(414, 2021)",21.0
1293,"(417, 2017)",35.1
1294,"(417, 2018)",35.1
1295,"(417, 2019)",35.1
1296,"(417, 2020)",35.1
1297,"(417, 2021)",35.1
1318,"(419, 2020)",33.41872
1319,"(419, 2021)",33.41872
1323,"(422, 2003)",26.94505
1324,"(422, 2004)",26.94505
1325,"(422, 2005)",26.94505
1326,"(422, 2006)",26.94505
1327,"(422, 2007)",36.49661
1328,"(422, 2008)",36.49661
1329,"(422, 2009)",36.49661
1330,"(422, 2010)",36.49661
1331,"(422, 2011)",37.729
1332,"(422, 2012)",37.729
1333,"(422, 2013)",37.729
1334,"(422, 2014)",37.729
1335,"(422, 2015)",34.78746
1336,"(422, 2016)",34.78746
1337,"(422, 2017)",34.78746
1338,"(422, 2018)",34.78746
1339,"(422, 2019)",34.78746
1340,"(422, 2020)",34.78746
1341,"(422, 2021)",34.78746
1342,"(428, 2000)",66.42425
1343,"(428, 2001)",66.42425
1344,"(428, 2002)",66.42425
1345,"(428, 2003)",76.27051
1346,"(428, 2004)",76.27051
1347,"(428, 2005)",76.27051
1348,"(428, 2006)",79.29995
1349,"(428, 2007)",79.29995
1350,"(428, 2008)",79.29995
1351,"(428, 2009)",77.44045
1352,"(428, 2010)",77.44045
1353,"(428, 2011)",77.44045
1354,"(428, 2012)",80.05716
1355,"(428, 2013)",80.05716
1356,"(428, 2014)",80.05716
1357,"(428, 2015)",78.56707
1358,"(428, 2016)",78.56707
1359,"(428, 2017)",78.56707
1360,"(428, 2018)",82.68327
1361,"(428, 2019)",82.68327
1362,"(428, 2020)",82.68327
1363,"(428, 2021)",82.68327
1364,"(438, 2000)",83.11609
1365,"(438, 2001)",83.11609
1366,"(438, 2002)",83.11609
1367,"(438, 2003)",87.72895
1368,"(438, 2004)",87.72895
1369,"(438, 2005)",87.72895
1370,"(438, 2006)",86.82367
1371,"(438, 2007)",86.82367
1372,"(438, 2008)",86.82367
1373,"(438, 2009)",90.51127
1374,"(438, 2010)",90.51127
1375,"(438, 2011)",90.51127
1376,"(438, 2012)",85.92207
1377,"(438, 2013)",85.92207
1378,"(438, 2014)",85.92207
1379,"(438, 2015)",85.92207
1380,"(438, 2016)",85.92207
1381,"(438, 2017)",85.92207
1382,"(438, 2018)",85.92207
1383,"(438, 2019)",85.92207
1384,"(438, 2020)",85.92207
1385,"(438, 2021)",85.92207
1392,"(440, 2006)",77.04669
1393,"(440, 2007)",77.04669
1394,"(440, 2008)",77.04669
1395,"(440, 2009)",73.66739
1396,"(440, 2010)",73.66739
1397,"(440, 2011)",73.66739
1398,"(440, 2012)",73.98169
1399,"(440, 2013)",73.98169
1400,"(440, 2014)",73.98169
1401,"(440, 2015)",74.59097
1402,"(440, 2016)",74.59097
1403,"(440, 2017)",74.59097
1404,"(440, 2018)",74.36356
1405,"(440, 2019)",74.36356
1406,"(440, 2020)",74.36356
1407,"(440, 2021)",74.36356
1408,"(442, 2000)",63.29323
1409,"(442, 2001)",63.29323
1410,"(442, 2002)",63.29323
1411,"(442, 2003)",78.28699
1412,"(442, 2004)",78.28699
1413,"(442, 2005)",78.28699
1414,"(442, 2006)",77.20813
1415,"(442, 2007)",77.20813
1416,"(442, 2008)",77.20813
1417,"(442, 2009)",76.07784
1418,"(442, 2010)",76.07784
1419,"(442, 2011)",76.07784
1420,"(442, 2012)",75.66862
1421,"(442, 2013)",75.66862
1422,"(442, 2014)",75.66862
1423,"(442, 2015)",74.18055
1424,"(442, 2016)",74.18055
1425,"(442, 2017)",74.18055
1426,"(442, 2018)",72.78241
1427,"(442, 2019)",72.78241
1428,"(442, 2020)",72.78241
1429,"(442, 2021)",72.78241
1433,"(446, 2003)",88.82256
1434,"(446, 2004)",88.82256
1435,"(446, 2005)",88.82256
1436,"(446, 2006)",89.06144
1437,"(446, 2007)",89.06144
1438,"(446, 2008)",89.06144
1439,"(446, 2009)",89.03737
1440,"(446, 2010)",89.03737
1441,"(446, 2011)",89.03737
1442,"(446, 2012)",89.21858
1443,"(446, 2013)",89.21858
1444,"(446, 2014)",89.21858
1445,"(446, 2015)",89.21858
1446,"(446, 2016)",89.21858
1447,"(446, 2017)",89.21858
1448,"(446, 2018)",94.99872
1449,"(446, 2019)",94.99872
1450,"(446, 2020)",94.99872
1451,"(446, 2021)",94.99872
1461,"(458, 2009)",40.67198
1462,"(458, 2010)",40.67198
1463,"(458, 2011)",40.67198
1464,"(458, 2012)",48.24566
1465,"(458, 2013)",48.24566
1466,"(458, 2014)",48.24566
1467,"(458, 2015)",48.24566
1468,"(458, 2016)",48.24566
1469,"(458, 2017)",48.24566
1470,"(458, 2018)",58.50222
1471,"(458, 2019)",58.50222
1472,"(458, 2020)",58.50222
1473,"(458, 2021)",58.50222
1481,"(470, 2007)",60.14041
1482,"(470, 2008)",60.14041
1483,"(470, 2009)",60.14041
1484,"(470, 2010)",60.14041
1485,"(470, 2011)",60.14041
1486,"(470, 2012)",60.14041
1487,"(470, 2013)",60.14041
1488,"(470, 2014)",60.14041
1489,"(470, 2015)",61.62573
1490,"(470, 2016)",61.62573
1491,"(470, 2017)",61.62573
1492,"(470, 2018)",61.62573
1493,"(470, 2019)",61.62573
1494,"(470, 2020)",61.62573
1495,"(470, 2021)",61.62573
1505,"(480, 2009)",49.83653
1506,"(480, 2010)",49.83653
1507,"(480, 2011)",49.83653
1508,"(480, 2012)",49.83653
1509,"(480, 2013)",49.83653
1510,"(480, 2014)",49.83653
1511,"(480, 2015)",49.83653
1512,"(480, 2016)",49.83653
1513,"(480, 2017)",49.83653
1514,"(480, 2018)",49.83653
1515,"(480, 2019)",49.83653
1516,"(480, 2020)",49.83653
1517,"(480, 2021)",49.83653
1518,"(484, 2000)",34.3895
1519,"(484, 2001)",34.3895
1520,"(484, 2002)",34.3895
1521,"(484, 2003)",34.0773
1522,"(484, 2004)",34.0773
1523,"(484, 2005)",34.0773
1524,"(484, 2006)",43.50042
1525,"(484, 2007)",43.50042
1526,"(484, 2008)",43.50042
1527,"(484, 2009)",49.20351
1528,"(484, 2010)",49.20351
1529,"(484, 2011)",49.20351
1530,"(484, 2012)",45.2878
1531,"(484, 2013)",45.2878
1532,"(484, 2014)",45.2878
1533,"(484, 2015)",43.35862
1534,"(484, 2016)",43.35862
1535,"(484, 2017)",43.35862
1536,"(484, 2018)",43.75356
1537,"(484, 2019)",43.75356
1538,"(484, 2020)",43.75356
1539,"(484, 2021)",43.75356
1547,"(496, 2007)",31.1654
1548,"(496, 2008)",31.1654
1549,"(496, 2009)",31.1654
1550,"(496, 2010)",31.1654
1551,"(496, 2011)",31.1654
1552,"(496, 2012)",31.1654
1553,"(496, 2013)",31.1654
1554,"(496, 2014)",31.1654
1555,"(496, 2015)",31.1654
1556,"(496, 2016)",31.1654
1557,"(496, 2017)",31.1654
1558,"(496, 2018)",31.1654
1559,"(496, 2019)",31.1654
1560,"(496, 2020)",31.1654
1561,"(496, 2021)",31.1654
1571,"(498, 2009)",39.33646
1572,"(498, 2010)",39.33646
1573,"(498, 2011)",39.33646
1574,"(498, 2012)",39.33646
1575,"(498, 2013)",39.33646
1576,"(498, 2014)",39.33646
1577,"(498, 2015)",49.73857
1578,"(498, 2016)",49.73857
1579,"(498, 2017)",49.73857
1580,"(498, 2018)",49.66686
1581,"(498, 2019)",49.66686
1582,"(498, 2020)",49.66686
1583,"(498, 2021)",49.66686
1590,"(499, 2006)",39.9497
1591,"(499, 2007)",39.9497
1592,"(499, 2008)",39.9497
1593,"(499, 2009)",41.58378
1594,"(499, 2010)",41.58378
1595,"(499, 2011)",41.58378
1596,"(499, 2012)",43.35334
1597,"(499, 2013)",43.35334
1598,"(499, 2014)",43.35334
1599,"(499, 2015)",48.10564
1600,"(499, 2016)",48.10564
1601,"(499, 2017)",48.10564
1602,"(499, 2018)",53.83931
1603,"(499, 2019)",53.83931
1604,"(499, 2020)",53.83931
1605,"(499, 2021)",53.83931
1609,"(504, 2003)",10.07577
1610,"(504, 2004)",10.07577
1611,"(504, 2005)",10.07577
1612,"(504, 2006)",10.07577
1613,"(504, 2007)",12.7296
1614,"(504, 2008)",12.7296
1615,"(504, 2009)",12.7296
1616,"(504, 2010)",12.7296
1617,"(504, 2011)",11.79672
1618,"(504, 2012)",11.79672
1619,"(504, 2013)",11.79672
1620,"(504, 2014)",11.79672
1621,"(504, 2015)",14.05927
1622,"(504, 2016)",14.05927
1623,"(504, 2017)",14.05927
1624,"(504, 2018)",14.05927
1625,"(504, 2019)",12.0
1626,"(504, 2020)",12.0
1627,"(504, 2021)",12.0
1635,"(512, 2007)",14.26084
1636,"(512, 2008)",14.26084
1637,"(512, 2009)",14.26084
1638,"(512, 2010)",14.26084
1639,"(512, 2011)",16.40903
1640,"(512, 2012)",16.40903
1641,"(512, 2013)",16.40903
1642,"(512, 2014)",16.40903
1643,"(512, 2015)",23.38475
1644,"(512, 2016)",23.38475
1645,"(512, 2017)",23.38475
1646,"(512, 2018)",23.38475
1647,"(512, 2019)",27.0
1648,"(512, 2020)",27.0
1649,"(512, 2021)",27.0
1670,"(513, 2020)",74.43785
1671,"(513, 2021)",74.43785
1689,"(524, 2017)",97.9
1690,"(524, 2018)",97.9
1691,"(524, 2019)",97.9
1692,"(524, 2020)",97.9
1693,"(524, 2021)",97.9
1694,"(528, 2000)",93.77527
1695,"(528, 2001)",93.77527
1696,"(528, 2002)",93.77527
1697,"(528, 2003)",89.09377
1698,"(528, 2004)",89.09377
1699,"(528, 2005)",89.09377
1700,"(528, 2006)",88.47191
1701,"(528, 2007)",88.47191
1702,"(528, 2008)",88.47191
1703,"(528, 2009)",86.58382
1704,"(528, 2010)",86.58382
1705,"(528, 2011)",86.58382
1706,"(528, 2012)",85.20645
1707,"(528, 2013)",85.20645
1708,"(528, 2014)",85.20645
1709,"(528, 2015)",83.26803
1710,"(528, 2016)",83.26803
1711,"(528, 2017)",83.26803
1712,"(528, 2018)",84.24937
1713,"(528, 2019)",84.24937
1714,"(528, 2020)",84.24937
1715,"(528, 2021)",84.24937
1716,"(554, 2000)",87.40651
1717,"(554, 2001)",87.40651
1718,"(554, 2002)",87.40651
1719,"(554, 2003)",84.93099
1720,"(554, 2004)",84.93099
1721,"(554, 2005)",84.93099
1722,"(554, 2006)",85.96488
1723,"(554, 2007)",85.96488
1724,"(554, 2008)",85.96488
1725,"(554, 2009)",84.59078
1726,"(554, 2010)",84.59078
1727,"(554, 2011)",84.59078
1728,"(554, 2012)",77.35591
1729,"(554, 2013)",77.35591
1730,"(554, 2014)",77.35591
1731,"(554, 2015)",78.3672
1732,"(554, 2016)",78.3672
1733,"(554, 2017)",78.3672
1734,"(554, 2018)",78.22116
1735,"(554, 2019)",78.22116
1736,"(554, 2020)",78.22116
1737,"(554, 2021)",78.22116
1738,"(578, 2000)",80.85547
1739,"(578, 2001)",80.85547
1740,"(578, 2002)",80.85547
1741,"(578, 2003)",79.15894
1742,"(578, 2004)",79.15894
1743,"(578, 2005)",79.15894
1744,"(578, 2006)",77.76227
1745,"(578, 2007)",77.76227
1746,"(578, 2008)",77.76227
1747,"(578, 2009)",81.82223
1748,"(578, 2010)",81.82223
1749,"(578, 2011)",81.82223
1750,"(578, 2012)",77.69096
1751,"(578, 2013)",77.69096
1752,"(578, 2014)",77.69096
1753,"(578, 2015)",82.92348
1754,"(578, 2016)",82.92348
1755,"(578, 2017)",82.92348
1756,"(578, 2018)",81.13407
1757,"(578, 2019)",81.13407
1758,"(578, 2020)",81.13407
1759,"(578, 2021)",81.13407
1769,"(591, 2009)",21.24353
1770,"(591, 2010)",21.24353
1771,"(591, 2011)",21.24353
1772,"(591, 2012)",21.24353
1773,"(591, 2013)",21.24353
1774,"(591, 2014)",21.24353
1775,"(591, 2015)",21.24353
1776,"(591, 2016)",21.24353
1777,"(591, 2017)",21.24353
1778,"(591, 2018)",18.81942
1779,"(591, 2019)",18.81942
1780,"(591, 2020)",18.81942
1781,"(591, 2021)",18.81942
1797,"(600, 2015)",8.34693
1798,"(600, 2016)",8.34693
1799,"(600, 2017)",8.34693
1800,"(600, 2018)",8.34693
1801,"(600, 2019)",8.34693
1802,"(600, 2020)",8.34693
1803,"(600, 2021)",8.34693
1804,"(604, 2000)",11.70668
1805,"(604, 2001)",11.70668
1806,"(604, 2002)",11.70668
1807,"(604, 2003)",11.70668
1808,"(604, 2004)",11.70668
1809,"(604, 2005)",11.70668
1810,"(604, 2006)",11.70668
1811,"(604, 2007)",11.70668
1812,"(604, 2008)",11.70668
1813,"(604, 2009)",26.46852
1814,"(604, 2010)",26.46852
1815,"(604, 2011)",26.46852
1816,"(604, 2012)",25.4186
1817,"(604, 2013)",25.4186
1818,"(604, 2014)",25.4186
1819,"(604, 2015)",25.4186
1820,"(604, 2016)",25.4186
1821,"(604, 2017)",25.4186
1822,"(604, 2018)",25.4186
1823,"(604, 2019)",25.4186
1824,"(604, 2020)",25.4186
1825,"(604, 2021)",25.4186
1829,"(608, 2003)",14.15759
1830,"(608, 2004)",14.15759
1831,"(608, 2005)",14.15759
1832,"(608, 2006)",14.15759
1833,"(608, 2007)",14.15759
1834,"(608, 2008)",14.15759
1835,"(608, 2009)",14.15759
1836,"(608, 2010)",14.15759
1837,"(608, 2011)",14.15759
1838,"(608, 2012)",14.15759
1839,"(608, 2013)",14.15759
1840,"(608, 2014)",14.15759
1841,"(608, 2015)",14.15759
1842,"(608, 2016)",14.15759
1843,"(608, 2017)",14.15759
1844,"(608, 2018)",14.15759
1845,"(608, 2019)",14.15759
1846,"(608, 2020)",14.15759
1847,"(608, 2021)",14.15759
1848,"(616, 2000)",69.47312
1849,"(616, 2001)",69.47312
1850,"(616, 2002)",69.47312
1851,"(616, 2003)",77.95335
1852,"(616, 2004)",77.95335
1853,"(616, 2005)",77.95335
1854,"(616, 2006)",80.15566
1855,"(616, 2007)",80.15566
1856,"(616, 2008)",80.15566
1857,"(616, 2009)",79.5126
1858,"(616, 2010)",79.5126
1859,"(616, 2011)",79.5126
1860,"(616, 2012)",85.6134
1861,"(616, 2013)",85.6134
1862,"(616, 2014)",85.6134
1863,"(616, 2015)",82.80602
1864,"(616, 2016)",82.80602
1865,"(616, 2017)",82.80602
1866,"(616, 2018)",85.28033
1867,"(616, 2019)",85.28033
1868,"(616, 2020)",85.28033
1869,"(616, 2021)",85.28033
1870,"(620, 2000)",65.38315
1871,"(620, 2001)",65.38315
1872,"(620, 2002)",65.38315
1873,"(620, 2003)",69.93223
1874,"(620, 2004)",69.93223
1875,"(620, 2005)",69.93223
1876,"(620, 2006)",69.28377
1877,"(620, 2007)",69.28377
1878,"(620, 2008)",69.28377
1879,"(620, 2009)",76.28293
1880,"(620, 2010)",76.28293
1881,"(620, 2011)",76.28293
1882,"(620, 2012)",75.09392
1883,"(620, 2013)",75.09392
1884,"(620, 2014)",75.09392
1885,"(620, 2015)",76.23528
1886,"(620, 2016)",76.23528
1887,"(620, 2017)",76.23528
1888,"(620, 2018)",76.71888
1889,"(620, 2019)",76.71888
1890,"(620, 2020)",76.71888
1891,"(620, 2021)",76.71888
1911,"(630, 2019)",1.0
1912,"(630, 2020)",1.0
1913,"(630, 2021)",1.0
1921,"(634, 2007)",3.66729
1922,"(634, 2008)",3.66729
1923,"(634, 2009)",3.66729
1924,"(634, 2010)",3.66729
1925,"(634, 2011)",29.11703
1926,"(634, 2012)",29.11703
1927,"(634, 2013)",29.11703
1928,"(634, 2014)",29.11703
1929,"(634, 2015)",36.0433
1930,"(634, 2016)",36.0433
1931,"(634, 2017)",36.0433
1932,"(634, 2018)",36.0433
1933,"(634, 2019)",37.0
1934,"(634, 2020)",37.0
1935,"(634, 2021)",37.0
1936,"(642, 2000)",52.04889
1937,"(642, 2001)",52.04889
1938,"(642, 2002)",52.04889
1939,"(642, 2003)",52.04889
1940,"(642, 2004)",52.04889
1941,"(642, 2005)",52.04889
1942,"(642, 2006)",47.25622
1943,"(642, 2007)",47.25622
1944,"(642, 2008)",47.25622
1945,"(642, 2009)",52.98107
1946,"(642, 2010)",52.98107
1947,"(642, 2011)",52.98107
1948,"(642, 2012)",59.1757
1949,"(642, 2013)",59.1757
1950,"(642, 2014)",59.1757
1951,"(642, 2015)",60.05357
1952,"(642, 2016)",60.05357
1953,"(642, 2017)",60.05357
1954,"(642, 2018)",53.44872
1955,"(642, 2019)",53.44872
1956,"(642, 2020)",53.44872
1957,"(642, 2021)",53.44872
1958,"(643, 2000)",71.0237
1959,"(643, 2001)",71.0237
1960,"(643, 2002)",71.0237
1961,"(643, 2003)",69.7769
1962,"(643, 2004)",69.7769
1963,"(643, 2005)",69.7769
1964,"(643, 2006)",73.37067
1965,"(643, 2007)",73.37067
1966,"(643, 2008)",73.37067
1967,"(643, 2009)",71.42569
1968,"(643, 2010)",71.42569
1969,"(643, 2011)",71.42569
1970,"(643, 2012)",76.04776
1971,"(643, 2013)",76.04776
1972,"(643, 2014)",76.04776
1973,"(643, 2015)",81.06867
1974,"(643, 2016)",81.06867
1975,"(643, 2017)",81.06867
1976,"(643, 2018)",78.35717
1977,"(643, 2019)",78.35717
1978,"(643, 2020)",78.35717
1979,"(643, 2021)",78.35717
1983,"(682, 2003)",3.1712
1984,"(682, 2004)",3.1712
1985,"(682, 2005)",3.1712
1986,"(682, 2006)",3.1712
1987,"(682, 2007)",2.64837
1988,"(682, 2008)",2.64837
1989,"(682, 2009)",2.64837
1990,"(682, 2010)",2.64837
1991,"(682, 2011)",20.17682
1992,"(682, 2012)",20.17682
1993,"(682, 2013)",20.17682
1994,"(682, 2014)",20.17682
1995,"(682, 2015)",11.1165
1996,"(682, 2016)",11.1165
1997,"(682, 2017)",11.1165
1998,"(682, 2018)",11.1165
1999,"(682, 2019)",15.0
2000,"(682, 2020)",15.0
2001,"(682, 2021)",15.0
2017,"(686, 2015)",7.70825
2018,"(686, 2016)",7.70825
2019,"(686, 2017)",7.70825
2020,"(686, 2018)",7.70825
2021,"(686, 2019)",7.70825
2022,"(686, 2020)",7.70825
2023,"(686, 2021)",7.70825
2027,"(688, 2003)",57.91254
2028,"(688, 2004)",57.91254
2029,"(688, 2005)",57.91254
2030,"(688, 2006)",57.4
2031,"(688, 2007)",57.4
2032,"(688, 2008)",57.4
2033,"(688, 2009)",59.41726
2034,"(688, 2010)",59.41726
2035,"(688, 2011)",59.41726
2036,"(688, 2012)",61.0901
2037,"(688, 2013)",61.0901
2038,"(688, 2014)",61.0901
2039,"(688, 2015)",61.0901
2040,"(688, 2016)",61.0901
2041,"(688, 2017)",61.0901
2042,"(688, 2018)",60.25027
2043,"(688, 2019)",60.25027
2044,"(688, 2020)",60.25027
2045,"(688, 2021)",60.25027
2049,"(702, 2003)",92.85376
2050,"(702, 2004)",92.85376
2051,"(702, 2005)",92.85376
2052,"(702, 2006)",92.85376
2053,"(702, 2007)",88.17274
2054,"(702, 2008)",88.17274
2055,"(702, 2009)",88.17274
2056,"(702, 2010)",88.17274
2057,"(702, 2011)",92.47683
2058,"(702, 2012)",92.47683
2059,"(702, 2013)",92.47683
2060,"(702, 2014)",92.47683
2061,"(702, 2015)",93.5535
2062,"(702, 2016)",93.5535
2063,"(702, 2017)",93.5535
2064,"(702, 2018)",93.5535
2065,"(702, 2019)",92.0
2066,"(702, 2020)",92.0
2067,"(702, 2021)",92.0
2071,"(703, 2003)",80.05287
2072,"(703, 2004)",80.05287
2073,"(703, 2005)",80.05287
2074,"(703, 2006)",79.13115
2075,"(703, 2007)",79.13115
2076,"(703, 2008)",79.13115
2077,"(703, 2009)",78.97378
2078,"(703, 2010)",78.97378
2079,"(703, 2011)",78.97378
2080,"(703, 2012)",72.53614
2081,"(703, 2013)",72.53614
2082,"(703, 2014)",72.53614
2083,"(703, 2015)",72.28645
2084,"(703, 2016)",72.28645
2085,"(703, 2017)",72.28645
2086,"(703, 2018)",74.91159
2087,"(703, 2019)",74.91159
2088,"(703, 2020)",74.91159
2089,"(703, 2021)",74.91159
2102,"(704, 2012)",85.75126
2103,"(704, 2013)",85.75126
2104,"(704, 2014)",85.75126
2105,"(704, 2015)",80.89702
2106,"(704, 2016)",80.89702
2107,"(704, 2017)",80.89702
2108,"(704, 2018)",80.89702
2109,"(704, 2019)",80.89702
2110,"(704, 2020)",80.89702
2111,"(704, 2021)",80.89702
2118,"(705, 2006)",82.33539
2119,"(705, 2007)",82.33539
2120,"(705, 2008)",82.33539
2121,"(705, 2009)",79.65434
2122,"(705, 2010)",79.65434
2123,"(705, 2011)",79.65434
2124,"(705, 2012)",79.91342
2125,"(705, 2013)",79.91342
2126,"(705, 2014)",79.91342
2127,"(705, 2015)",83.88622
2128,"(705, 2016)",83.88622
2129,"(705, 2017)",83.88622
2130,"(705, 2018)",83.56619
2131,"(705, 2019)",83.56619
2132,"(705, 2020)",83.56619
2133,"(705, 2021)",83.56619
2134,"(724, 2000)",73.83024
2135,"(724, 2001)",73.83024
2136,"(724, 2002)",73.83024
2137,"(724, 2003)",77.03344
2138,"(724, 2004)",77.03344
2139,"(724, 2005)",77.03344
2140,"(724, 2006)",75.30781
2141,"(724, 2007)",75.30781
2142,"(724, 2008)",75.30781
2143,"(724, 2009)",76.26852
2144,"(724, 2010)",76.26852
2145,"(724, 2011)",76.26852
2146,"(724, 2012)",76.3946
2147,"(724, 2013)",76.3946
2148,"(724, 2014)",76.3946
2149,"(724, 2015)",77.80463
2150,"(724, 2016)",77.80463
2151,"(724, 2017)",77.80463
2152,"(724, 2018)",75.30453
2153,"(724, 2019)",75.30453
2154,"(724, 2020)",75.30453
2155,"(724, 2021)",75.30453
2176,"(747, 2020)",30.69897
2177,"(747, 2021)",30.69897
2178,"(752, 2000)",83.29255
2179,"(752, 2001)",83.29255
2180,"(752, 2002)",83.29255
2181,"(752, 2003)",82.72571
2182,"(752, 2004)",82.72571
2183,"(752, 2005)",82.72571
2184,"(752, 2006)",81.6871
2185,"(752, 2007)",81.6871
2186,"(752, 2008)",81.6871
2187,"(752, 2009)",78.9245
2188,"(752, 2010)",78.9245
2189,"(752, 2011)",78.9245
2190,"(752, 2012)",72.92808
2191,"(752, 2013)",72.92808
2192,"(752, 2014)",72.92808
2193,"(752, 2015)",79.16255
2194,"(752, 2016)",79.16255
2195,"(752, 2017)",79.16255
2196,"(752, 2018)",81.19206
2197,"(752, 2019)",81.19206
2198,"(752, 2020)",81.19206
2199,"(752, 2021)",81.19206
2220,"(753, 2020)",63.31885
2221,"(753, 2021)",63.31885
2222,"(756, 2000)",86.3056
2223,"(756, 2001)",86.3056
2224,"(756, 2002)",86.3056
2225,"(756, 2003)",85.46751
2226,"(756, 2004)",85.46751
2227,"(756, 2005)",85.46751
2228,"(756, 2006)",86.47398
2229,"(756, 2007)",86.47398
2230,"(756, 2008)",86.47398
2231,"(756, 2009)",86.52938
2232,"(756, 2010)",86.52938
2233,"(756, 2011)",86.52938
2234,"(756, 2012)",87.55722
2235,"(756, 2013)",87.55722
2236,"(756, 2014)",87.55722
2237,"(756, 2015)",84.21991
2238,"(756, 2016)",84.21991
2239,"(756, 2017)",84.21991
2240,"(756, 2018)",83.17198
2241,"(756, 2019)",83.17198
2242,"(756, 2020)",83.17198
2243,"(756, 2021)",83.17198
2247,"(760, 2003)",7.2342
2248,"(760, 2004)",7.2342
2249,"(760, 2005)",7.2342
2250,"(760, 2006)",7.2342
2251,"(760, 2007)",17.07197
2252,"(760, 2008)",17.07197
2253,"(760, 2009)",17.07197
2254,"(760, 2010)",17.07197
2255,"(760, 2011)",17.28322
2256,"(760, 2012)",17.28322
2257,"(760, 2013)",17.28322
2258,"(760, 2014)",17.28322
2259,"(760, 2015)",17.28322
2260,"(760, 2016)",17.28322
2261,"(760, 2017)",17.28322
2262,"(760, 2018)",17.28322
2263,"(760, 2019)",17.28322
2264,"(760, 2020)",17.28322
2265,"(760, 2021)",17.28322
2266,"(764, 2000)",54.41623
2267,"(764, 2001)",54.41623
2268,"(764, 2002)",54.41623
2269,"(764, 2003)",46.03648
2270,"(764, 2004)",46.03648
2271,"(764, 2005)",46.03648
2272,"(764, 2006)",47.00267
2273,"(764, 2007)",47.00267
2274,"(764, 2008)",47.00267
2275,"(764, 2009)",47.47285
2276,"(764, 2010)",47.47285
2277,"(764, 2011)",47.47285
2278,"(764, 2012)",50.26261
2279,"(764, 2013)",50.26261
2280,"(764, 2014)",50.26261
2281,"(764, 2015)",46.21988
2282,"(764, 2016)",46.21988
2283,"(764, 2017)",46.21988
2284,"(764, 2018)",47.30025
2285,"(764, 2019)",47.30025
2286,"(764, 2020)",47.30025
2287,"(764, 2021)",47.30025
2297,"(780, 2009)",46.81377
2298,"(780, 2010)",46.81377
2299,"(780, 2011)",46.81377
2300,"(780, 2012)",46.81377
2301,"(780, 2013)",46.81377
2302,"(780, 2014)",46.81377
2303,"(780, 2015)",47.74702
2304,"(780, 2016)",47.74702
2305,"(780, 2017)",47.74702
2306,"(780, 2018)",47.74702
2307,"(780, 2019)",47.74702
2308,"(780, 2020)",47.74702
2309,"(780, 2021)",47.74702
2321,"(784, 2011)",42.47908
2322,"(784, 2012)",42.47908
2323,"(784, 2013)",42.47908
2324,"(784, 2014)",42.47908
2325,"(784, 2015)",46.44213
2326,"(784, 2016)",46.44213
2327,"(784, 2017)",46.44213
2328,"(784, 2018)",46.44213
2329,"(784, 2019)",50.0
2330,"(784, 2020)",50.0
2331,"(784, 2021)",50.0
2335,"(788, 2003)",22.00931
2336,"(788, 2004)",22.00931
2337,"(788, 2005)",22.00931
2338,"(788, 2006)",27.53053
2339,"(788, 2007)",27.53053
2340,"(788, 2008)",27.53053
2341,"(788, 2009)",26.43368
2342,"(788, 2010)",26.43368
2343,"(788, 2011)",26.43368
2344,"(788, 2012)",32.25001
2345,"(788, 2013)",32.25001
2346,"(788, 2014)",32.25001
2347,"(788, 2015)",25.1943
2348,"(788, 2016)",25.1943
2349,"(788, 2017)",25.1943
2350,"(788, 2018)",25.1943
2351,"(788, 2019)",25.1943
2352,"(788, 2020)",25.1943
2353,"(788, 2021)",25.1943
2361,"(792, 2007)",32.86918
2362,"(792, 2008)",32.86918
2363,"(792, 2009)",32.86918
2364,"(792, 2010)",32.86918
2365,"(792, 2011)",40.399
2366,"(792, 2012)",40.399
2367,"(792, 2013)",40.399
2368,"(792, 2014)",40.399
2369,"(792, 2015)",42.38519
2370,"(792, 2016)",42.38519
2371,"(792, 2017)",42.38519
2372,"(792, 2018)",42.38519
2373,"(792, 2019)",56.0
2374,"(792, 2020)",56.0
2375,"(792, 2021)",56.0
2390,"(800, 2014)",41.5
2391,"(800, 2015)",41.5
2392,"(800, 2016)",41.5
2393,"(800, 2017)",41.5
2394,"(800, 2018)",41.5
2395,"(800, 2019)",41.5
2396,"(800, 2020)",41.5
2397,"(800, 2021)",41.5
2405,"(804, 2007)",46.11712
2406,"(804, 2008)",46.11712
2407,"(804, 2009)",46.11712
2408,"(804, 2010)",46.11712
2409,"(804, 2011)",52.72992
2410,"(804, 2012)",52.72992
2411,"(804, 2013)",52.72992
2412,"(804, 2014)",52.72992
2413,"(804, 2015)",52.72992
2414,"(804, 2016)",52.72992
2415,"(804, 2017)",52.72992
2416,"(804, 2018)",52.72992
2417,"(804, 2019)",52.72992
2418,"(804, 2020)",52.72992
2419,"(804, 2021)",52.72992
2420,"(807, 2000)",35.38036
2421,"(807, 2001)",35.38036
2422,"(807, 2002)",35.38036
2423,"(807, 2003)",35.38036
2424,"(807, 2004)",35.38036
2425,"(807, 2005)",35.38036
2426,"(807, 2006)",35.38036
2427,"(807, 2007)",35.38036
2428,"(807, 2008)",35.38036
2429,"(807, 2009)",35.38036
2430,"(807, 2010)",35.38036
2431,"(807, 2011)",35.38036
2432,"(807, 2012)",35.38036
2433,"(807, 2013)",35.38036
2434,"(807, 2014)",35.38036
2435,"(807, 2015)",29.77354
2436,"(807, 2016)",29.77354
2437,"(807, 2017)",29.77354
2438,"(807, 2018)",38.96393
2439,"(807, 2019)",38.96393
2440,"(807, 2020)",38.96393
2441,"(807, 2021)",38.96393
2445,"(818, 2003)",23.69188
2446,"(818, 2004)",23.69188
2447,"(818, 2005)",23.69188
2448,"(818, 2006)",23.69188
2449,"(818, 2007)",21.10257
2450,"(818, 2008)",21.10257
2451,"(818, 2009)",21.10257
2452,"(818, 2010)",21.10257
2453,"(818, 2011)",21.10257
2454,"(818, 2012)",21.10257
2455,"(818, 2013)",21.10257
2456,"(818, 2014)",21.10257
2457,"(818, 2015)",21.31782
2458,"(818, 2016)",21.31782
2459,"(818, 2017)",21.31782
2460,"(818, 2018)",21.31782
2461,"(818, 2019)",21.31782
2462,"(818, 2020)",21.31782
2463,"(818, 2021)",21.31782
2464,"(826, 2000)",88.42466
2465,"(826, 2001)",88.42466
2466,"(826, 2002)",88.42466
2467,"(826, 2003)",82.23685
2468,"(826, 2004)",82.23685
2469,"(826, 2005)",82.23685
2470,"(826, 2006)",80.24634
2471,"(826, 2007)",80.24634
2472,"(826, 2008)",80.24634
2473,"(826, 2009)",79.81603
2474,"(826, 2010)",79.81603
2475,"(826, 2011)",79.81603
2476,"(826, 2012)",78.18722
2477,"(826, 2013)",78.18722
2478,"(826, 2014)",78.18722
2479,"(826, 2015)",78.13294
2480,"(826, 2016)",78.13294
2481,"(826, 2017)",78.13294
2482,"(826, 2018)",80.77064
2483,"(826, 2019)",80.77064
2484,"(826, 2020)",80.77064
2485,"(826, 2021)",80.77064
2486,"(840, 2000)",76.93842
2487,"(840, 2001)",76.93842
2488,"(840, 2002)",76.93842
2489,"(840, 2003)",74.28807
2490,"(840, 2004)",74.28807
2491,"(840, 2005)",74.28807
2492,"(840, 2006)",71.86413
2493,"(840, 2007)",71.86413
2494,"(840, 2008)",71.86413
2495,"(840, 2009)",76.60612
2496,"(840, 2010)",76.60612
2497,"(840, 2011)",76.60612
2498,"(840, 2012)",74.15411
2499,"(840, 2013)",74.15411
2500,"(840, 2014)",74.15411
2501,"(840, 2015)",70.62118
2502,"(840, 2016)",70.62118
2503,"(840, 2017)",70.62118
2504,"(840, 2018)",72.89155
2505,"(840, 2019)",72.89155
2506,"(840, 2020)",72.89155
2507,"(840, 2021)",72.89155
2511,"(858, 2003)",51.91718
2512,"(858, 2004)",51.91718
2513,"(858, 2005)",51.91718
2514,"(858, 2006)",53.88632
2515,"(858, 2007)",53.88632
2516,"(858, 2008)",53.88632
2517,"(858, 2009)",52.42887
2518,"(858, 2010)",52.42887
2519,"(858, 2011)",52.42887
2520,"(858, 2012)",44.21559
2521,"(858, 2013)",44.21559
2522,"(858, 2014)",44.21559
2523,"(858, 2015)",47.57152
2524,"(858, 2016)",47.57152
2525,"(858, 2017)",47.57152
2526,"(858, 2018)",49.29437
2527,"(858, 2019)",49.29437
2528,"(858, 2020)",49.29437
2529,"(858, 2021)",49.29437
2545,"(894, 2015)",2.29846
2546,"(894, 2016)",2.29846
2547,"(894, 2017)",2.29846
2548,"(894, 2018)",2.29846
2549,"(894, 2019)",2.29846
2550,"(894, 2020)",2.29846
2551,"(894, 2021)",2.29846
