,year,navarea_i,navarea_ii,navarea_iii,navarea_iv,navarea_ix,navarea_v,navarea_vi,navarea_vii,navarea_viii,navarea_x,navarea_xi,navarea_xii,navarea_xiii,navarea_xiv,navarea_xv,navarea_xvi,poverty_percentage,attacks,math_benchmark_percent,reading_benchmark_percent,sea_law_adoption,R&D_proportion_of_GDP,full_time_researchers_per_million,high_risk
0,2015,0,0,0,0,0,0,0,0,0,0,1,0,0,0,0,0,0.7,30,78.9,0.0,95.0,2.05701,1150.81931,1
2,2015,0,0,0,0,0,0,0,0,1,0,0,0,0,0,0,0,22.5,71,0.0,0.0,0.0,0.6931,216.00083,1
4,2015,0,0,0,0,0,0,0,0,0,0,1,0,0,0,0,0,5.8,621,31.35022,44.62185,0.0,0.0847,89.4684,1
7,2010,0,0,0,0,0,0,0,0,0,0,1,0,0,0,0,0,13.3,621,23.33033,46.5781,0.0,0.08332,89.4684,1
8,2010,0,0,0,0,0,0,0,0,0,0,0,0,0,0,0,1,5.5,40,26.46852,35.23174,0.0,0.15578,10.0,1
11,2010,0,0,0,0,0,0,0,0,1,0,0,0,0,0,0,0,19.2,105,0.0,0.0,90.0,25.0,10.0,1
13,2010,0,0,0,0,0,0,0,0,0,0,1,0,0,0,0,0,0.6,98,40.67198,56.03299,60.0,1.03608,1462.46876,1
15,2010,0,0,0,1,0,0,0,0,0,0,0,0,0,0,0,0,25.0,20,0.0,0.0,0.0,25.0,10.0,1
16,2010,0,0,0,0,0,0,0,0,1,0,0,0,0,0,0,0,32.8,71,0.0,0.0,0.0,0.78849,156.21967,1
20,2010,0,0,0,0,0,0,0,0,0,0,1,0,0,0,0,0,4.0,74,0.0,0.0,0.0,0.19273,114.40569,1
24,2010,0,1,0,0,0,0,0,0,0,0,0,0,0,0,0,0,30.4,17,0.0,0.0,0.0,25.0,69.13831,1
28,2010,0,1,0,0,0,0,0,0,0,0,0,0,0,0,0,0,8.4,1,0.0,0.0,0.0,25.0,135.45516,0
32,2010,0,0,0,0,0,0,0,0,0,0,0,1,0,0,0,0,5.7,19,0.0,0.0,57.0,0.40297,140.58063,1
36,2010,0,0,0,0,0,0,0,0,0,0,1,0,0,0,0,0,10.7,94,14.15759,0.0,70.0,0.10901,81.21262,1
53,2010,0,0,0,0,0,0,0,0,1,0,0,0,0,0,0,0,43.9,10,0.0,0.0,0.0,0.78577,221.38592,0
58,2011,0,0,0,0,0,0,0,0,0,0,1,0,0,0,0,0,0.1,98,40.67198,56.03299,60.0,1.03342,1648.88372,1
74,2011,0,0,0,0,0,0,0,0,1,0,0,0,0,0,0,0,19.2,105,0.0,0.0,90.0,25.0,10.0,1
78,2011,0,1,0,0,0,0,0,0,0,0,0,0,0,0,0,0,39.6,33,0.0,0.0,0.0,25.0,32.5349,1
81,2011,0,0,0,0,1,0,0,0,0,0,0,0,0,0,0,0,25.0,40,0.0,0.0,0.0,25.0,10.0,1
82,2011,0,0,0,1,0,0,0,0,0,0,0,0,0,0,0,0,6.3,40,29.55274,52.88558,50.0,0.20595,10.0,1
86,2011,0,0,0,0,1,0,0,0,0,0,0,0,0,0,0,0,9.4,73,0.0,0.0,0.0,25.0,10.0,1
87,2011,0,0,0,0,0,0,0,0,0,0,1,0,0,0,0,0,10.9,621,23.33033,46.5781,0.0,0.08332,89.4684,1
89,2011,0,0,0,0,0,0,0,0,0,0,0,1,0,0,0,0,4.7,19,0.0,0.0,57.0,0.33991,179.50769,1
92,2010,0,0,0,0,1,0,0,0,0,0,0,0,0,0,0,0,25.0,40,0.0,0.0,0.0,25.0,10.0,1
100,2010,0,0,0,1,0,0,0,0,0,0,0,0,0,0,0,0,25.0,12,0.0,0.0,65.0,25.0,10.0,0
104,2010,0,1,0,0,0,0,0,0,0,0,0,0,0,0,0,0,58.4,21,0.0,0.0,0.0,25.0,10.0,1
105,2010,0,0,0,0,1,0,0,0,0,0,0,0,0,0,0,0,9.4,73,0.0,0.0,0.0,25.0,10.0,1
119,2011,0,0,0,0,0,0,0,0,0,0,1,0,0,0,0,0,4.0,74,0.0,0.0,0.0,0.19044,114.40569,1
122,2011,0,0,0,0,0,0,0,0,0,0,0,0,0,0,0,1,5.2,40,26.46852,35.23174,0.0,0.08282,10.0,1
124,2011,0,1,0,0,0,0,0,0,0,0,0,0,0,0,0,0,56.4,130,0.0,0.0,0.0,0.13223,38.78981,1
133,2011,0,0,0,0,0,0,0,0,1,0,0,0,0,0,0,0,22.5,71,0.0,0.0,0.0,0.75502,156.21967,1
143,2010,0,0,0,0,1,0,0,0,0,0,0,0,0,0,0,0,20.2,15,0.0,0.0,0.0,25.0,10.0,1
156,2010,0,0,0,0,0,0,0,0,0,0,1,0,0,0,0,0,25.0,17,88.17274,87.51895,0.0,1.93137,6241.86151,1
157,2010,0,1,0,0,0,0,0,0,0,0,0,0,0,0,0,0,31.8,15,0.0,0.0,0.0,25.0,10.0,1
202,2010,0,1,0,0,0,0,0,0,0,0,0,0,0,0,0,0,71.4,4,0.0,0.0,0.0,25.0,10.0,0
218,2010,0,0,0,0,1,0,0,0,0,0,0,0,0,0,0,0,1.5,2,0.0,0.0,13.0,0.03684,432.01568,0
309,2010,0,1,0,0,0,0,0,0,0,0,0,0,0,0,0,0,56.4,130,0.0,0.0,0.0,0.13223,38.78981,1
336,2010,0,0,0,0,0,1,0,0,0,0,0,0,0,0,0,0,5.4,21,30.88083,50.44337,0.0,1.15992,686.12491,1
347,2010,0,0,0,1,0,0,0,0,0,0,0,0,0,0,0,0,6.7,43,0.0,0.0,0.0,0.18823,204.04403,1
357,2011,0,0,0,0,1,0,0,0,0,0,0,0,0,0,0,0,20.2,15,0.0,0.0,0.0,25.0,10.0,1
381,2010,0,1,0,0,0,0,0,0,0,0,0,0,0,0,0,0,34.4,13,0.0,0.0,0.0,25.0,10.0,0
404,2010,0,0,0,0,0,0,0,0,1,0,0,0,0,0,0,0,60.3,16,0.0,0.0,0.0,0.37307,36.07047,1
418,2011,0,0,0,1,0,0,0,0,0,0,0,0,0,0,0,0,25.0,12,0.0,0.0,65.0,25.0,10.0,0
442,2010,0,0,0,0,0,0,0,0,0,0,0,1,0,0,0,0,7.8,40,29.55274,52.88558,50.0,0.19501,10.0,1
451,2010,0,0,0,0,0,0,0,0,1,0,0,0,0,0,0,0,25.0,19,0.0,0.0,0.0,25.0,10.0,1
463,2010,0,0,1,0,0,0,0,0,0,0,0,0,0,0,0,0,2.2,25,21.10257,0.0,0.0,0.43345,492.40565,1
471,2011,0,0,0,1,0,0,0,0,0,0,0,0,0,0,0,0,1.7,4,43.30638,67.37795,0.0,0.46782,406.20873,0
481,2011,0,1,0,0,0,0,0,0,0,0,0,0,0,0,0,0,23.4,12,4.84779,0.0,0.0,0.37655,37.95861,0
529,2011,0,1,0,0,0,0,0,0,0,0,0,0,0,0,0,0,53.2,14,0.0,0.0,0.0,25.0,10.0,0
597,2011,0,1,0,0,0,0,0,0,0,0,0,0,0,0,0,0,58.4,21,0.0,0.0,0.0,25.0,10.0,1
653,2011,0,1,0,0,0,0,0,0,0,0,0,0,0,0,0,0,94.3,9,0.0,0.0,0.0,0.07822,10.0,0
660,2011,0,0,0,0,1,0,0,0,0,0,0,0,0,0,0,0,2.2,25,21.10257,0.0,0.0,0.53154,491.76349,1
661,2011,0,1,0,0,0,0,0,0,0,0,0,0,0,0,0,0,34.4,13,0.0,0.0,0.0,25.0,47.48012,0
664,2011,0,0,0,0,0,0,0,0,1,0,0,0,0,0,0,0,25.0,1,0.0,0.0,0.0,0.16216,17.54637,0
781,2011,0,0,0,1,0,0,0,0,0,0,0,0,0,0,0,0,6.7,43,0.0,0.0,0.0,0.15296,232.62356,1
891,2011,0,0,0,0,0,0,0,0,0,0,1,0,0,0,0,0,10.7,94,14.15759,0.0,70.0,0.11222,84.10554,1
899,2011,0,0,0,1,0,0,0,0,0,0,0,0,0,0,0,0,25.0,20,0.0,0.0,0.0,25.0,10.0,1
905,2011,0,0,0,0,0,0,0,0,0,0,1,0,0,0,0,0,7.9,30,0.0,0.0,95.0,1.78034,957.56503,1
908,2010,0,0,0,0,0,0,0,0,0,0,1,0,0,0,0,0,11.2,30,0.0,0.0,95.0,1.71372,884.59337,1
966,2011,0,0,0,0,0,0,0,0,1,0,0,0,0,0,0,0,43.9,10,0.0,0.0,0.0,0.78577,221.38592,0
970,2013,0,0,0,0,0,0,0,0,0,0,1,0,0,0,0,0,7.3,621,24.30606,44.75408,0.0,0.0847,89.4684,1
972,2013,0,0,0,0,0,0,0,0,0,0,1,0,0,0,0,0,0.0,98,48.24566,47.27839,60.0,1.09269,1790.69463,1
974,2013,0,0,0,1,0,0,0,0,0,0,0,0,0,0,0,0,6.7,43,0.0,0.0,0.0,0.31853,363.7885,1
975,2013,0,0,0,1,0,0,0,0,0,0,0,0,0,0,0,0,0.1,14,77.64565,81.08346,0.0,2.23703,4154.81555,0
978,2013,0,0,0,0,0,0,0,0,0,0,1,0,0,0,0,0,2.7,74,85.75126,90.58469,0.0,0.37359,679.46269,1
981,2013,0,1,0,0,0,0,0,0,0,0,0,0,0,0,0,0,39.6,33,0.0,0.0,0.0,25.0,32.5349,1
982,2013,0,1,0,0,0,0,0,0,0,0,0,0,0,0,0,0,54.7,10,0.0,0.0,0.0,25.0,10.0,0
983,2013,0,0,0,0,0,0,0,0,1,0,0,0,0,0,0,0,22.5,71,0.0,0.0,0.0,0.70642,156.21967,1
987,2012,0,0,0,0,0,0,0,0,0,0,1,0,0,0,0,0,9.5,621,24.30606,44.75408,0.0,0.08332,89.4684,1
988,2012,0,0,0,0,1,0,0,0,0,0,0,0,0,0,0,0,9.4,73,0.0,0.0,0.0,25.0,10.0,1
990,2012,0,0,0,0,1,0,0,0,0,0,0,0,0,0,0,0,25.0,7,16.40903,0.0,0.0,0.20857,172.55775,0
992,2012,0,1,0,0,0,0,0,0,0,0,0,0,0,0,0,0,30.4,17,0.0,0.0,0.0,25.0,69.13831,1
993,2012,0,1,0,0,0,0,0,0,0,0,0,0,0,0,0,0,39.6,33,0.0,0.0,0.0,25.0,32.5349,1
995,2012,0,1,0,0,0,0,0,0,0,0,0,0,0,0,0,0,56.4,130,0.0,0.0,0.0,0.13223,38.78981,1
999,2012,0,0,0,0,0,0,0,0,1,0,0,0,0,0,0,0,19.2,105,0.0,0.0,90.0,25.0,10.0,1
1005,2012,0,1,0,0,0,0,0,0,0,0,0,0,0,0,0,0,36.1,21,0.0,0.0,0.0,25.0,10.0,1
1014,2013,0,0,0,0,0,0,0,0,0,0,0,1,0,0,0,0,5.6,40,26.18298,48.55411,50.0,0.27111,57.3604,1
1016,2013,0,0,0,0,0,0,0,0,0,0,0,1,0,0,0,0,3.2,19,0.0,0.0,57.0,0.3799,350.66109,1
1018,2013,0,1,0,0,0,0,0,0,0,0,0,0,0,0,0,0,55.0,33,0.0,0.0,0.0,0.22324,35.78489,1
1019,2013,0,1,0,0,0,0,0,0,0,0,0,0,0,0,0,0,56.4,130,0.0,0.0,0.0,0.13223,38.78981,1
1033,2011,0,0,0,0,1,0,0,0,0,0,0,0,0,0,0,0,25.0,7,16.40903,0.0,0.0,0.1363,148.75852,0
1041,2011,0,0,0,0,0,0,0,0,0,0,1,0,0,0,0,0,25.0,17,92.47683,87.51895,0.0,2.07065,6405.06828,1
1052,2012,0,0,0,0,0,0,0,0,1,0,0,0,0,0,0,0,22.5,71,0.0,0.0,0.0,0.74399,156.21967,1
1053,2012,0,0,0,0,1,0,0,0,0,0,0,0,0,0,0,0,18.2,15,0.0,0.0,0.0,25.0,10.0,1
1059,2012,0,0,0,0,0,0,0,0,1,0,0,0,0,0,0,0,25.0,19,0.0,0.0,0.0,25.0,10.0,1
1082,2013,0,0,0,0,1,0,0,0,0,0,0,0,0,0,0,0,0.2,4,25.5313,0.0,0.0,0.25267,679.38896,0
1084,2013,0,0,1,0,0,0,0,0,0,0,0,0,0,0,0,0,1.5,25,21.10257,0.0,0.0,0.63895,539.02144,1
1087,2011,0,1,0,0,0,0,0,0,0,0,0,0,0,0,0,0,55.0,33,0.0,0.0,0.0,0.23476,34.45603,1
1098,2012,0,1,0,0,0,0,0,0,0,0,0,0,0,0,0,0,77.2,9,0.0,0.0,0.0,0.07822,10.0,0
1111,2012,0,0,0,0,0,0,0,0,0,0,1,0,0,0,0,0,0.1,98,48.24566,47.27839,60.0,1.09269,1790.69463,1
1115,2012,0,0,0,1,0,0,0,0,0,0,0,0,0,0,0,0,6.2,40,26.18298,48.55411,50.0,0.23378,10.0,1
1117,2012,0,0,0,0,0,0,0,0,0,0,0,1,0,0,0,0,4.5,19,0.0,0.0,57.0,0.33236,281.16658,1
1119,2012,0,0,0,0,0,0,0,0,0,0,0,0,0,0,0,1,4.8,40,25.4186,40.12246,0.0,0.0553,10.0,1
1121,2012,0,0,0,0,1,0,0,0,0,0,0,0,0,0,0,0,25.0,3,20.17682,0.0,0.0,0.87684,10.0,0
1125,2012,0,1,0,0,0,0,0,0,0,0,0,0,0,0,0,0,55.0,33,0.0,0.0,0.0,0.22324,35.78489,1
1126,2012,0,0,0,1,0,0,0,0,0,0,0,0,0,0,0,0,2.6,10,0.0,0.0,0.0,25.0,10.0,0
1130,2012,0,0,0,0,0,0,0,0,0,0,0,1,0,0,0,0,4.1,9,21.24353,34.74443,87.0,0.07534,37.65953,0
1142,2013,0,0,0,0,0,0,0,0,1,0,0,0,0,0,0,0,19.2,105,35.0,49.0,90.0,25.0,10.0,1
1160,2012,0,0,0,1,0,0,0,0,0,0,0,0,0,0,0,0,24.5,20,0.0,0.0,0.0,25.0,10.0,1
1180,2012,0,0,0,0,0,0,0,0,0,0,1,0,0,0,0,0,25.0,17,92.47683,90.1335,0.0,1.91939,6356.67186,1
1194,2013,0,0,0,0,1,0,0,0,0,0,0,0,0,0,0,0,9.4,73,0.0,0.0,0.0,25.0,10.0,1
1208,2012,0,0,0,0,0,0,0,1,0,0,0,0,0,0,0,0,69.7,11,0.0,0.0,0.0,0.38695,38.77089,0
1236,2013,0,0,0,0,0,0,0,0,0,0,0,0,0,0,0,1,4.4,40,25.4186,40.12246,0.0,0.08174,10.0,1
1241,2013,0,0,0,0,0,0,0,1,0,0,0,0,0,0,0,0,69.7,11,0.0,0.0,0.0,0.38695,38.77089,0
1269,2012,0,0,1,0,0,0,0,0,0,0,0,0,0,0,0,0,1.5,25,21.10257,0.0,0.0,0.50899,517.14349,1
1275,2012,0,0,0,0,1,0,0,0,0,0,0,0,0,0,0,0,1.1,4,25.5313,0.0,0.0,0.31655,697.06229,0
1278,2012,0,0,0,0,0,0,0,0,0,0,1,0,0,0,0,0,6.5,30,0.0,0.0,95.0,1.91214,1014.31188,1
1285,2013,0,0,0,0,0,0,0,0,1,0,0,0,0,0,0,0,25.0,19,0.0,0.0,0.0,25.0,10.0,1
1312,2011,0,0,0,0,0,0,0,0,1,0,0,0,0,0,0,0,49.6,16,0.0,0.0,0.0,0.37307,36.07047,1
1319,2011,0,0,0,0,0,1,0,0,0,0,0,0,0,0,0,0,4.7,21,30.88083,50.44337,0.0,1.13966,737.71786,1
1337,2013,0,0,0,1,0,0,0,0,0,0,0,0,0,0,0,0,25.0,12,0.0,0.0,65.0,25.0,10.0,0
1339,2013,0,0,0,0,1,0,0,0,0,0,0,0,0,0,0,0,22.3,15,0.0,0.0,0.0,25.0,10.0,1
1356,2013,0,0,0,0,1,0,0,0,0,0,0,0,0,0,0,0,25.0,40,0.0,0.0,0.0,25.0,10.0,1
1368,2011,0,0,0,0,0,0,0,0,1,0,0,0,0,0,0,0,25.0,3,0.0,0.0,0.0,0.30209,146.64741,0
1389,2012,0,0,0,1,0,0,0,0,0,0,0,0,0,0,0,0,1.7,4,40.1268,67.61731,0.0,0.55606,337.24403,0
1404,2013,0,1,0,0,0,0,0,0,0,0,0,0,0,0,0,0,10.9,1,0.0,0.0,0.0,25.0,10.0,0
1407,2013,0,1,0,0,0,0,0,0,0,0,0,0,0,0,0,0,8.0,3,0.0,0.0,0.0,0.57924,10.0,0
1416,2013,0,0,1,0,0,0,0,0,0,0,0,0,0,0,0,0,25.0,4,0.0,0.0,0.0,25.0,10.0,0
1420,2011,0,1,0,0,0,0,0,0,0,0,0,0,0,0,0,0,54.7,10,0.0,0.0,0.0,25.0,10.0,0
1439,2012,0,0,1,0,0,0,0,0,0,0,0,0,0,0,0,0,0.4,1,0.0,0.0,0.0,0.06604,168.71935,0
1440,2012,0,0,0,0,0,0,0,0,1,0,0,0,0,0,0,0,43.9,10,0.0,0.0,0.0,0.78577,221.38592,0
1441,2012,0,0,0,0,0,0,0,0,0,0,1,0,0,0,0,0,10.4,94,14.15759,0.0,70.0,0.11222,84.10554,1
1451,2013,0,0,0,0,0,0,0,0,0,0,1,0,0,0,0,0,10.4,94,14.15759,0.0,70.0,0.13207,186.91776,1
1519,2013,0,0,0,0,1,0,0,0,0,0,0,0,0,0,0,0,25.0,7,16.40903,0.0,0.0,0.16956,132.07693,0
1526,2013,0,1,0,0,0,0,0,0,0,0,0,0,0,0,0,0,30.4,17,0.0,0.0,0.0,25.0,69.13831,1
1562,2012,0,0,0,0,0,0,0,0,1,0,0,0,0,0,0,0,49.6,16,0.0,0.0,0.0,0.37307,36.07047,1
1564,2012,0,0,0,0,0,0,0,0,0,0,1,0,0,0,0,0,2.7,74,85.75126,90.58469,0.0,0.19044,114.40569,1
1576,2013,0,0,0,0,1,0,0,0,0,0,0,0,0,0,0,0,25.0,3,20.17682,0.0,0.0,0.81516,10.0,0
1597,2013,0,0,0,0,0,0,0,0,0,0,1,0,0,0,0,0,25.0,17,92.47683,90.1335,0.0,1.92335,6603.11177,1
1617,2012,0,1,0,0,0,0,0,0,0,0,0,0,0,0,0,0,53.2,14,0.0,0.0,0.0,25.0,10.0,0
1635,2013,0,0,0,0,0,0,0,0,1,0,0,0,0,0,0,0,49.6,16,0.0,0.0,0.0,0.51456,19.15202,1
1679,2012,0,0,0,0,1,0,0,0,0,0,0,0,0,0,0,0,25.0,40,0.0,0.0,0.0,25.0,10.0,1
1701,2013,0,0,0,1,0,0,0,0,0,0,0,0,0,0,0,0,2.8,9,21.24353,34.74443,87.0,0.06206,39.10899,0
1709,2013,0,0,0,1,0,0,0,0,0,0,0,0,0,0,0,0,25.0,7,0.0,0.0,0.0,25.0,10.0,0
1710,2013,0,0,0,1,0,0,0,0,0,0,0,0,0,0,0,0,25.0,19,0.0,0.0,0.0,0.12028,10.0,1
1711,2013,0,0,0,1,0,0,0,0,0,0,0,0,0,0,0,0,25.0,5,46.81377,55.19441,0.0,0.05667,10.0,0
1712,2013,0,0,1,0,0,0,0,0,0,0,0,0,0,0,0,0,1.4,1,63.78437,80.49904,0.0,1.30107,1930.68673,0
1769,2013,0,0,0,1,0,0,0,0,0,0,0,0,0,0,0,0,25.0,4,0.0,0.0,37.0,25.0,10.0,0
1774,2012,0,0,0,0,0,1,0,0,0,0,0,0,0,0,0,0,3.7,21,31.70972,49.22901,0.0,1.12684,788.48979,1
1784,2012,0,1,0,0,0,0,0,0,0,0,0,0,0,0,0,0,11.2,12,4.84779,0.0,0.0,0.37655,37.95861,0
1798,2012,0,1,0,0,0,0,0,0,0,0,0,0,0,0,0,0,31.8,15,0.0,0.0,0.0,25.0,10.0,1
1820,2013,0,0,0,1,0,0,0,0,0,0,0,0,0,0,0,0,2.2,10,0.0,0.0,0.0,25.0,10.0,0
1879,2015,0,0,0,0,0,0,0,0,0,0,1,0,0,0,0,0,6.1,94,14.15759,0.0,70.0,0.15683,105.68078,1
1884,2015,0,0,0,1,0,0,0,0,0,0,0,0,0,0,0,0,4.6,40,33.71327,57.16047,50.0,0.28975,69.54869,1
1886,2015,0,1,0,0,0,0,0,0,0,0,0,0,0,0,0,0,29.8,17,0.0,0.0,0.0,25.0,69.13831,1
1887,2015,0,0,0,0,0,0,0,0,1,0,0,0,0,0,0,0,25.0,19,0.0,0.0,0.0,25.0,10.0,1
1888,2015,0,0,0,0,0,0,0,0,0,0,1,0,0,0,0,0,2.6,74,80.89702,86.15665,0.0,0.44113,678.56047,1
1890,2015,0,0,0,0,0,0,0,0,1,0,0,0,0,0,0,0,19.2,105,57.0,54.0,90.0,25.0,10.0,1
1894,2015,0,0,0,0,0,1,0,0,0,0,0,0,0,0,0,0,3.2,21,29.74863,49.00791,0.0,1.34264,887.67844,1
1898,2015,0,1,0,0,0,0,0,0,0,0,0,0,0,0,0,0,39.6,33,0.0,0.0,0.0,25.0,32.5349,1
1911,2016,0,0,0,0,0,0,0,0,0,1,0,0,0,0,0,0,38.0,7,0.0,0.0,0.0,0.03158,35.48821,0
1912,2016,0,0,0,0,0,0,0,0,1,0,0,0,0,0,0,0,14.3,105,57.0,54.0,90.0,25.0,10.0,1
1914,2016,0,0,0,0,0,0,0,0,0,0,1,0,0,0,0,0,5.2,621,31.35022,44.62185,0.0,0.24535,178.87539,1
1915,2016,0,1,0,0,0,0,0,0,0,0,0,0,0,0,0,0,36.1,21,0.0,0.0,0.0,25.0,10.0,1
1917,2016,0,0,0,0,0,0,0,0,1,0,0,0,0,0,0,0,22.5,71,0.0,0.0,0.0,0.66984,216.00083,1
1921,2016,0,1,0,0,0,0,0,0,0,0,0,0,0,0,0,0,0.9,4,14.05927,0.0,0.0,0.71454,1073.54029,0
1922,2016,0,0,0,1,0,0,0,0,0,0,0,0,0,0,0,0,6.7,43,0.0,0.0,0.0,0.33713,300.25538,1
1923,2016,0,0,0,0,0,0,0,0,0,0,1,0,0,0,0,0,1.8,74,80.89702,86.15665,0.0,0.44113,678.56047,1
1925,2016,0,0,0,0,0,0,0,0,0,0,1,0,0,0,0,0,0.0,98,48.24566,47.27839,60.0,1.41517,2396.53998,1
1929,2016,0,0,0,1,0,0,0,0,0,0,0,0,0,0,0,0,24.5,20,0.0,0.0,0.0,25.0,10.0,1
1930,2014,0,0,0,0,0,0,0,0,0,0,1,0,0,0,0,0,10.4,94,14.15759,0.0,70.0,0.13207,186.91776,1
1933,2014,0,0,0,1,0,0,0,0,0,0,0,0,0,0,0,0,25.0,4,0.0,0.0,37.0,25.0,10.0,0
1935,2014,0,0,0,1,0,0,0,0,0,0,0,0,0,0,0,0,25.0,5,46.81377,55.19441,0.0,0.08172,10.0,0
1936,2014,0,0,0,0,0,0,0,0,0,0,1,0,0,0,0,0,6.2,621,24.30606,44.75408,0.0,0.0847,89.4684,1
1940,2014,0,1,0,0,0,0,0,0,0,0,0,0,0,0,0,0,56.4,130,0.0,0.0,0.0,0.13223,38.78981,1
1943,2014,0,0,0,0,0,0,0,0,0,0,1,0,0,0,0,0,0.0,98,48.24566,47.27839,60.0,1.26275,2054.16733,1
1945,2015,0,1,0,0,0,0,0,0,0,0,0,0,0,0,0,0,77.2,9,0.0,0.0,0.0,0.40638,10.56469,0
1958,2015,0,0,0,1,0,0,0,0,0,0,0,0,0,0,0,0,0.1,14,76.52206,78.51392,0.0,2.26703,4307.48974,0
1963,2015,0,0,0,0,0,0,0,0,0,1,0,0,0,0,0,0,38.0,7,0.0,0.0,0.0,25.0,10.0,0
1964,2016,0,0,0,0,0,0,0,0,0,0,1,0,0,0,0,0,0.5,30,78.9,79.6,95.0,2.10033,1196.68794,1
1967,2016,0,1,0,0,0,0,0,0,0,0,0,0,0,0,0,0,39.6,33,0.0,0.0,0.0,25.0,32.5349,1
1968,2015,0,1,0,0,0,0,0,0,0,0,0,0,0,0,0,0,56.4,130,0.0,0.0,0.0,0.13223,38.78981,1
1969,2016,0,1,0,0,0,0,0,0,0,0,0,0,0,0,0,0,56.4,130,0.0,0.0,0.0,0.13223,38.78981,1
1971,2016,0,0,0,1,0,0,0,0,0,0,0,0,0,0,0,0,25.0,2,0.0,0.0,67.0,25.0,10.0,0
1973,2016,0,1,0,0,0,0,0,0,0,0,0,0,0,0,0,0,29.8,17,0.0,0.0,0.0,0.0704,69.13831,1
1982,2013,0,0,0,1,0,0,0,0,0,0,0,0,0,0,0,0,25.0,2,0.0,0.0,0.0,25.0,10.0,0
1983,2013,0,0,0,0,0,0,0,0,1,0,0,0,0,0,0,0,43.9,10,0.0,0.0,0.0,0.78577,221.38592,0
1994,2014,0,1,0,0,0,0,0,0,0,0,0,0,0,0,0,0,55.0,33,0.0,0.0,0.0,0.26654,38.04847,1
1995,2014,0,0,0,0,1,0,0,0,0,0,0,0,0,0,0,0,22.3,15,0.0,0.0,0.0,25.0,10.0,1
2000,2014,0,0,0,0,0,0,0,0,1,0,0,0,0,0,0,0,19.2,105,35.0,49.0,90.0,25.0,10.0,1
2004,2014,0,1,0,0,0,0,0,0,0,0,0,0,0,0,0,0,77.2,9,0.0,0.0,0.0,0.07822,10.0,0
2010,2015,0,1,0,0,0,0,0,0,0,0,0,0,0,0,0,0,36.1,21,0.0,0.0,0.0,25.0,10.0,1
2021,2015,0,0,0,1,0,0,0,0,0,0,0,0,0,0,0,0,16.4,6,15.43761,29.69789,0.0,0.01497,22.38581,0
2030,2016,0,0,0,1,0,0,0,0,0,0,0,0,0,0,0,0,25.0,12,0.0,0.0,65.0,25.0,10.0,0
2032,2016,0,0,0,0,0,0,0,0,0,0,0,0,0,0,0,1,3.5,40,25.4186,40.12246,0.0,0.12008,10.0,1
2035,2016,0,1,0,0,0,0,0,0,0,0,0,0,0,0,0,0,34.4,13,0.0,0.0,0.0,0.03229,18.81599,0
2042,2013,0,1,0,0,0,0,0,0,0,0,0,0,0,0,0,0,31.8,15,0.0,0.0,0.0,25.0,10.0,1
2055,2014,0,1,0,0,0,0,0,0,0,0,0,0,0,0,0,0,39.6,33,0.0,0.0,0.0,25.0,32.5349,1
2056,2014,0,0,0,0,1,0,0,0,0,0,0,0,0,0,0,0,18.3,73,0.0,0.0,0.0,25.0,10.0,1
2057,2014,0,0,0,0,0,0,0,0,0,0,1,0,0,0,0,0,1.4,30,0.0,0.0,95.0,2.02243,1089.19646,1
2062,2014,0,1,0,0,0,0,0,0,0,0,0,0,0,0,0,0,11.2,12,4.84779,0.0,0.0,0.37655,37.95861,0
2071,2015,0,0,0,0,0,0,0,0,0,0,1,0,0,0,0,0,0.0,98,48.24566,47.27839,60.0,1.27945,2307.9544,1
2077,2015,0,0,0,1,0,0,0,0,0,0,0,0,0,0,0,0,24.5,20,0.0,0.0,0.0,25.0,10.0,1
2078,2015,0,0,0,1,0,0,0,0,0,0,0,0,0,0,0,0,25.0,2,0.0,0.0,0.0,25.0,10.0,0
2081,2016,0,0,0,0,0,0,0,0,0,0,1,0,0,0,0,0,6.1,94,14.15759,0.0,70.0,0.15683,105.68078,1
2084,2016,0,0,0,1,0,0,0,0,0,0,0,0,0,0,0,0,1.0,8,70.62118,81.00955,0.0,2.76145,4247.7483,0
2099,2013,0,0,0,0,0,1,0,0,0,0,0,0,0,0,0,0,3.1,21,31.70972,49.22901,0.0,1.19567,838.47208,1
2100,2013,0,1,0,0,0,0,0,0,0,0,0,0,0,0,0,0,0.9,4,11.79672,0.0,0.0,0.71454,850.27811,0
2105,2013,0,1,0,0,0,0,0,0,0,0,0,0,0,0,0,0,11.2,12,4.84779,0.0,0.0,0.37655,37.95861,0
2110,2014,0,1,0,0,0,0,0,0,0,0,0,0,0,0,0,0,41.7,4,0.0,0.0,0.0,25.0,10.0,0
2111,2014,0,1,0,0,0,0,0,0,0,0,0,0,0,0,0,0,26.0,15,0.0,0.0,0.0,25.0,10.0,1
2114,2014,0,0,0,0,1,0,0,0,0,0,0,0,0,0,0,0,25.0,40,0.0,0.0,0.0,25.0,10.0,1
2123,2014,0,0,0,0,0,0,0,1,0,0,0,0,0,0,0,0,78.8,2,0.0,0.0,50.0,0.01321,50.86468,0
2125,2014,0,0,0,0,0,0,0,0,1,0,0,0,0,0,0,0,22.5,71,0.0,0.0,0.0,0.70159,156.21967,1
2128,2014,0,0,0,0,0,0,0,0,0,0,1,0,0,0,0,0,2.6,74,85.75126,90.58469,0.0,0.37359,679.46269,1
2130,2015,0,0,0,0,0,0,0,0,0,0,1,0,0,0,0,0,25.0,17,93.5535,88.85071,0.0,2.18198,7006.63036,1
2145,2016,0,0,0,1,0,0,0,0,0,0,0,0,0,0,0,0,25.0,19,0.0,0.0,0.0,0.12028,10.0,1
2149,2016,0,0,0,0,0,0,0,0,1,0,0,0,0,0,0,0,37.1,10,0.0,0.0,0.0,0.78577,221.38592,0
2156,2016,0,0,0,1,0,0,0,0,0,0,0,0,0,0,0,0,4.6,13,0.0,0.0,0.0,25.0,10.0,0
2161,2013,0,0,0,1,0,0,0,0,0,0,0,0,0,0,0,0,0.1,3,85.20645,86.01116,0.0,1.92987,4551.93071,0
2165,2014,0,0,0,1,0,0,0,0,0,0,0,0,0,0,0,0,25.0,13,0.0,0.0,0.0,25.0,10.0,0
2168,2014,0,0,0,0,0,0,0,0,1,0,0,0,0,0,0,0,49.6,16,0.0,0.0,0.0,0.51456,19.15202,1
2170,2014,0,0,1,0,0,0,0,0,0,0,0,0,0,0,0,0,25.0,4,0.0,0.0,0.0,25.0,10.0,0
2179,2014,0,0,0,1,0,0,0,0,0,0,0,0,0,0,0,0,25.0,12,0.0,0.0,65.0,25.0,10.0,0
2197,2015,0,0,0,1,0,0,0,0,0,0,0,0,0,0,0,0,25.0,1,0.0,0.0,0.0,25.0,10.0,0
2270,2016,0,0,0,0,0,0,0,0,0,0,0,1,0,0,0,0,4.5,40,33.71327,57.16047,50.0,0.26694,89.36161,1
2286,2014,0,0,0,0,0,0,0,0,1,0,0,0,0,0,0,0,25.0,19,0.0,0.0,0.0,25.0,10.0,1
2288,2014,0,0,0,1,0,0,0,0,0,0,0,0,0,0,0,0,25.0,1,0.0,0.0,0.0,25.0,10.0,0
2289,2014,0,0,0,1,0,0,0,0,0,0,0,0,0,0,0,0,0.0,14,77.64565,81.08346,0.0,2.27592,4233.6383,0
2305,2014,0,0,0,1,0,0,0,0,0,0,0,0,0,0,0,0,6.7,43,0.0,0.0,0.0,0.33713,272.67612,1
2313,2015,0,1,0,0,0,0,0,0,0,0,0,0,0,0,0,0,51.1,33,0.0,0.0,0.0,0.26654,36.13195,1
2316,2015,0,0,0,1,0,0,0,0,0,0,0,0,0,0,0,0,2.0,9,21.24353,34.74443,87.0,0.12033,39.10899,0
2324,2015,0,0,1,0,0,0,0,0,0,0,0,0,0,0,0,0,0.2,1,42.38519,60.02478,0.0,0.8815,1211.78504,0
2330,2016,0,0,0,0,1,0,0,0,0,0,0,0,0,0,0,0,18.3,73,0.0,0.0,0.0,25.0,10.0,1
2343,2016,0,1,0,0,0,0,0,0,0,0,0,0,0,0,0,0,77.2,9,0.0,0.0,0.0,0.40638,10.56469,0
2362,2014,0,0,0,0,0,0,0,0,0,0,0,1,0,0,0,0,5.0,40,26.18298,48.55411,50.0,0.30563,58.29539,1
2371,2014,0,1,0,0,0,0,0,0,0,0,0,0,0,0,0,0,30.4,17,0.0,0.0,0.0,25.0,69.13831,1
2388,2015,0,0,0,0,0,0,0,0,1,0,0,0,0,0,0,0,37.1,10,0.0,0.0,0.0,0.78577,221.38592,0
2421,2014,0,0,0,0,0,1,0,0,0,0,0,0,0,0,0,0,2.7,21,31.70972,49.22901,0.0,1.27131,887.67844,1
2451,2015,0,0,0,0,0,0,0,0,1,0,0,0,0,0,0,0,1.2,3,0.0,0.0,0.0,0.30209,146.64741,0
2456,2016,0,1,0,0,0,0,0,0,0,0,0,0,0,0,0,0,51.1,33,0.0,0.0,0.0,0.26654,32.17731,1
2458,2016,0,0,0,0,0,0,0,0,0,0,1,0,0,0,0,0,25.0,17,93.5535,88.85071,0.0,2.07629,6934.91054,1
2467,2016,0,0,0,0,0,0,0,1,0,0,0,0,0,0,0,0,18.7,1,0.0,0.0,0.0,0.81882,492.03626,0
2469,2016,0,0,0,1,0,0,0,0,0,0,0,0,0,0,0,0,25.0,4,0.0,0.0,37.0,25.0,10.0,0
2491,2014,0,0,0,0,0,0,0,0,0,1,0,0,0,0,0,0,38.0,7,0.0,0.0,0.0,25.0,10.0,0
2507,2015,0,0,0,1,0,0,0,0,0,0,0,0,0,0,0,0,6.7,43,0.0,0.0,0.0,0.33713,248.92103,1
2511,2016,0,0,0,1,0,0,0,0,0,0,0,0,0,0,0,0,8.8,3,10.63765,29.94714,0.0,0.02311,22.07069,0
2524,2016,0,0,0,1,0,0,0,0,0,0,0,0,0,0,0,0,25.0,2,0.0,0.0,0.0,0.34223,10.0,0
2542,2014,0,0,0,1,0,0,0,0,0,0,0,0,0,0,0,0,2.1,10,0.0,0.0,0.0,25.0,10.0,0
2546,2014,0,0,0,0,0,0,0,1,0,0,0,0,0,0,0,0,63.7,11,0.0,0.0,0.0,0.38695,38.77089,0
2580,2016,0,0,0,1,0,0,0,0,0,0,0,0,0,0,0,0,0.1,14,76.52206,78.51392,0.0,2.22238,4414.69944,0
2581,2016,0,0,0,1,0,0,0,0,0,0,0,0,0,0,0,0,1.6,10,9.45183,27.86454,0.0,25.0,10.0,0
2590,2014,0,1,0,0,0,0,0,0,0,0,0,0,0,0,0,0,54.7,10,0.0,0.0,0.0,25.0,10.0,0
2601,2014,0,0,0,1,0,0,0,0,0,0,0,0,0,0,0,0,25.0,2,0.0,0.0,0.0,25.0,10.0,0
2648,2016,0,0,0,1,0,0,0,0,0,0,0,0,0,0,0,0,25.0,7,0.0,0.0,0.0,25.0,10.0,0
2657,2014,0,0,0,1,0,0,0,0,0,0,0,0,0,0,0,0,1.2,8,74.15411,83.39592,0.0,2.71924,4205.25602,0
2676,2015,0,0,0,1,0,0,0,0,0,0,0,0,0,0,0,0,25.0,2,0.0,0.0,67.0,25.0,10.0,0
2686,2015,0,1,0,0,0,0,0,0,0,0,0,0,0,0,0,0,26.0,15,0.0,0.0,0.0,25.0,10.0,1
2701,2016,0,0,0,0,1,0,0,0,0,0,0,0,0,0,0,0,25.0,40,0.0,0.0,0.0,25.0,10.0,1
2705,2016,0,1,0,0,0,0,0,0,0,0,0,0,0,0,0,0,12.7,12,4.84779,0.0,0.0,0.37655,89.11206,0
2711,2014,0,0,0,0,0,0,0,0,0,0,1,0,0,0,0,0,25.0,17,92.47683,90.1335,0.0,2.08464,6632.24348,1
2744,2015,0,1,0,0,0,0,0,0,0,0,0,0,0,0,0,0,41.7,4,0.0,0.0,0.0,25.0,10.0,0
2754,2015,0,0,0,1,0,0,0,0,0,0,0,0,0,0,0,0,25.0,5,47.74702,57.5194,0.0,0.08623,10.0,0
2757,2016,0,0,0,1,0,0,0,0,0,0,0,0,0,0,0,0,25.0,5,47.74702,57.5194,0.0,0.09183,10.0,0
2761,2016,0,0,0,0,0,0,0,0,0,0,0,1,0,0,0,0,1.3,4,37.5032,59.69423,0.0,0.45645,525.37635,0
2796,2015,0,0,0,1,0,0,0,0,0,0,0,0,0,0,0,0,25.0,19,0.0,0.0,0.0,0.12028,10.0,1
2804,2015,0,0,1,0,0,0,0,0,0,0,0,0,0,0,0,0,1.6,25,21.31782,0.0,0.0,0.71858,672.94068,1
2827,2016,0,0,0,0,0,0,0,1,0,0,0,0,0,0,0,0,63.7,11,0.0,0.0,0.0,0.31312,42.96538,0
2831,2016,0,0,0,0,0,0,0,0,1,0,0,0,0,0,0,0,25.0,19,0.0,0.0,0.0,25.0,10.0,1
2839,2017,0,0,0,0,0,0,0,0,0,0,1,0,0,0,0,0,6.1,94,14.15759,0.0,70.0,0.15683,105.68078,1
2841,2019,0,0,0,0,0,0,0,0,0,0,0,1,0,0,0,0,1.7,4,43.75356,55.306,0.0,0.31291,315.2625,0
2842,2019,0,0,0,1,0,0,0,0,0,0,0,0,0,0,0,0,6.7,43,0.0,0.0,0.0,0.33713,300.25538,1
2843,2019,0,1,0,0,0,0,0,0,0,0,0,0,0,0,0,0,0.9,4,12.0,26.69041,0.0,0.71454,1073.54029,0
2844,2019,0,1,0,0,0,0,0,0,0,0,0,0,0,0,0,0,26.0,15,0.0,0.0,0.0,25.0,10.0,1
2845,2019,0,1,0,0,0,0,0,0,0,0,0,0,0,0,0,0,39.1,130,0.0,0.0,0.0,0.13223,38.78981,1
2846,2019,0,1,0,0,0,0,0,0,0,0,0,0,0,0,0,0,12.7,12,4.84779,0.0,0.0,0.37655,89.11206,0
2847,2019,0,0,0,0,0,0,0,0,0,0,1,0,0,0,0,0,2.7,94,14.15759,19.37729,70.0,0.15683,105.68078,1
2849,2019,0,0,0,1,0,0,0,0,0,0,0,0,0,0,0,0,0.6,10,9.44209,20.94059,0.0,25.0,10.0,0
2851,2019,0,0,0,0,0,0,0,0,0,0,0,0,0,0,0,1,2.2,40,25.4186,40.12246,0.0,0.12715,10.0,1
2855,2017,0,0,0,0,0,0,0,0,1,0,0,0,0,0,0,0,68.6,19,0.0,0.0,0.0,25.0,10.0,1
2860,2017,0,0,0,0,0,0,0,0,0,0,1,0,0,0,0,0,4.5,621,31.35022,44.62185,0.0,0.23805,215.19041,1
2861,2017,0,0,0,0,0,0,0,0,1,0,0,0,0,0,0,0,14.3,105,57.0,54.0,90.0,25.0,10.0,1
2867,2017,0,0,0,1,0,0,0,0,0,0,0,0,0,0,0,0,15.4,6,15.43761,29.69789,0.0,0.03994,34.68019,0
2868,2017,0,0,0,1,0,0,0,0,0,0,0,0,0,0,0,0,4.6,13,0.0,0.0,0.0,25.0,10.0,0
2870,2017,0,1,0,0,0,0,0,0,0,0,0,0,0,0,0,0,39.6,33,0.0,0.0,0.0,25.0,32.5349,1
2871,2017,0,0,0,0,0,0,0,0,1,0,0,0,0,0,0,0,22.5,71,39.5,38.3,0.0,0.66571,216.00083,1
2874,2017,0,1,0,0,0,0,0,0,0,0,0,0,0,0,0,0,56.4,130,0.0,0.0,0.0,0.13223,38.78981,1
2877,2017,0,0,0,1,0,0,0,0,0,0,0,0,0,0,0,0,1.2,8,70.62118,81.00955,0.0,2.81741,4412.43542,0
2878,2017,0,0,0,1,0,0,0,0,0,0,0,0,0,0,0,0,6.7,43,0.0,0.0,0.0,0.33713,300.25538,1
2879,2017,0,0,1,0,0,0,0,0,0,0,0,0,0,0,0,0,25.0,4,0.0,0.0,0.0,25.0,10.0,0
2884,2017,0,1,0,0,0,0,0,0,0,0,0,0,0,0,0,0,54.7,10,0.0,0.0,0.0,25.0,10.0,0
2885,2017,0,0,0,1,0,0,0,0,0,0,0,0,0,0,0,0,25.0,19,0.0,0.0,0.0,0.12028,10.0,1
2888,2017,0,0,0,0,0,0,0,0,0,0,0,1,0,0,0,0,3.2,19,29.0676,49.41969,57.0,0.44266,399.48996,1
2891,2017,0,0,0,0,0,0,0,0,1,0,0,0,0,0,0,0,0.0,14,76.52206,78.51392,0.0,2.20348,4561.11283,0
2892,2017,0,0,0,0,0,0,0,0,0,0,1,0,0,0,0,0,0.0,98,48.24566,47.27839,60.0,1.41517,2396.53998,1
2898,2017,0,0,0,0,0,0,0,0,0,0,0,0,0,0,0,1,3.4,40,25.4186,40.12246,0.0,0.12085,10.0,1
2902,2019,0,0,0,0,0,0,0,0,0,1,0,0,0,0,0,0,38.0,7,0.0,0.0,0.0,0.03158,35.48821,0
2906,2017,0,0,0,0,0,0,0,0,0,0,1,0,0,0,0,0,1.8,74,80.89702,86.15665,0.0,0.52674,707.74357,1
2907,2018,0,1,0,0,0,0,0,0,0,0,0,0,0,0,0,0,39.1,130,0.0,0.0,0.0,0.13223,38.78981,1
2909,2018,0,0,0,0,0,0,0,0,0,0,1,0,0,0,0,0,3.6,621,28.1363,30.09174,0.0,0.22633,215.99355,1
2912,2018,0,0,0,0,1,0,0,0,0,0,0,0,0,0,0,0,25.0,40,0.0,0.0,0.0,25.0,10.0,1
2913,2018,0,0,0,0,0,0,0,0,0,0,1,0,0,0,0,0,0.0,98,58.50222,54.1672,60.0,1.04086,2184.7224,1
2930,2016,0,0,0,0,0,0,0,0,0,0,0,0,0,1,0,0,0.5,3,0.0,0.0,0.0,25.0,10.0,0
2931,2016,0,1,0,0,0,0,0,0,0,0,0,0,0,0,0,0,26.0,15,0.0,0.0,0.0,25.0,10.0,1
2950,2017,0,0,0,1,0,0,0,0,0,0,0,0,0,0,0,0,0.7,10,9.45183,27.86454,0.0,25.0,10.0,0
2953,2016,0,0,0,0,1,0,0,0,0,0,0,0,0,0,0,0,22.3,15,0.0,0.0,0.0,25.0,10.0,1
2965,2017,0,0,0,0,1,0,0,0,0,0,0,0,0,0,0,0,18.3,73,0.0,0.0,0.0,25.0,10.0,1
2967,2017,0,0,0,0,1,0,0,0,0,0,0,0,0,0,0,0,25.0,40,0.0,0.0,0.0,25.0,10.0,1
2968,2017,0,0,0,1,0,0,0,0,0,0,0,0,0,0,0,0,2.5,9,21.24353,34.74443,87.0,0.14714,39.10899,0
2972,2017,0,0,0,1,0,0,0,0,0,0,0,0,0,0,0,0,4.0,40,33.71327,57.16047,50.0,0.24286,88.0191,1
2976,2017,0,0,0,0,0,0,0,0,0,0,0,0,0,1,0,0,0.5,3,0.0,0.0,0.0,25.0,10.0,0
3000,2019,0,0,0,0,0,0,0,0,0,0,1,0,0,0,0,0,2.9,621,28.1363,30.09174,0.0,0.22633,215.99355,1
3001,2019,0,1,0,0,0,0,0,0,0,0,0,0,0,0,0,0,51.1,33,0.0,0.0,0.0,0.26654,48.05369,1
3005,2019,0,0,0,1,0,0,0,0,0,0,0,0,0,0,0,0,1.2,9,18.81942,35.68967,87.0,0.14714,39.10899,0
3009,2019,0,1,0,0,0,0,0,0,0,0,0,0,0,0,0,0,77.2,9,0.0,0.0,0.0,0.40638,10.56469,0
3012,2017,0,1,0,0,0,0,0,0,0,0,0,0,0,0,0,0,44.4,4,0.0,0.0,0.0,25.0,10.0,0
3015,2018,0,0,0,1,0,0,0,0,0,0,0,0,0,0,0,0,1.7,4,43.75356,55.306,0.0,0.31291,315.2625,0
3016,2018,0,0,0,1,0,0,0,0,0,0,0,0,0,0,0,0,4.2,40,34.6132,50.09685,50.0,0.23462,88.0191,1
3018,2018,0,0,0,1,0,0,0,0,0,0,0,0,0,0,0,0,4.6,13,0.0,0.0,0.0,25.0,10.0,0
3022,2018,0,0,0,0,1,0,0,0,0,0,0,0,0,0,0,0,17.0,15,0.0,0.0,0.0,25.0,10.0,1
3033,2017,0,1,0,0,0,0,0,0,0,0,0,0,0,0,0,0,29.8,17,0.0,0.0,0.0,0.0704,69.13831,1
3034,2017,0,0,0,0,1,0,0,0,0,0,0,0,0,0,0,0,0.4,4,34.14569,0.0,0.0,0.83027,1474.91351,0
3038,2017,0,0,0,1,0,0,0,0,0,0,0,0,0,0,0,0,25.0,2,0.0,0.0,0.0,25.0,10.0,0
3041,2018,0,0,0,1,0,0,0,0,0,0,0,0,0,0,0,0,24.5,20,0.0,0.0,0.0,25.0,10.0,1
3042,2018,0,0,0,0,0,0,0,0,0,0,0,0,0,0,0,1,2.7,40,25.4186,40.12246,0.0,0.12715,10.0,1
3044,2018,0,0,0,1,0,0,0,0,0,0,0,0,0,0,0,0,25.0,19,0.0,0.0,0.0,0.12028,10.0,1
3046,2018,0,1,0,0,0,0,0,0,0,0,0,0,0,0,0,0,26.0,15,0.0,0.0,0.0,25.0,10.0,1
3047,2018,0,0,0,0,0,0,0,0,1,0,0,0,0,0,0,0,14.3,105,57.0,54.0,90.0,25.0,10.0,1
3052,2018,0,0,0,0,0,0,0,0,0,0,1,0,0,0,0,0,2.7,94,14.15759,19.37729,70.0,0.15683,105.68078,1
3056,2018,0,0,0,1,0,0,0,0,0,0,0,0,0,0,0,0,6.7,43,0.0,0.0,0.0,0.33713,300.25538,1
3062,2017,0,1,0,0,0,0,0,0,0,0,0,0,0,0,0,0,36.1,21,0.0,0.0,0.0,25.0,10.0,1
3071,2017,0,0,0,1,0,0,0,0,0,0,0,0,0,0,0,0,25.0,7,0.0,0.0,0.0,25.0,10.0,0
3075,2016,0,0,0,1,0,0,0,0,0,0,0,0,0,0,0,0,2.2,4,43.35862,58.25517,0.0,0.38798,315.2625,0
3084,2018,0,0,0,0,0,0,0,0,0,0,1,0,0,0,0,0,0.5,30,78.9,79.6,95.0,2.14058,1307.12128,1
3145,2017,0,0,0,0,0,0,0,0,0,1,0,0,0,0,0,0,38.0,7,0.0,0.0,0.0,0.03158,35.48821,0
3160,2016,0,0,0,0,0,0,0,1,0,0,0,0,0,0,0,0,78.8,2,0.0,0.0,50.0,0.01264,24.70438,0
3188,2017,0,0,0,0,0,1,0,0,0,0,0,0,0,0,0,0,4.4,21,29.74863,49.00791,0.0,1.09392,887.67844,1
3192,2017,0,0,0,0,0,0,0,0,0,0,1,0,0,0,0,0,0.5,30,78.9,79.6,95.0,2.11603,1224.7822,1
3196,2019,0,0,0,1,0,0,0,0,0,0,0,0,0,0,0,0,4.9,40,34.6132,50.09685,50.0,0.23462,88.0191,1
3205,2018,0,0,0,0,0,0,0,0,0,0,0,1,0,0,0,0,3.3,19,29.0676,49.41969,57.0,0.44266,399.48996,1
3208,2018,0,1,0,0,0,0,0,0,0,0,0,0,0,0,0,0,49.6,14,0.0,0.0,0.0,25.0,10.0,0
3217,2019,0,1,0,0,0,0,0,0,0,0,0,0,0,0,0,0,29.8,17,0.0,0.0,0.0,0.0704,69.13831,1
3218,2019,0,0,0,0,0,0,0,0,0,0,1,0,0,0,0,0,0.5,30,78.9,79.6,95.0,2.14058,1307.12128,1
3220,2017,0,0,0,0,0,0,0,0,1,0,0,0,0,0,0,0,37.1,10,0.0,0.0,0.0,0.78577,221.38592,0
3233,2019,0,0,0,0,0,0,0,0,1,0,0,0,0,0,0,0,22.5,71,39.5,38.3,0.0,0.65282,252.70392,1
3239,2018,0,1,0,0,0,0,0,0,0,0,0,0,0,0,0,0,39.6,33,0.0,0.0,0.0,25.0,32.5349,1
3252,2017,0,0,0,0,0,0,0,1,0,0,0,0,0,0,0,0,63.7,11,0.0,0.0,0.0,0.31312,42.96538,0
3283,2018,0,0,0,0,0,1,0,0,0,0,0,0,0,0,0,0,4.4,21,31.90613,50.04612,0.0,1.16038,887.67844,1
3284,2018,0,0,0,1,0,0,0,0,0,0,0,0,0,0,0,0,25.0,5,47.74702,57.5194,0.0,0.08399,566.97051,0
3316,2017,0,0,0,1,0,0,0,0,0,0,0,0,0,0,0,0,0.2,3,83.26803,81.93602,0.0,1.98308,4887.21604,0
3319,2017,0,1,0,0,0,0,0,0,0,0,0,0,0,0,0,0,12.7,12,4.84779,0.0,0.0,0.37655,89.11206,0
3328,2017,0,0,0,1,0,0,0,0,0,0,0,0,0,0,0,0,8.8,3,10.63765,29.94714,0.0,0.02957,14.07038,0
3348,2016,0,0,0,0,0,0,0,0,0,0,1,0,0,0,0,0,0.2,1,84.53711,86.34297,93.0,3.98704,7086.44637,0
3355,2018,0,0,0,1,0,0,0,0,0,0,0,0,0,0,0,0,1.7,9,18.81942,35.68967,87.0,0.14714,39.10899,0
3358,2018,0,0,0,1,0,0,0,0,0,0,0,0,0,0,0,0,25.0,1,0.0,0.0,0.0,25.0,10.0,0
3382,2017,0,0,0,1,0,0,0,0,0,0,0,0,0,0,0,0,25.0,12,0.0,0.0,65.0,25.0,10.0,0
3389,2017,0,0,0,0,1,0,0,0,0,0,0,0,0,0,0,0,25.0,3,11.1165,0.0,0.0,0.81516,10.0,0
3398,2017,0,1,0,0,0,0,0,0,0,0,0,0,0,0,0,0,0.4,1,76.23528,82.76737,85.0,1.31928,4367.73282,0
3417,2018,0,0,0,1,0,0,0,0,0,0,0,0,0,0,0,0,25.0,4,0.0,0.0,37.0,25.0,10.0,0
3465,2018,0,0,0,0,0,0,0,0,0,0,1,0,0,0,0,0,1.8,74,80.89702,86.15665,0.0,0.52674,707.74357,1
3471,2019,0,0,0,0,1,0,0,0,0,0,0,0,0,0,0,0,18.3,73,0.0,0.0,0.0,25.0,10.0,1
3474,2017,0,0,0,0,1,0,0,0,0,0,0,0,0,0,0,0,17.0,15,0.0,0.0,0.0,25.0,10.0,1
3508,2017,0,0,0,1,0,0,0,0,0,0,0,0,0,0,0,0,24.5,20,0.0,0.0,0.0,25.0,10.0,1
3511,2017,0,0,0,0,0,0,0,0,1,0,0,0,0,0,0,0,49.4,16,0.0,0.0,0.0,0.51456,19.15202,1
3516,2018,0,0,0,0,0,0,0,0,1,0,0,0,0,0,0,0,22.5,71,39.5,38.3,0.0,0.65282,252.70392,1
3529,2019,0,0,0,0,0,1,0,0,0,0,0,0,0,0,0,0,4.6,21,31.90613,50.04612,0.0,1.16038,887.67844,1
3530,2019,0,0,0,0,0,0,0,0,0,0,1,0,0,0,0,0,0.0,98,58.50222,54.1672,60.0,1.04086,2184.7224,1
3552,2019,0,0,0,1,0,0,0,0,0,0,0,0,0,0,0,0,0.0,14,78.74437,79.06275,0.0,2.19294,4715.31913,0
3554,2019,0,0,0,0,1,0,0,0,0,0,0,0,0,0,0,0,25.0,40,0.0,0.0,0.0,25.0,10.0,1
3555,2019,0,0,0,1,0,0,0,0,0,0,0,0,0,0,0,0,25.0,19,0.0,0.0,0.0,0.12028,10.0,1
3557,2019,0,0,0,0,0,0,0,0,0,0,1,0,0,0,0,0,25.0,17,92.0,88.75278,0.0,1.92465,6802.53716,1
3560,2019,0,1,0,0,0,0,0,0,0,0,0,0,0,0,0,0,43.0,10,0.0,0.0,0.0,25.0,10.0,0
3565,2018,0,0,0,1,0,0,0,0,0,0,0,0,0,0,0,0,25.0,12,0.0,0.0,65.0,25.0,10.0,0
3574,2018,0,1,0,0,0,0,0,0,0,0,0,0,0,0,0,0,12.7,12,4.84779,0.0,0.0,0.37655,89.11206,0
3578,2017,0,1,0,0,0,0,0,0,0,0,0,0,0,0,0,0,51.1,33,0.0,0.0,0.0,0.26654,38.75703,1
3589,2018,0,0,0,0,1,0,0,0,0,0,0,0,0,0,0,0,18.3,73,0.0,0.0,0.0,25.0,10.0,1
3591,2018,0,0,0,1,0,0,0,0,0,0,0,0,0,0,0,0,25.0,2,0.0,0.0,0.0,0.53706,10.0,0
3602,2017,0,1,0,0,0,0,0,0,0,0,0,0,0,0,0,0,34.4,13,0.0,0.0,0.0,0.03229,18.81599,0
3609,2018,0,1,0,0,0,0,0,0,0,0,0,0,0,0,0,0,36.1,21,0.0,0.0,0.0,25.0,10.0,1
3625,2019,0,1,0,0,0,0,0,0,0,0,0,0,0,0,0,0,36.1,21,0.0,0.0,0.0,25.0,10.0,1
3626,2020,0,1,0,0,0,0,0,0,0,0,0,0,0,0,0,0,39.1,130,0.0,0.0,0.0,0.13223,38.78981,1
3638,2019,0,0,1,0,0,0,0,0,0,0,0,0,0,0,0,0,25.0,4,0.0,0.0,0.0,25.0,10.0,0
3643,2020,0,0,0,1,0,0,0,0,0,0,0,0,0,0,0,0,6.7,43,0.0,0.0,0.0,0.33713,300.25538,1
3649,2019,0,0,0,0,0,0,0,1,0,0,0,0,0,0,0,0,63.7,11,0.0,0.0,0.0,0.31312,42.96538,0
3667,2020,0,0,0,0,0,0,0,0,0,0,1,0,0,0,0,0,2.9,621,28.1363,30.09174,0.0,0.22633,215.99355,1
3669,2020,0,0,0,1,0,0,0,0,0,0,0,0,0,0,0,0,24.5,20,0.0,0.0,0.0,25.0,10.0,1
3671,2020,0,0,0,0,0,0,0,0,0,0,1,0,0,0,0,0,1.8,74,80.89702,86.15665,0.0,0.52674,707.74357,1
3674,2020,0,0,0,0,0,1,0,0,0,0,0,0,0,0,0,0,4.6,21,31.90613,50.04612,0.0,1.16038,887.67844,1
3675,2020,0,0,1,0,0,0,0,0,0,0,0,0,0,0,0,0,0.0,1,34.78746,32.23049,0.0,25.0,10.0,0
3676,2020,0,0,0,0,0,0,0,0,1,0,0,0,0,0,0,0,22.5,71,39.5,38.3,0.0,0.65282,252.70392,1
3677,2020,0,0,0,0,0,0,0,0,0,0,1,0,0,0,0,0,2.7,94,14.15759,19.37729,70.0,0.15683,105.68078,1
3681,2020,0,1,0,0,0,0,0,0,0,0,0,0,0,0,0,0,43.0,10,0.0,0.0,0.0,25.0,10.0,0
3684,2020,0,0,0,0,0,0,0,0,0,0,1,0,0,0,0,0,0.0,98,58.50222,54.1672,60.0,1.04086,2184.7224,1
3691,2020,0,0,0,0,0,0,0,0,0,0,1,0,0,0,0,0,0.5,30,78.9,79.6,95.0,2.14058,1307.12128,1
3693,2020,0,0,0,0,0,0,0,0,0,0,0,1,0,0,0,0,1.0,8,72.89155,80.73416,0.0,2.83283,4412.43542,0
3694,2020,0,0,0,1,0,0,0,0,0,0,0,0,0,0,0,0,1.7,4,43.75356,55.306,0.0,0.31291,315.2625,0
3703,2020,0,0,0,0,0,0,0,0,0,0,1,0,0,0,0,0,25.0,17,92.0,88.75278,0.0,1.92465,6802.53716,1
3704,2020,0,0,0,0,0,0,0,0,0,0,0,0,0,0,0,1,2.2,40,25.4186,40.12246,0.0,0.12715,10.0,1
3707,2020,0,1,0,0,0,0,0,0,0,0,0,0,0,0,0,0,39.6,33,0.0,0.0,0.0,25.0,32.5349,1
3709,2020,0,1,0,0,0,0,0,0,0,0,0,0,0,0,0,0,25.0,1,0.0,0.0,0.0,25.0,10.0,0
3710,2020,0,1,0,0,0,0,0,0,0,0,0,0,0,0,0,0,36.1,21,0.0,0.0,0.0,25.0,10.0,1
3715,2020,0,0,0,0,0,0,0,1,0,0,0,0,0,0,0,0,49.9,13,0.0,0.0,0.0,0.03229,18.81599,0
3716,2020,0,0,0,0,0,0,0,1,0,0,0,0,0,0,0,0,63.7,11,0.0,0.0,0.0,0.31312,42.96538,0
3722,2020,0,0,0,0,0,0,0,0,1,0,0,0,0,0,0,0,68.6,19,0.0,0.0,0.0,25.0,10.0,1
3728,2020,0,1,0,0,0,0,0,0,0,0,0,0,0,0,0,0,51.1,33,0.0,0.0,0.0,0.26654,48.05369,1
