,poverty_percentage,join_key
10,16.0,"(1.0, 2010)"
11,13.9,"(1.0, 2011)"
12,12.9,"(1.0, 2012)"
13,11.4,"(1.0, 2013)"
14,10.7,"(1.0, 2014)"
15,10.1,"(1.0, 2015)"
16,9.7,"(1.0, 2016)"
17,9.3,"(1.0, 2017)"
18,9.3,"(1.0, 2018)"
19,9.3,"(1.0, 2019)"
20,9.3,"(1.0, 2020)"
21,9.3,"(1.0, 2021)"
32,40.2,"(2.0, 2010)"
33,38.6,"(2.0, 2011)"
34,37.3,"(2.0, 2012)"
35,36.9,"(2.0, 2013)"
36,36.0,"(2.0, 2014)"
37,35.7,"(2.0, 2015)"
38,35.7,"(2.0, 2016)"
39,35.2,"(2.0, 2017)"
40,34.7,"(2.0, 2018)"
41,34.7,"(2.0, 2019)"
42,34.7,"(2.0, 2020)"
43,34.7,"(2.0, 2021)"
54,5.0,"(5.0, 2010)"
55,4.5,"(5.0, 2011)"
56,4.0,"(5.0, 2012)"
57,3.4,"(5.0, 2013)"
58,3.1,"(5.0, 2014)"
59,3.1,"(5.0, 2015)"
60,3.5,"(5.0, 2016)"
61,3.7,"(5.0, 2017)"
62,3.6,"(5.0, 2018)"
63,3.7,"(5.0, 2019)"
64,3.7,"(5.0, 2020)"
65,3.7,"(5.0, 2021)"
76,0.3,"(8.0, 2010)"
77,0.3,"(8.0, 2011)"
78,0.8,"(8.0, 2012)"
79,0.8,"(8.0, 2013)"
80,1.6,"(8.0, 2014)"
81,1.1,"(8.0, 2015)"
82,0.9,"(8.0, 2016)"
83,1.3,"(8.0, 2017)"
84,1.3,"(8.0, 2018)"
85,1.3,"(8.0, 2019)"
86,1.3,"(8.0, 2020)"
87,1.3,"(8.0, 2021)"
98,9.7,"(9.0, 2010)"
99,9.7,"(9.0, 2011)"
100,9.6,"(9.0, 2012)"
101,9.4,"(9.0, 2013)"
102,8.3,"(9.0, 2014)"
103,7.9,"(9.0, 2015)"
104,7.5,"(9.0, 2016)"
105,7.4,"(9.0, 2017)"
106,7.4,"(9.0, 2018)"
107,7.4,"(9.0, 2019)"
108,7.4,"(9.0, 2020)"
109,7.4,"(9.0, 2021)"
120,48.6,"(11.0, 2010)"
121,45.1,"(11.0, 2011)"
122,41.9,"(11.0, 2012)"
123,41.9,"(11.0, 2013)"
124,41.9,"(11.0, 2014)"
125,41.9,"(11.0, 2015)"
126,38.1,"(11.0, 2016)"
127,37.0,"(11.0, 2017)"
128,35.6,"(11.0, 2018)"
129,34.5,"(11.0, 2019)"
130,34.5,"(11.0, 2020)"
131,34.5,"(11.0, 2021)"
143,0.4,"(12.0, 2011)"
144,0.4,"(12.0, 2012)"
145,0.4,"(12.0, 2013)"
146,0.4,"(12.0, 2014)"
147,0.4,"(12.0, 2015)"
148,0.4,"(12.0, 2016)"
149,0.4,"(12.0, 2017)"
150,0.4,"(12.0, 2018)"
151,0.4,"(12.0, 2019)"
152,0.4,"(12.0, 2020)"
153,0.4,"(12.0, 2021)"
164,5.7,"(13.0, 2010)"
165,5.4,"(13.0, 2011)"
166,5.3,"(13.0, 2012)"
167,5.0,"(13.0, 2013)"
168,4.8,"(13.0, 2014)"
169,4.1,"(13.0, 2015)"
170,3.4,"(13.0, 2016)"
171,3.2,"(13.0, 2017)"
172,3.1,"(13.0, 2018)"
173,3.0,"(13.0, 2019)"
174,3.0,"(13.0, 2020)"
175,3.0,"(13.0, 2021)"
186,49.4,"(14.0, 2010)"
187,48.3,"(14.0, 2011)"
188,48.2,"(14.0, 2012)"
189,47.7,"(14.0, 2013)"
190,47.4,"(14.0, 2014)"
191,47.3,"(14.0, 2015)"
192,46.9,"(14.0, 2016)"
193,45.8,"(14.0, 2017)"
194,44.7,"(14.0, 2018)"
195,44.7,"(14.0, 2019)"
196,44.7,"(14.0, 2020)"
197,44.7,"(14.0, 2021)"
208,4.8,"(15.0, 2010)"
209,3.7,"(15.0, 2011)"
210,3.1,"(15.0, 2012)"
211,3.0,"(15.0, 2013)"
212,3.1,"(15.0, 2014)"
213,2.9,"(15.0, 2015)"
214,3.1,"(15.0, 2016)"
215,3.3,"(15.0, 2017)"
216,3.3,"(15.0, 2018)"
217,3.3,"(15.0, 2019)"
218,3.3,"(15.0, 2020)"
219,3.3,"(15.0, 2021)"
230,60.8,"(17.0, 2010)"
231,59.3,"(17.0, 2011)"
232,57.0,"(17.0, 2012)"
233,55.6,"(17.0, 2013)"
234,54.2,"(17.0, 2014)"
235,53.8,"(17.0, 2015)"
236,53.8,"(17.0, 2016)"
237,53.8,"(17.0, 2017)"
238,53.8,"(17.0, 2018)"
239,53.8,"(17.0, 2019)"
240,53.8,"(17.0, 2020)"
241,53.8,"(17.0, 2021)"
252,17.7,"(18.0, 2010)"
253,17.7,"(18.0, 2011)"
254,17.8,"(18.0, 2012)"
255,17.9,"(18.0, 2013)"
256,18.4,"(18.0, 2014)"
257,18.9,"(18.0, 2015)"
258,19.2,"(18.0, 2016)"
259,19.1,"(18.0, 2017)"
260,19.1,"(18.0, 2018)"
261,19.1,"(18.0, 2019)"
262,19.1,"(18.0, 2020)"
263,19.1,"(18.0, 2021)"
274,4.1,"(19.0, 2010)"
275,3.8,"(19.0, 2011)"
276,3.3,"(19.0, 2012)"
277,3.0,"(19.0, 2013)"
278,2.9,"(19.0, 2014)"
279,2.7,"(19.0, 2015)"
280,2.7,"(19.0, 2016)"
281,2.8,"(19.0, 2017)"
282,2.6,"(19.0, 2018)"
283,2.7,"(19.0, 2019)"
284,2.7,"(19.0, 2020)"
285,2.7,"(19.0, 2021)"
296,0.9,"(21.0, 2010)"
297,0.9,"(21.0, 2011)"
298,0.9,"(21.0, 2012)"
299,0.9,"(21.0, 2013)"
300,1.1,"(21.0, 2014)"
301,1.1,"(21.0, 2015)"
302,0.9,"(21.0, 2016)"
303,1.1,"(21.0, 2017)"
304,0.9,"(21.0, 2018)"
305,0.9,"(21.0, 2019)"
306,0.9,"(21.0, 2020)"
307,0.9,"(21.0, 2021)"
318,34.4,"(24.0, 2010)"
319,34.4,"(24.0, 2011)"
320,34.4,"(24.0, 2012)"
321,34.4,"(24.0, 2013)"
322,34.4,"(24.0, 2014)"
323,34.4,"(24.0, 2015)"
324,34.4,"(24.0, 2016)"
325,34.4,"(24.0, 2017)"
326,49.9,"(24.0, 2018)"
327,49.9,"(24.0, 2019)"
328,49.9,"(24.0, 2020)"
329,49.9,"(24.0, 2021)"
340,29.1,"(29.0, 2010)"
341,29.1,"(29.0, 2011)"
342,29.1,"(29.0, 2012)"
343,29.1,"(29.0, 2013)"
344,11.0,"(29.0, 2014)"
345,10.6,"(29.0, 2015)"
346,10.6,"(29.0, 2016)"
347,10.6,"(29.0, 2017)"
348,10.6,"(29.0, 2018)"
349,10.6,"(29.0, 2019)"
350,10.6,"(29.0, 2020)"
351,10.6,"(29.0, 2021)"
362,9.9,"(30.0, 2010)"
363,7.0,"(30.0, 2011)"
364,5.8,"(30.0, 2012)"
365,1.7,"(30.0, 2013)"
366,1.3,"(30.0, 2014)"
367,0.7,"(30.0, 2015)"
368,0.5,"(30.0, 2016)"
369,0.4,"(30.0, 2017)"
370,0.3,"(30.0, 2018)"
371,0.2,"(30.0, 2019)"
372,0.2,"(30.0, 2020)"
373,0.2,"(30.0, 2021)"
384,0.0,"(31.0, 2010)"
385,0.0,"(31.0, 2011)"
386,0.0,"(31.0, 2012)"
387,0.0,"(31.0, 2013)"
388,0.0,"(31.0, 2014)"
389,0.0,"(31.0, 2015)"
390,0.0,"(31.0, 2016)"
391,0.0,"(31.0, 2017)"
392,0.0,"(31.0, 2018)"
393,0.0,"(31.0, 2019)"
394,0.0,"(31.0, 2020)"
395,0.0,"(31.0, 2021)"
406,1.4,"(32.0, 2010)"
407,1.1,"(32.0, 2011)"
408,1.2,"(32.0, 2012)"
409,1.0,"(32.0, 2013)"
410,0.9,"(32.0, 2014)"
411,0.9,"(32.0, 2015)"
412,1.1,"(32.0, 2016)"
413,0.9,"(32.0, 2017)"
414,1.4,"(32.0, 2018)"
415,1.5,"(32.0, 2019)"
416,1.5,"(32.0, 2020)"
417,1.5,"(32.0, 2021)"
428,24.9,"(34.0, 2010)"
429,20.0,"(34.0, 2011)"
430,18.3,"(34.0, 2012)"
431,16.3,"(34.0, 2013)"
432,14.5,"(34.0, 2014)"
433,14.5,"(34.0, 2015)"
434,14.5,"(34.0, 2016)"
435,14.5,"(34.0, 2017)"
436,14.5,"(34.0, 2018)"
437,14.5,"(34.0, 2019)"
438,14.5,"(34.0, 2020)"
439,14.5,"(34.0, 2021)"
450,9.5,"(35.0, 2010)"
451,8.3,"(35.0, 2011)"
452,7.4,"(35.0, 2012)"
453,6.1,"(35.0, 2013)"
454,5.2,"(35.0, 2014)"
455,4.7,"(35.0, 2015)"
456,4.0,"(35.0, 2016)"
457,3.4,"(35.0, 2017)"
458,2.8,"(35.0, 2018)"
459,2.3,"(35.0, 2019)"
460,2.3,"(35.0, 2020)"
461,2.3,"(35.0, 2021)"
472,0.3,"(36.0, 2010)"
473,0.3,"(36.0, 2011)"
474,0.3,"(36.0, 2012)"
475,0.3,"(36.0, 2013)"
476,0.5,"(36.0, 2014)"
477,0.5,"(36.0, 2015)"
478,0.5,"(36.0, 2016)"
479,0.5,"(36.0, 2017)"
480,0.5,"(36.0, 2018)"
481,0.5,"(36.0, 2019)"
482,0.5,"(36.0, 2020)"
483,0.5,"(36.0, 2021)"
494,0.9,"(39.0, 2010)"
495,1.1,"(39.0, 2011)"
496,1.3,"(39.0, 2012)"
497,1.2,"(39.0, 2013)"
498,1.3,"(39.0, 2014)"
499,1.3,"(39.0, 2015)"
500,1.5,"(39.0, 2016)"
501,1.2,"(39.0, 2017)"
502,1.0,"(39.0, 2018)"
503,0.9,"(39.0, 2019)"
504,0.9,"(39.0, 2020)"
505,0.9,"(39.0, 2021)"
516,0.5,"(40.0, 2010)"
517,0.4,"(40.0, 2011)"
518,0.6,"(40.0, 2012)"
519,0.3,"(40.0, 2013)"
520,0.2,"(40.0, 2014)"
521,0.7,"(40.0, 2015)"
522,0.7,"(40.0, 2016)"
523,0.3,"(40.0, 2017)"
524,0.6,"(40.0, 2018)"
525,0.6,"(40.0, 2019)"
526,0.6,"(40.0, 2020)"
527,0.6,"(40.0, 2021)"
538,19.2,"(50.0, 2010)"
539,19.2,"(50.0, 2011)"
540,19.2,"(50.0, 2012)"
541,19.2,"(50.0, 2013)"
542,19.2,"(50.0, 2014)"
543,19.2,"(50.0, 2015)"
544,14.3,"(50.0, 2016)"
545,14.3,"(50.0, 2017)"
546,14.3,"(50.0, 2018)"
547,14.3,"(50.0, 2019)"
548,14.3,"(50.0, 2020)"
549,14.3,"(50.0, 2021)"
560,1.0,"(51.0, 2010)"
561,1.2,"(51.0, 2011)"
562,0.9,"(51.0, 2012)"
563,1.8,"(51.0, 2013)"
564,1.5,"(51.0, 2014)"
565,1.3,"(51.0, 2015)"
566,1.2,"(51.0, 2016)"
567,0.9,"(51.0, 2017)"
568,1.4,"(51.0, 2018)"
569,1.1,"(51.0, 2019)"
570,1.1,"(51.0, 2020)"
571,1.1,"(51.0, 2021)"
582,0.3,"(53.0, 2010)"
583,0.4,"(53.0, 2011)"
584,0.4,"(53.0, 2012)"
585,0.5,"(53.0, 2013)"
586,0.5,"(53.0, 2014)"
587,0.5,"(53.0, 2015)"
588,0.5,"(53.0, 2016)"
589,0.5,"(53.0, 2017)"
590,0.5,"(53.0, 2018)"
591,0.5,"(53.0, 2019)"
592,0.5,"(53.0, 2020)"
593,0.5,"(53.0, 2021)"
604,32.9,"(54.0, 2010)"
605,32.8,"(54.0, 2011)"
606,32.0,"(54.0, 2012)"
607,32.0,"(54.0, 2013)"
608,32.0,"(54.0, 2014)"
609,32.0,"(54.0, 2015)"
610,32.0,"(54.0, 2016)"
611,32.0,"(54.0, 2017)"
612,32.0,"(54.0, 2018)"
613,32.0,"(54.0, 2019)"
614,32.0,"(54.0, 2020)"
615,32.0,"(54.0, 2021)"
626,0.1,"(56.0, 2010)"
627,0.2,"(56.0, 2011)"
628,0.2,"(56.0, 2012)"
629,0.1,"(56.0, 2013)"
630,0.1,"(56.0, 2014)"
631,0.1,"(56.0, 2015)"
632,0.1,"(56.0, 2016)"
633,0.1,"(56.0, 2017)"
634,0.1,"(56.0, 2018)"
635,0.1,"(56.0, 2019)"
636,0.1,"(56.0, 2020)"
637,0.1,"(56.0, 2021)"
648,24.5,"(62.0, 2010)"
649,19.8,"(62.0, 2011)"
650,18.1,"(62.0, 2012)"
651,16.1,"(62.0, 2013)"
652,14.3,"(62.0, 2014)"
653,14.3,"(62.0, 2015)"
654,14.3,"(62.0, 2016)"
655,14.3,"(62.0, 2017)"
656,14.3,"(62.0, 2018)"
657,14.3,"(62.0, 2019)"
658,14.3,"(62.0, 2020)"
659,14.3,"(62.0, 2021)"
670,8.2,"(64.0, 2010)"
671,8.2,"(64.0, 2011)"
672,2.2,"(64.0, 2012)"
673,2.2,"(64.0, 2013)"
674,2.2,"(64.0, 2014)"
675,2.2,"(64.0, 2015)"
676,2.2,"(64.0, 2016)"
677,1.5,"(64.0, 2017)"
678,1.5,"(64.0, 2018)"
679,1.5,"(64.0, 2019)"
680,1.5,"(64.0, 2020)"
681,1.5,"(64.0, 2021)"
692,10.3,"(68.0, 2010)"
693,7.2,"(68.0, 2011)"
694,8.2,"(68.0, 2012)"
695,6.9,"(68.0, 2013)"
696,5.7,"(68.0, 2014)"
697,6.3,"(68.0, 2015)"
698,7.5,"(68.0, 2016)"
699,6.5,"(68.0, 2017)"
700,4.9,"(68.0, 2018)"
701,3.2,"(68.0, 2019)"
702,3.2,"(68.0, 2020)"
703,3.2,"(68.0, 2021)"
714,0.1,"(70.0, 2010)"
715,0.1,"(70.0, 2011)"
716,0.1,"(70.0, 2012)"
717,0.1,"(70.0, 2013)"
718,0.1,"(70.0, 2014)"
719,0.1,"(70.0, 2015)"
720,0.1,"(70.0, 2016)"
721,0.1,"(70.0, 2017)"
722,0.1,"(70.0, 2018)"
723,0.1,"(70.0, 2019)"
724,0.1,"(70.0, 2020)"
725,0.1,"(70.0, 2021)"
736,17.2,"(72.0, 2010)"
737,17.2,"(72.0, 2011)"
738,17.2,"(72.0, 2012)"
739,17.2,"(72.0, 2013)"
740,17.2,"(72.0, 2014)"
741,14.5,"(72.0, 2015)"
742,14.5,"(72.0, 2016)"
743,14.5,"(72.0, 2017)"
744,14.5,"(72.0, 2018)"
745,14.5,"(72.0, 2019)"
746,14.5,"(72.0, 2020)"
747,14.5,"(72.0, 2021)"
758,5.4,"(76.0, 2010)"
759,4.7,"(76.0, 2011)"
760,3.7,"(76.0, 2012)"
761,3.1,"(76.0, 2013)"
762,2.7,"(76.0, 2014)"
763,3.2,"(76.0, 2015)"
764,3.9,"(76.0, 2016)"
765,4.4,"(76.0, 2017)"
766,4.4,"(76.0, 2018)"
767,4.6,"(76.0, 2019)"
768,4.6,"(76.0, 2020)"
769,4.6,"(76.0, 2021)"
780,48.6,"(90.0, 2010)"
781,48.6,"(90.0, 2011)"
782,24.7,"(90.0, 2012)"
783,24.7,"(90.0, 2013)"
784,24.7,"(90.0, 2014)"
785,24.7,"(90.0, 2015)"
786,24.7,"(90.0, 2016)"
787,24.7,"(90.0, 2017)"
788,24.7,"(90.0, 2018)"
789,24.7,"(90.0, 2019)"
790,24.7,"(90.0, 2020)"
791,24.7,"(90.0, 2021)"
802,2.0,"(100.0, 2010)"
803,2.4,"(100.0, 2011)"
804,2.2,"(100.0, 2012)"
805,1.8,"(100.0, 2013)"
806,1.6,"(100.0, 2014)"
807,3.4,"(100.0, 2015)"
808,1.9,"(100.0, 2016)"
809,1.4,"(100.0, 2017)"
810,0.9,"(100.0, 2018)"
811,0.9,"(100.0, 2019)"
812,0.9,"(100.0, 2020)"
813,0.9,"(100.0, 2021)"
829,4.8,"(104.0, 2015)"
830,4.8,"(104.0, 2016)"
831,1.4,"(104.0, 2017)"
832,1.4,"(104.0, 2018)"
833,1.4,"(104.0, 2019)"
834,1.4,"(104.0, 2020)"
835,1.4,"(104.0, 2021)"
846,78.6,"(108.0, 2010)"
847,78.6,"(108.0, 2011)"
848,78.6,"(108.0, 2012)"
849,72.8,"(108.0, 2013)"
850,72.8,"(108.0, 2014)"
851,72.8,"(108.0, 2015)"
852,72.8,"(108.0, 2016)"
853,72.8,"(108.0, 2017)"
854,72.8,"(108.0, 2018)"
855,72.8,"(108.0, 2019)"
856,72.8,"(108.0, 2020)"
857,72.8,"(108.0, 2021)"
868,0.0,"(112.0, 2010)"
869,0.0,"(112.0, 2011)"
870,0.0,"(112.0, 2012)"
871,0.0,"(112.0, 2013)"
872,0.0,"(112.0, 2014)"
873,0.0,"(112.0, 2015)"
874,0.0,"(112.0, 2016)"
875,0.0,"(112.0, 2017)"
876,0.0,"(112.0, 2018)"
877,0.0,"(112.0, 2019)"
878,0.0,"(112.0, 2020)"
879,0.0,"(112.0, 2021)"
890,31.8,"(120.0, 2010)"
891,31.8,"(120.0, 2011)"
892,31.8,"(120.0, 2012)"
893,31.8,"(120.0, 2013)"
894,26.0,"(120.0, 2014)"
895,26.0,"(120.0, 2015)"
896,26.0,"(120.0, 2016)"
897,26.0,"(120.0, 2017)"
898,26.0,"(120.0, 2018)"
899,26.0,"(120.0, 2019)"
900,26.0,"(120.0, 2020)"
901,26.0,"(120.0, 2021)"
912,0.2,"(124.0, 2010)"
913,0.2,"(124.0, 2011)"
914,0.2,"(124.0, 2012)"
915,0.5,"(124.0, 2013)"
916,0.2,"(124.0, 2014)"
917,0.2,"(124.0, 2015)"
918,0.2,"(124.0, 2016)"
919,0.2,"(124.0, 2017)"
920,0.2,"(124.0, 2018)"
921,0.2,"(124.0, 2019)"
922,0.2,"(124.0, 2020)"
923,0.2,"(124.0, 2021)"
934,8.4,"(132.0, 2010)"
935,8.4,"(132.0, 2011)"
936,8.4,"(132.0, 2012)"
937,8.4,"(132.0, 2013)"
938,8.4,"(132.0, 2014)"
939,3.4,"(132.0, 2015)"
940,3.4,"(132.0, 2016)"
941,3.4,"(132.0, 2017)"
942,3.4,"(132.0, 2018)"
943,3.4,"(132.0, 2019)"
944,3.4,"(132.0, 2020)"
945,3.4,"(132.0, 2021)"
956,15.9,"(135.0, 2010)"
957,15.9,"(135.0, 2011)"
958,15.9,"(135.0, 2012)"
959,15.9,"(135.0, 2013)"
960,15.9,"(135.0, 2014)"
961,15.9,"(135.0, 2015)"
962,15.9,"(135.0, 2016)"
963,15.9,"(135.0, 2017)"
964,15.9,"(135.0, 2018)"
965,15.9,"(135.0, 2019)"
966,15.9,"(135.0, 2020)"
967,15.9,"(135.0, 2021)"
978,65.9,"(140.0, 2010)"
979,65.9,"(140.0, 2011)"
980,65.9,"(140.0, 2012)"
981,65.9,"(140.0, 2013)"
982,65.9,"(140.0, 2014)"
983,65.9,"(140.0, 2015)"
984,65.9,"(140.0, 2016)"
985,65.9,"(140.0, 2017)"
986,65.9,"(140.0, 2018)"
987,65.9,"(140.0, 2019)"
988,65.9,"(140.0, 2020)"
989,65.9,"(140.0, 2021)"
1000,15.8,"(142.0, 2010)"
1001,12.5,"(142.0, 2011)"
1002,11.2,"(142.0, 2012)"
1003,8.7,"(142.0, 2013)"
1004,7.7,"(142.0, 2014)"
1005,6.7,"(142.0, 2015)"
1006,5.8,"(142.0, 2016)"
1007,5.1,"(142.0, 2017)"
1008,2.4,"(142.0, 2018)"
1009,2.2,"(142.0, 2019)"
1010,2.2,"(142.0, 2020)"
1011,2.2,"(142.0, 2021)"
1022,25.7,"(143.0, 2010)"
1023,25.7,"(143.0, 2011)"
1024,25.7,"(143.0, 2012)"
1025,25.7,"(143.0, 2013)"
1026,25.7,"(143.0, 2014)"
1027,25.7,"(143.0, 2015)"
1028,25.7,"(143.0, 2016)"
1029,25.7,"(143.0, 2017)"
1030,25.7,"(143.0, 2018)"
1031,25.7,"(143.0, 2019)"
1032,25.7,"(143.0, 2020)"
1033,25.7,"(143.0, 2021)"
1044,2.8,"(144.0, 2010)"
1045,2.8,"(144.0, 2011)"
1046,1.9,"(144.0, 2012)"
1047,1.9,"(144.0, 2013)"
1048,1.9,"(144.0, 2014)"
1049,1.9,"(144.0, 2015)"
1050,0.9,"(144.0, 2016)"
1051,0.9,"(144.0, 2017)"
1052,0.9,"(144.0, 2018)"
1053,0.9,"(144.0, 2019)"
1054,0.9,"(144.0, 2020)"
1055,0.9,"(144.0, 2021)"
1066,2.0,"(145.0, 2010)"
1067,2.6,"(145.0, 2011)"
1068,2.7,"(145.0, 2012)"
1069,2.7,"(145.0, 2013)"
1070,3.2,"(145.0, 2014)"
1071,6.2,"(145.0, 2015)"
1072,7.5,"(145.0, 2016)"
1073,9.1,"(145.0, 2017)"
1074,9.1,"(145.0, 2018)"
1075,9.1,"(145.0, 2019)"
1076,9.1,"(145.0, 2020)"
1077,9.1,"(145.0, 2021)"
1088,60.0,"(148.0, 2010)"
1089,38.1,"(148.0, 2011)"
1090,38.1,"(148.0, 2012)"
1091,38.1,"(148.0, 2013)"
1092,38.1,"(148.0, 2014)"
1093,38.1,"(148.0, 2015)"
1094,38.1,"(148.0, 2016)"
1095,38.1,"(148.0, 2017)"
1096,38.1,"(148.0, 2018)"
1097,38.1,"(148.0, 2019)"
1098,38.1,"(148.0, 2020)"
1099,38.1,"(148.0, 2021)"
1110,0.3,"(150.0, 2010)"
1111,0.3,"(150.0, 2011)"
1112,0.4,"(150.0, 2012)"
1113,0.3,"(150.0, 2013)"
1114,0.5,"(150.0, 2014)"
1115,0.5,"(150.0, 2015)"
1116,0.4,"(150.0, 2016)"
1117,0.4,"(150.0, 2017)"
1118,0.3,"(150.0, 2018)"
1119,0.3,"(150.0, 2019)"
1120,0.3,"(150.0, 2020)"
1121,0.3,"(150.0, 2021)"
1132,0.1,"(151.0, 2010)"
1133,0.1,"(151.0, 2011)"
1134,0.1,"(151.0, 2012)"
1135,0.1,"(151.0, 2013)"
1136,0.5,"(151.0, 2014)"
1137,0.4,"(151.0, 2015)"
1138,0.1,"(151.0, 2016)"
1139,0.3,"(151.0, 2017)"
1140,0.2,"(151.0, 2018)"
1141,0.2,"(151.0, 2019)"
1142,0.2,"(151.0, 2020)"
1143,0.2,"(151.0, 2021)"
1154,1.3,"(152.0, 2010)"
1155,0.6,"(152.0, 2011)"
1156,0.6,"(152.0, 2012)"
1157,0.4,"(152.0, 2013)"
1158,0.4,"(152.0, 2014)"
1159,0.3,"(152.0, 2015)"
1160,0.3,"(152.0, 2016)"
1161,0.3,"(152.0, 2017)"
1162,0.3,"(152.0, 2018)"
1163,0.3,"(152.0, 2019)"
1164,0.3,"(152.0, 2020)"
1165,0.3,"(152.0, 2021)"
1176,0.3,"(154.0, 2010)"
1177,0.4,"(154.0, 2011)"
1178,0.2,"(154.0, 2012)"
1179,0.3,"(154.0, 2013)"
1180,0.3,"(154.0, 2014)"
1181,0.2,"(154.0, 2015)"
1182,0.2,"(154.0, 2016)"
1183,0.3,"(154.0, 2017)"
1184,0.3,"(154.0, 2018)"
1185,0.3,"(154.0, 2019)"
1186,0.3,"(154.0, 2020)"
1187,0.3,"(154.0, 2021)"
1198,0.1,"(155.0, 2010)"
1199,0.0,"(155.0, 2011)"
1200,0.1,"(155.0, 2012)"
1201,0.1,"(155.0, 2013)"
1202,0.0,"(155.0, 2014)"
1203,0.1,"(155.0, 2015)"
1204,0.1,"(155.0, 2016)"
1205,0.0,"(155.0, 2017)"
1206,0.0,"(155.0, 2018)"
1207,0.0,"(155.0, 2019)"
1208,0.0,"(155.0, 2020)"
1209,0.0,"(155.0, 2021)"
1220,11.2,"(156.0, 2010)"
1221,7.9,"(156.0, 2011)"
1222,6.5,"(156.0, 2012)"
1223,1.9,"(156.0, 2013)"
1224,1.4,"(156.0, 2014)"
1225,0.7,"(156.0, 2015)"
1226,0.5,"(156.0, 2016)"
1227,0.5,"(156.0, 2017)"
1228,0.5,"(156.0, 2018)"
1229,0.5,"(156.0, 2019)"
1230,0.5,"(156.0, 2020)"
1231,0.5,"(156.0, 2021)"
1242,7.8,"(170.0, 2010)"
1243,6.3,"(170.0, 2011)"
1244,6.2,"(170.0, 2012)"
1245,5.6,"(170.0, 2013)"
1246,5.0,"(170.0, 2014)"
1247,4.6,"(170.0, 2015)"
1248,4.5,"(170.0, 2016)"
1249,4.0,"(170.0, 2017)"
1250,4.2,"(170.0, 2018)"
1251,4.9,"(170.0, 2019)"
1252,4.9,"(170.0, 2020)"
1253,4.9,"(170.0, 2021)"
1264,15.0,"(174.0, 2010)"
1265,15.0,"(174.0, 2011)"
1266,15.0,"(174.0, 2012)"
1267,15.0,"(174.0, 2013)"
1268,19.1,"(174.0, 2014)"
1269,19.1,"(174.0, 2015)"
1270,19.1,"(174.0, 2016)"
1271,19.1,"(174.0, 2017)"
1272,19.1,"(174.0, 2018)"
1273,19.1,"(174.0, 2019)"
1274,19.1,"(174.0, 2020)"
1275,19.1,"(174.0, 2021)"
1286,55.1,"(178.0, 2010)"
1287,39.6,"(178.0, 2011)"
1288,39.6,"(178.0, 2012)"
1289,39.6,"(178.0, 2013)"
1290,39.6,"(178.0, 2014)"
1291,39.6,"(178.0, 2015)"
1292,39.6,"(178.0, 2016)"
1293,39.6,"(178.0, 2017)"
1294,39.6,"(178.0, 2018)"
1295,39.6,"(178.0, 2019)"
1296,39.6,"(178.0, 2020)"
1297,39.6,"(178.0, 2021)"
1308,94.3,"(180.0, 2010)"
1309,94.3,"(180.0, 2011)"
1310,77.2,"(180.0, 2012)"
1311,77.2,"(180.0, 2013)"
1312,77.2,"(180.0, 2014)"
1313,77.2,"(180.0, 2015)"
1314,77.2,"(180.0, 2016)"
1315,77.2,"(180.0, 2017)"
1316,77.2,"(180.0, 2018)"
1317,77.2,"(180.0, 2019)"
1318,77.2,"(180.0, 2020)"
1319,77.2,"(180.0, 2021)"
1330,1.6,"(188.0, 2010)"
1331,1.7,"(188.0, 2011)"
1332,1.7,"(188.0, 2012)"
1333,1.6,"(188.0, 2013)"
1334,1.5,"(188.0, 2014)"
1335,1.5,"(188.0, 2015)"
1336,1.3,"(188.0, 2016)"
1337,1.1,"(188.0, 2017)"
1338,1.5,"(188.0, 2018)"
1339,1.0,"(188.0, 2019)"
1340,1.0,"(188.0, 2020)"
1341,1.0,"(188.0, 2021)"
1352,1.2,"(191.0, 2010)"
1353,0.7,"(191.0, 2011)"
1354,0.8,"(191.0, 2012)"
1355,0.7,"(191.0, 2013)"
1356,1.0,"(191.0, 2014)"
1357,0.6,"(191.0, 2015)"
1358,0.6,"(191.0, 2016)"
1359,0.5,"(191.0, 2017)"
1360,0.4,"(191.0, 2018)"
1361,0.4,"(191.0, 2019)"
1362,0.4,"(191.0, 2020)"
1363,0.4,"(191.0, 2021)"
1374,0.0,"(196.0, 2010)"
1375,0.0,"(196.0, 2011)"
1376,0.0,"(196.0, 2012)"
1377,0.1,"(196.0, 2013)"
1378,0.1,"(196.0, 2014)"
1379,0.0,"(196.0, 2015)"
1380,0.0,"(196.0, 2016)"
1381,0.0,"(196.0, 2017)"
1382,0.0,"(196.0, 2018)"
1383,0.0,"(196.0, 2019)"
1384,0.0,"(196.0, 2020)"
1385,0.0,"(196.0, 2021)"
1396,40.8,"(199.0, 2010)"
1397,39.9,"(199.0, 2011)"
1398,38.3,"(199.0, 2012)"
1399,37.5,"(199.0, 2013)"
1400,36.9,"(199.0, 2014)"
1401,37.3,"(199.0, 2015)"
1402,37.2,"(199.0, 2016)"
1403,36.3,"(199.0, 2017)"
1404,35.3,"(199.0, 2018)"
1405,35.3,"(199.0, 2019)"
1406,35.3,"(199.0, 2020)"
1407,35.3,"(199.0, 2021)"
1418,48.7,"(202.0, 2010)"
1419,46.8,"(202.0, 2011)"
1420,45.2,"(202.0, 2012)"
1421,44.8,"(202.0, 2013)"
1422,43.5,"(202.0, 2014)"
1423,43.2,"(202.0, 2015)"
1424,43.1,"(202.0, 2016)"
1425,42.4,"(202.0, 2017)"
1426,41.5,"(202.0, 2018)"
1427,41.5,"(202.0, 2019)"
1428,41.5,"(202.0, 2020)"
1429,41.5,"(202.0, 2021)"
1440,0.0,"(203.0, 2010)"
1441,0.0,"(203.0, 2011)"
1442,0.0,"(203.0, 2012)"
1443,0.0,"(203.0, 2013)"
1444,0.0,"(203.0, 2014)"
1445,0.0,"(203.0, 2015)"
1446,0.0,"(203.0, 2016)"
1447,0.0,"(203.0, 2017)"
1448,0.0,"(203.0, 2018)"
1449,0.0,"(203.0, 2019)"
1450,0.0,"(203.0, 2020)"
1451,0.0,"(203.0, 2021)"
1462,51.4,"(204.0, 2010)"
1463,53.2,"(204.0, 2011)"
1464,53.2,"(204.0, 2012)"
1465,53.2,"(204.0, 2013)"
1466,53.2,"(204.0, 2014)"
1467,49.6,"(204.0, 2015)"
1468,49.6,"(204.0, 2016)"
1469,49.6,"(204.0, 2017)"
1470,49.6,"(204.0, 2018)"
1471,49.6,"(204.0, 2019)"
1472,49.6,"(204.0, 2020)"
1473,49.6,"(204.0, 2021)"
1484,0.1,"(208.0, 2010)"
1485,0.0,"(208.0, 2011)"
1486,0.0,"(208.0, 2012)"
1487,0.3,"(208.0, 2013)"
1488,0.2,"(208.0, 2014)"
1489,0.2,"(208.0, 2015)"
1490,0.3,"(208.0, 2016)"
1491,0.1,"(208.0, 2017)"
1492,0.2,"(208.0, 2018)"
1493,0.2,"(208.0, 2019)"
1494,0.2,"(208.0, 2020)"
1495,0.2,"(208.0, 2021)"
1506,2.5,"(214.0, 2010)"
1507,2.9,"(214.0, 2011)"
1508,2.6,"(214.0, 2012)"
1509,2.2,"(214.0, 2013)"
1510,2.1,"(214.0, 2014)"
1511,1.8,"(214.0, 2015)"
1512,1.6,"(214.0, 2016)"
1513,0.7,"(214.0, 2017)"
1514,0.4,"(214.0, 2018)"
1515,0.6,"(214.0, 2019)"
1516,0.6,"(214.0, 2020)"
1517,0.6,"(214.0, 2021)"
1528,5.7,"(218.0, 2010)"
1529,4.7,"(218.0, 2011)"
1530,4.5,"(218.0, 2012)"
1531,3.2,"(218.0, 2013)"
1532,2.6,"(218.0, 2014)"
1533,3.5,"(218.0, 2015)"
1534,3.6,"(218.0, 2016)"
1535,3.2,"(218.0, 2017)"
1536,3.3,"(218.0, 2018)"
1537,3.6,"(218.0, 2019)"
1538,3.6,"(218.0, 2020)"
1539,3.6,"(218.0, 2021)"
1550,5.7,"(222.0, 2010)"
1551,4.7,"(222.0, 2011)"
1552,4.2,"(222.0, 2012)"
1553,3.4,"(222.0, 2013)"
1554,3.1,"(222.0, 2014)"
1555,2.0,"(222.0, 2015)"
1556,2.3,"(222.0, 2016)"
1557,1.9,"(222.0, 2017)"
1558,1.5,"(222.0, 2018)"
1559,1.3,"(222.0, 2019)"
1560,1.3,"(222.0, 2020)"
1561,1.3,"(222.0, 2021)"
1572,35.6,"(231.0, 2010)"
1573,35.6,"(231.0, 2011)"
1574,35.6,"(231.0, 2012)"
1575,35.6,"(231.0, 2013)"
1576,35.6,"(231.0, 2014)"
1577,30.8,"(231.0, 2015)"
1578,30.8,"(231.0, 2016)"
1579,30.8,"(231.0, 2017)"
1580,30.8,"(231.0, 2018)"
1581,30.8,"(231.0, 2019)"
1582,30.8,"(231.0, 2020)"
1583,30.8,"(231.0, 2021)"
1594,0.7,"(233.0, 2010)"
1595,1.0,"(233.0, 2011)"
1596,0.7,"(233.0, 2012)"
1597,0.8,"(233.0, 2013)"
1598,0.7,"(233.0, 2014)"
1599,0.6,"(233.0, 2015)"
1600,0.5,"(233.0, 2016)"
1601,0.3,"(233.0, 2017)"
1602,0.2,"(233.0, 2018)"
1603,0.2,"(233.0, 2019)"
1604,0.2,"(233.0, 2020)"
1605,0.2,"(233.0, 2021)"
1616,1.6,"(242.0, 2010)"
1617,1.6,"(242.0, 2011)"
1618,1.6,"(242.0, 2012)"
1619,0.5,"(242.0, 2013)"
1620,0.5,"(242.0, 2014)"
1621,0.5,"(242.0, 2015)"
1622,0.5,"(242.0, 2016)"
1623,0.5,"(242.0, 2017)"
1624,0.5,"(242.0, 2018)"
1625,0.5,"(242.0, 2019)"
1626,0.5,"(242.0, 2020)"
1627,0.5,"(242.0, 2021)"
1638,0.0,"(246.0, 2010)"
1639,0.0,"(246.0, 2011)"
1640,0.1,"(246.0, 2012)"
1641,0.1,"(246.0, 2013)"
1642,0.1,"(246.0, 2014)"
1643,0.1,"(246.0, 2015)"
1644,0.0,"(246.0, 2016)"
1645,0.1,"(246.0, 2017)"
1646,0.1,"(246.0, 2018)"
1647,0.1,"(246.0, 2019)"
1648,0.1,"(246.0, 2020)"
1649,0.1,"(246.0, 2021)"
1660,0.1,"(250.0, 2010)"
1661,0.0,"(250.0, 2011)"
1662,0.1,"(250.0, 2012)"
1663,0.1,"(250.0, 2013)"
1664,0.0,"(250.0, 2014)"
1665,0.1,"(250.0, 2015)"
1666,0.1,"(250.0, 2016)"
1667,0.0,"(250.0, 2017)"
1668,0.0,"(250.0, 2018)"
1669,0.0,"(250.0, 2019)"
1670,0.0,"(250.0, 2020)"
1671,0.0,"(250.0, 2021)"
1682,20.2,"(262.0, 2010)"
1683,20.2,"(262.0, 2011)"
1684,18.2,"(262.0, 2012)"
1685,22.3,"(262.0, 2013)"
1686,22.3,"(262.0, 2014)"
1687,22.3,"(262.0, 2015)"
1688,22.3,"(262.0, 2016)"
1689,17.0,"(262.0, 2017)"
1690,17.0,"(262.0, 2018)"
1691,17.0,"(262.0, 2019)"
1692,17.0,"(262.0, 2020)"
1693,17.0,"(262.0, 2021)"
1704,8.0,"(266.0, 2010)"
1705,8.0,"(266.0, 2011)"
1706,8.0,"(266.0, 2012)"
1707,8.0,"(266.0, 2013)"
1708,8.0,"(266.0, 2014)"
1709,8.0,"(266.0, 2015)"
1710,8.0,"(266.0, 2016)"
1711,3.4,"(266.0, 2017)"
1712,3.4,"(266.0, 2018)"
1713,3.4,"(266.0, 2019)"
1714,3.4,"(266.0, 2020)"
1715,3.4,"(266.0, 2021)"
1726,12.0,"(268.0, 2010)"
1727,11.1,"(268.0, 2011)"
1728,8.5,"(268.0, 2012)"
1729,6.4,"(268.0, 2013)"
1730,4.9,"(268.0, 2014)"
1731,3.7,"(268.0, 2015)"
1732,3.8,"(268.0, 2016)"
1733,5.0,"(268.0, 2017)"
1734,4.5,"(268.0, 2018)"
1735,3.8,"(268.0, 2019)"
1736,3.8,"(268.0, 2020)"
1737,3.8,"(268.0, 2021)"
1748,25.4,"(270.0, 2010)"
1749,25.4,"(270.0, 2011)"
1750,25.4,"(270.0, 2012)"
1751,25.4,"(270.0, 2013)"
1752,25.4,"(270.0, 2014)"
1753,10.3,"(270.0, 2015)"
1754,10.3,"(270.0, 2016)"
1755,10.3,"(270.0, 2017)"
1756,10.3,"(270.0, 2018)"
1757,10.3,"(270.0, 2019)"
1758,10.3,"(270.0, 2020)"
1759,10.3,"(270.0, 2021)"
1770,0.2,"(275.0, 2010)"
1771,0.2,"(275.0, 2011)"
1772,0.2,"(275.0, 2012)"
1773,0.2,"(275.0, 2013)"
1774,0.2,"(275.0, 2014)"
1775,0.2,"(275.0, 2015)"
1776,0.8,"(275.0, 2016)"
1777,0.8,"(275.0, 2017)"
1778,0.8,"(275.0, 2018)"
1779,0.8,"(275.0, 2019)"
1780,0.8,"(275.0, 2020)"
1781,0.8,"(275.0, 2021)"
1792,0.0,"(276.0, 2010)"
1793,0.0,"(276.0, 2011)"
1794,0.0,"(276.0, 2012)"
1795,0.0,"(276.0, 2013)"
1796,0.0,"(276.0, 2014)"
1797,0.0,"(276.0, 2015)"
1798,0.0,"(276.0, 2016)"
1799,0.0,"(276.0, 2017)"
1800,0.0,"(276.0, 2018)"
1801,0.0,"(276.0, 2019)"
1802,0.0,"(276.0, 2020)"
1803,0.0,"(276.0, 2021)"
1814,23.4,"(288.0, 2010)"
1815,23.4,"(288.0, 2011)"
1816,11.2,"(288.0, 2012)"
1817,11.2,"(288.0, 2013)"
1818,11.2,"(288.0, 2014)"
1819,11.2,"(288.0, 2015)"
1820,12.7,"(288.0, 2016)"
1821,12.7,"(288.0, 2017)"
1822,12.7,"(288.0, 2018)"
1823,12.7,"(288.0, 2019)"
1824,12.7,"(288.0, 2020)"
1825,12.7,"(288.0, 2021)"
1836,12.9,"(296.0, 2010)"
1837,12.9,"(296.0, 2011)"
1838,12.9,"(296.0, 2012)"
1839,12.9,"(296.0, 2013)"
1840,12.9,"(296.0, 2014)"
1841,12.9,"(296.0, 2015)"
1842,12.9,"(296.0, 2016)"
1843,12.9,"(296.0, 2017)"
1844,12.9,"(296.0, 2018)"
1845,12.9,"(296.0, 2019)"
1846,12.9,"(296.0, 2020)"
1847,12.9,"(296.0, 2021)"
1858,1.0,"(300.0, 2010)"
1859,1.2,"(300.0, 2011)"
1860,1.5,"(300.0, 2012)"
1861,1.0,"(300.0, 2013)"
1862,1.5,"(300.0, 2014)"
1863,1.4,"(300.0, 2015)"
1864,1.1,"(300.0, 2016)"
1865,0.9,"(300.0, 2017)"
1866,0.1,"(300.0, 2018)"
1867,0.1,"(300.0, 2019)"
1868,0.1,"(300.0, 2020)"
1869,0.1,"(300.0, 2021)"
1880,11.2,"(320.0, 2010)"
1881,11.2,"(320.0, 2011)"
1882,11.2,"(320.0, 2012)"
1883,11.2,"(320.0, 2013)"
1884,8.8,"(320.0, 2014)"
1885,8.8,"(320.0, 2015)"
1886,8.8,"(320.0, 2016)"
1887,8.8,"(320.0, 2017)"
1888,8.8,"(320.0, 2018)"
1889,8.8,"(320.0, 2019)"
1890,8.8,"(320.0, 2020)"
1891,8.8,"(320.0, 2021)"
1902,58.4,"(324.0, 2010)"
1903,58.4,"(324.0, 2011)"
1904,36.1,"(324.0, 2012)"
1905,36.1,"(324.0, 2013)"
1906,36.1,"(324.0, 2014)"
1907,36.1,"(324.0, 2015)"
1908,36.1,"(324.0, 2016)"
1909,36.1,"(324.0, 2017)"
1910,36.1,"(324.0, 2018)"
1911,36.1,"(324.0, 2019)"
1912,36.1,"(324.0, 2020)"
1913,36.1,"(324.0, 2021)"
1926,24.5,"(332.0, 2012)"
1927,24.5,"(332.0, 2013)"
1928,24.5,"(332.0, 2014)"
1929,24.5,"(332.0, 2015)"
1930,24.5,"(332.0, 2016)"
1931,24.5,"(332.0, 2017)"
1932,24.5,"(332.0, 2018)"
1933,24.5,"(332.0, 2019)"
1934,24.5,"(332.0, 2020)"
1935,24.5,"(332.0, 2021)"
1946,15.6,"(340.0, 2010)"
1947,17.4,"(340.0, 2011)"
1948,20.1,"(340.0, 2012)"
1949,17.7,"(340.0, 2013)"
1950,16.3,"(340.0, 2014)"
1951,16.4,"(340.0, 2015)"
1952,16.1,"(340.0, 2016)"
1953,15.4,"(340.0, 2017)"
1954,15.8,"(340.0, 2018)"
1955,14.8,"(340.0, 2019)"
1956,14.8,"(340.0, 2020)"
1957,14.8,"(340.0, 2021)"
1968,0.1,"(348.0, 2010)"
1969,0.1,"(348.0, 2011)"
1970,0.3,"(348.0, 2012)"
1971,0.1,"(348.0, 2013)"
1972,0.6,"(348.0, 2014)"
1973,0.6,"(348.0, 2015)"
1974,1.3,"(348.0, 2016)"
1975,0.6,"(348.0, 2017)"
1976,0.2,"(348.0, 2018)"
1977,0.2,"(348.0, 2019)"
1978,0.2,"(348.0, 2020)"
1979,0.2,"(348.0, 2021)"
1990,0.1,"(352.0, 2010)"
1991,0.1,"(352.0, 2011)"
1992,0.0,"(352.0, 2012)"
1993,0.0,"(352.0, 2013)"
1994,0.0,"(352.0, 2014)"
1995,0.0,"(352.0, 2015)"
1996,0.0,"(352.0, 2016)"
1997,0.0,"(352.0, 2017)"
1998,0.0,"(352.0, 2018)"
1999,0.0,"(352.0, 2019)"
2000,0.0,"(352.0, 2020)"
2001,0.0,"(352.0, 2021)"
2012,32.8,"(356.0, 2010)"
2013,22.5,"(356.0, 2011)"
2014,22.5,"(356.0, 2012)"
2015,22.5,"(356.0, 2013)"
2016,22.5,"(356.0, 2014)"
2017,22.5,"(356.0, 2015)"
2018,22.5,"(356.0, 2016)"
2019,22.5,"(356.0, 2017)"
2020,22.5,"(356.0, 2018)"
2021,22.5,"(356.0, 2019)"
2022,22.5,"(356.0, 2020)"
2023,22.5,"(356.0, 2021)"
2034,13.3,"(360.0, 2010)"
2035,10.9,"(360.0, 2011)"
2036,9.5,"(360.0, 2012)"
2037,7.3,"(360.0, 2013)"
2038,6.2,"(360.0, 2014)"
2039,5.8,"(360.0, 2015)"
2040,5.2,"(360.0, 2016)"
2041,4.5,"(360.0, 2017)"
2042,3.6,"(360.0, 2018)"
2043,2.9,"(360.0, 2019)"
2044,2.9,"(360.0, 2020)"
2045,2.9,"(360.0, 2021)"
2056,1.1,"(364.0, 2010)"
2057,1.1,"(364.0, 2011)"
2058,1.1,"(364.0, 2012)"
2059,0.2,"(364.0, 2013)"
2060,0.4,"(364.0, 2014)"
2061,0.4,"(364.0, 2015)"
2062,0.4,"(364.0, 2016)"
2063,0.4,"(364.0, 2017)"
2064,0.5,"(364.0, 2018)"
2065,0.5,"(364.0, 2019)"
2066,0.5,"(364.0, 2020)"
2067,0.5,"(364.0, 2021)"
2078,1.5,"(368.0, 2010)"
2079,1.5,"(368.0, 2011)"
2080,1.7,"(368.0, 2012)"
2081,1.7,"(368.0, 2013)"
2082,1.7,"(368.0, 2014)"
2083,1.7,"(368.0, 2015)"
2084,1.7,"(368.0, 2016)"
2085,1.7,"(368.0, 2017)"
2086,1.7,"(368.0, 2018)"
2087,1.7,"(368.0, 2019)"
2088,1.7,"(368.0, 2020)"
2089,1.7,"(368.0, 2021)"
2100,0.5,"(372.0, 2010)"
2101,0.5,"(372.0, 2011)"
2102,0.2,"(372.0, 2012)"
2103,0.7,"(372.0, 2013)"
2104,0.4,"(372.0, 2014)"
2105,0.3,"(372.0, 2015)"
2106,0.1,"(372.0, 2016)"
2107,0.2,"(372.0, 2017)"
2108,0.2,"(372.0, 2018)"
2109,0.2,"(372.0, 2019)"
2110,0.2,"(372.0, 2020)"
2111,0.2,"(372.0, 2021)"
2122,0.2,"(376.0, 2010)"
2123,0.2,"(376.0, 2011)"
2124,0.5,"(376.0, 2012)"
2125,0.5,"(376.0, 2013)"
2126,0.5,"(376.0, 2014)"
2127,0.5,"(376.0, 2015)"
2128,0.2,"(376.0, 2016)"
2129,0.2,"(376.0, 2017)"
2130,0.2,"(376.0, 2018)"
2131,0.2,"(376.0, 2019)"
2132,0.2,"(376.0, 2020)"
2133,0.2,"(376.0, 2021)"
2144,1.3,"(380.0, 2010)"
2145,1.2,"(380.0, 2011)"
2146,1.2,"(380.0, 2012)"
2147,1.4,"(380.0, 2013)"
2148,1.2,"(380.0, 2014)"
2149,1.9,"(380.0, 2015)"
2150,1.6,"(380.0, 2016)"
2151,1.4,"(380.0, 2017)"
2152,1.4,"(380.0, 2018)"
2153,1.4,"(380.0, 2019)"
2154,1.4,"(380.0, 2020)"
2155,1.4,"(380.0, 2021)"
2166,30.4,"(384.0, 2010)"
2167,30.4,"(384.0, 2011)"
2168,30.4,"(384.0, 2012)"
2169,30.4,"(384.0, 2013)"
2170,30.4,"(384.0, 2014)"
2171,29.8,"(384.0, 2015)"
2172,29.8,"(384.0, 2016)"
2173,29.8,"(384.0, 2017)"
2174,29.8,"(384.0, 2018)"
2175,29.8,"(384.0, 2019)"
2176,29.8,"(384.0, 2020)"
2177,29.8,"(384.0, 2021)"
2188,1.7,"(388.0, 2010)"
2189,1.7,"(388.0, 2011)"
2190,1.7,"(388.0, 2012)"
2191,1.7,"(388.0, 2013)"
2192,1.7,"(388.0, 2014)"
2193,1.7,"(388.0, 2015)"
2194,1.7,"(388.0, 2016)"
2195,1.7,"(388.0, 2017)"
2196,1.7,"(388.0, 2018)"
2197,1.7,"(388.0, 2019)"
2198,1.7,"(388.0, 2020)"
2199,1.7,"(388.0, 2021)"
2210,0.0,"(392.0, 2010)"
2211,0.0,"(392.0, 2011)"
2212,0.0,"(392.0, 2012)"
2213,0.7,"(392.0, 2013)"
2214,0.7,"(392.0, 2014)"
2215,0.7,"(392.0, 2015)"
2216,0.7,"(392.0, 2016)"
2217,0.7,"(392.0, 2017)"
2218,0.7,"(392.0, 2018)"
2219,0.7,"(392.0, 2019)"
2220,0.7,"(392.0, 2020)"
2221,0.7,"(392.0, 2021)"
2232,0.1,"(398.0, 2010)"
2233,0.0,"(398.0, 2011)"
2234,0.0,"(398.0, 2012)"
2235,0.0,"(398.0, 2013)"
2236,0.0,"(398.0, 2014)"
2237,0.0,"(398.0, 2015)"
2238,0.0,"(398.0, 2016)"
2239,0.0,"(398.0, 2017)"
2240,0.0,"(398.0, 2018)"
2241,0.0,"(398.0, 2019)"
2242,0.0,"(398.0, 2020)"
2243,0.0,"(398.0, 2021)"
2254,0.1,"(400.0, 2010)"
2255,0.1,"(400.0, 2011)"
2256,0.1,"(400.0, 2012)"
2257,0.1,"(400.0, 2013)"
2258,0.1,"(400.0, 2014)"
2259,0.1,"(400.0, 2015)"
2260,0.1,"(400.0, 2016)"
2261,0.1,"(400.0, 2017)"
2262,0.1,"(400.0, 2018)"
2263,0.1,"(400.0, 2019)"
2264,0.1,"(400.0, 2020)"
2265,0.1,"(400.0, 2021)"
2276,43.9,"(404.0, 2010)"
2277,43.9,"(404.0, 2011)"
2278,43.9,"(404.0, 2012)"
2279,43.9,"(404.0, 2013)"
2280,43.9,"(404.0, 2014)"
2281,37.1,"(404.0, 2015)"
2282,37.1,"(404.0, 2016)"
2283,37.1,"(404.0, 2017)"
2284,37.1,"(404.0, 2018)"
2285,37.1,"(404.0, 2019)"
2286,37.1,"(404.0, 2020)"
2287,37.1,"(404.0, 2021)"
2298,0.5,"(410.0, 2010)"
2299,0.5,"(410.0, 2011)"
2300,0.2,"(410.0, 2012)"
2301,0.2,"(410.0, 2013)"
2302,0.2,"(410.0, 2014)"
2303,0.2,"(410.0, 2015)"
2304,0.2,"(410.0, 2016)"
2305,0.2,"(410.0, 2017)"
2306,0.2,"(410.0, 2018)"
2307,0.2,"(410.0, 2019)"
2308,0.2,"(410.0, 2020)"
2309,0.2,"(410.0, 2021)"
2320,2.8,"(417.0, 2010)"
2321,0.9,"(417.0, 2011)"
2322,2.5,"(417.0, 2012)"
2323,2.2,"(417.0, 2013)"
2324,0.9,"(417.0, 2014)"
2325,1.8,"(417.0, 2015)"
2326,1.0,"(417.0, 2016)"
2327,1.1,"(417.0, 2017)"
2328,0.6,"(417.0, 2018)"
2329,0.6,"(417.0, 2019)"
2330,0.6,"(417.0, 2020)"
2331,0.6,"(417.0, 2021)"
2342,25.7,"(418.0, 2010)"
2343,25.7,"(418.0, 2011)"
2344,14.5,"(418.0, 2012)"
2345,14.5,"(418.0, 2013)"
2346,14.5,"(418.0, 2014)"
2347,14.5,"(418.0, 2015)"
2348,14.5,"(418.0, 2016)"
2349,14.5,"(418.0, 2017)"
2350,10.0,"(418.0, 2018)"
2351,10.0,"(418.0, 2019)"
2352,10.0,"(418.0, 2020)"
2353,10.0,"(418.0, 2021)"
2364,6.0,"(419.0, 2010)"
2365,5.6,"(419.0, 2011)"
2366,4.6,"(419.0, 2012)"
2367,4.2,"(419.0, 2013)"
2368,3.9,"(419.0, 2014)"
2369,3.7,"(419.0, 2015)"
2370,3.8,"(419.0, 2016)"
2371,3.8,"(419.0, 2017)"
2372,3.7,"(419.0, 2018)"
2373,3.7,"(419.0, 2019)"
2374,3.7,"(419.0, 2020)"
2375,3.7,"(419.0, 2021)"
2387,0.0,"(422.0, 2011)"
2388,0.0,"(422.0, 2012)"
2389,0.0,"(422.0, 2013)"
2390,0.0,"(422.0, 2014)"
2391,0.0,"(422.0, 2015)"
2392,0.0,"(422.0, 2016)"
2393,0.0,"(422.0, 2017)"
2394,0.0,"(422.0, 2018)"
2395,0.0,"(422.0, 2019)"
2396,0.0,"(422.0, 2020)"
2397,0.0,"(422.0, 2021)"
2408,61.9,"(426.0, 2010)"
2409,61.9,"(426.0, 2011)"
2410,61.9,"(426.0, 2012)"
2411,61.9,"(426.0, 2013)"
2412,61.9,"(426.0, 2014)"
2413,61.9,"(426.0, 2015)"
2414,61.9,"(426.0, 2016)"
2415,27.2,"(426.0, 2017)"
2416,27.2,"(426.0, 2018)"
2417,27.2,"(426.0, 2019)"
2418,27.2,"(426.0, 2020)"
2419,27.2,"(426.0, 2021)"
2430,1.6,"(428.0, 2010)"
2431,1.0,"(428.0, 2011)"
2432,1.0,"(428.0, 2012)"
2433,1.1,"(428.0, 2013)"
2434,0.8,"(428.0, 2014)"
2435,0.6,"(428.0, 2015)"
2436,0.6,"(428.0, 2016)"
2437,0.8,"(428.0, 2017)"
2438,0.3,"(428.0, 2018)"
2439,0.3,"(428.0, 2019)"
2440,0.3,"(428.0, 2020)"
2441,0.3,"(428.0, 2021)"
2452,71.4,"(430.0, 2010)"
2453,71.4,"(430.0, 2011)"
2454,71.4,"(430.0, 2012)"
2455,71.4,"(430.0, 2013)"
2456,41.7,"(430.0, 2014)"
2457,41.7,"(430.0, 2015)"
2458,44.4,"(430.0, 2016)"
2459,44.4,"(430.0, 2017)"
2460,44.4,"(430.0, 2018)"
2461,44.4,"(430.0, 2019)"
2462,44.4,"(430.0, 2020)"
2463,44.4,"(430.0, 2021)"
2474,34.6,"(432.0, 2010)"
2475,33.2,"(432.0, 2011)"
2476,32.4,"(432.0, 2012)"
2477,31.8,"(432.0, 2013)"
2478,31.2,"(432.0, 2014)"
2479,31.1,"(432.0, 2015)"
2480,30.8,"(432.0, 2016)"
2481,29.8,"(432.0, 2017)"
2482,28.8,"(432.0, 2018)"
2483,28.8,"(432.0, 2019)"
2484,28.8,"(432.0, 2020)"
2485,28.8,"(432.0, 2021)"
2496,1.5,"(440.0, 2010)"
2497,0.7,"(440.0, 2011)"
2498,0.9,"(440.0, 2012)"
2499,0.7,"(440.0, 2013)"
2500,1.3,"(440.0, 2014)"
2501,0.7,"(440.0, 2015)"
2502,1.3,"(440.0, 2016)"
2503,1.0,"(440.0, 2017)"
2504,0.9,"(440.0, 2018)"
2505,0.9,"(440.0, 2019)"
2506,0.9,"(440.0, 2020)"
2507,0.9,"(440.0, 2021)"
2518,0.0,"(442.0, 2010)"
2519,0.1,"(442.0, 2011)"
2520,0.0,"(442.0, 2012)"
2521,0.1,"(442.0, 2013)"
2522,0.1,"(442.0, 2014)"
2523,0.3,"(442.0, 2015)"
2524,0.1,"(442.0, 2016)"
2525,0.3,"(442.0, 2017)"
2526,0.3,"(442.0, 2018)"
2527,0.3,"(442.0, 2019)"
2528,0.3,"(442.0, 2020)"
2529,0.3,"(442.0, 2021)"
2540,78.2,"(450.0, 2010)"
2541,78.2,"(450.0, 2011)"
2542,78.8,"(450.0, 2012)"
2543,78.8,"(450.0, 2013)"
2544,78.8,"(450.0, 2014)"
2545,78.8,"(450.0, 2015)"
2546,78.8,"(450.0, 2016)"
2547,78.8,"(450.0, 2017)"
2548,78.8,"(450.0, 2018)"
2549,78.8,"(450.0, 2019)"
2550,78.8,"(450.0, 2020)"
2551,78.8,"(450.0, 2021)"
2562,71.1,"(454.0, 2010)"
2563,71.1,"(454.0, 2011)"
2564,71.1,"(454.0, 2012)"
2565,71.1,"(454.0, 2013)"
2566,71.1,"(454.0, 2014)"
2567,71.1,"(454.0, 2015)"
2568,69.2,"(454.0, 2016)"
2569,69.2,"(454.0, 2017)"
2570,69.2,"(454.0, 2018)"
2571,69.2,"(454.0, 2019)"
2572,69.2,"(454.0, 2020)"
2573,69.2,"(454.0, 2021)"
2584,0.6,"(458.0, 2010)"
2585,0.1,"(458.0, 2011)"
2586,0.1,"(458.0, 2012)"
2587,0.0,"(458.0, 2013)"
2588,0.0,"(458.0, 2014)"
2589,0.0,"(458.0, 2015)"
2590,0.0,"(458.0, 2016)"
2591,0.0,"(458.0, 2017)"
2592,0.0,"(458.0, 2018)"
2593,0.0,"(458.0, 2019)"
2594,0.0,"(458.0, 2020)"
2595,0.0,"(458.0, 2021)"
2606,3.5,"(462.0, 2010)"
2607,3.5,"(462.0, 2011)"
2608,3.5,"(462.0, 2012)"
2609,3.5,"(462.0, 2013)"
2610,3.5,"(462.0, 2014)"
2611,3.5,"(462.0, 2015)"
2612,0.0,"(462.0, 2016)"
2613,0.0,"(462.0, 2017)"
2614,0.0,"(462.0, 2018)"
2615,0.0,"(462.0, 2019)"
2616,0.0,"(462.0, 2020)"
2617,0.0,"(462.0, 2021)"
2628,50.3,"(466.0, 2010)"
2629,50.3,"(466.0, 2011)"
2630,50.3,"(466.0, 2012)"
2631,50.3,"(466.0, 2013)"
2632,50.3,"(466.0, 2014)"
2633,50.3,"(466.0, 2015)"
2634,50.3,"(466.0, 2016)"
2635,50.3,"(466.0, 2017)"
2636,50.3,"(466.0, 2018)"
2637,50.3,"(466.0, 2019)"
2638,50.3,"(466.0, 2020)"
2639,50.3,"(466.0, 2021)"
2650,0.2,"(470.0, 2010)"
2651,0.2,"(470.0, 2011)"
2652,0.1,"(470.0, 2012)"
2653,0.0,"(470.0, 2013)"
2654,0.0,"(470.0, 2014)"
2655,0.1,"(470.0, 2015)"
2656,0.1,"(470.0, 2016)"
2657,0.2,"(470.0, 2017)"
2658,0.1,"(470.0, 2018)"
2659,0.1,"(470.0, 2019)"
2660,0.1,"(470.0, 2020)"
2661,0.1,"(470.0, 2021)"
2672,10.9,"(478.0, 2010)"
2673,10.9,"(478.0, 2011)"
2674,10.9,"(478.0, 2012)"
2675,10.9,"(478.0, 2013)"
2676,6.0,"(478.0, 2014)"
2677,6.0,"(478.0, 2015)"
2678,6.0,"(478.0, 2016)"
2679,6.0,"(478.0, 2017)"
2680,6.0,"(478.0, 2018)"
2681,6.0,"(478.0, 2019)"
2682,6.0,"(478.0, 2020)"
2683,6.0,"(478.0, 2021)"
2694,0.4,"(480.0, 2010)"
2695,0.4,"(480.0, 2011)"
2696,0.6,"(480.0, 2012)"
2697,0.6,"(480.0, 2013)"
2698,0.6,"(480.0, 2014)"
2699,0.6,"(480.0, 2015)"
2700,0.6,"(480.0, 2016)"
2701,0.2,"(480.0, 2017)"
2702,0.2,"(480.0, 2018)"
2703,0.2,"(480.0, 2019)"
2704,0.2,"(480.0, 2020)"
2705,0.2,"(480.0, 2021)"
2716,4.5,"(484.0, 2010)"
2717,4.5,"(484.0, 2011)"
2718,3.8,"(484.0, 2012)"
2719,3.8,"(484.0, 2013)"
2720,3.7,"(484.0, 2014)"
2721,3.7,"(484.0, 2015)"
2722,2.2,"(484.0, 2016)"
2723,2.2,"(484.0, 2017)"
2724,1.7,"(484.0, 2018)"
2725,1.7,"(484.0, 2019)"
2726,1.7,"(484.0, 2020)"
2727,1.7,"(484.0, 2021)"
2738,1.9,"(485.0, 2010)"
2739,2.7,"(485.0, 2011)"
2740,2.9,"(485.0, 2012)"
2741,2.9,"(485.0, 2013)"
2742,3.5,"(485.0, 2014)"
2743,6.9,"(485.0, 2015)"
2744,8.4,"(485.0, 2016)"
2745,10.2,"(485.0, 2017)"
2746,10.2,"(485.0, 2018)"
2747,10.2,"(485.0, 2019)"
2748,10.2,"(485.0, 2020)"
2749,10.2,"(485.0, 2021)"
2760,0.7,"(496.0, 2010)"
2761,0.5,"(496.0, 2011)"
2762,0.4,"(496.0, 2012)"
2763,0.4,"(496.0, 2013)"
2764,0.2,"(496.0, 2014)"
2765,0.2,"(496.0, 2015)"
2766,0.5,"(496.0, 2016)"
2767,0.5,"(496.0, 2017)"
2768,0.5,"(496.0, 2018)"
2769,0.5,"(496.0, 2019)"
2770,0.5,"(496.0, 2020)"
2771,0.5,"(496.0, 2021)"
2782,0.5,"(498.0, 2010)"
2783,0.3,"(498.0, 2011)"
2784,0.3,"(498.0, 2012)"
2785,0.1,"(498.0, 2013)"
2786,0.0,"(498.0, 2014)"
2787,0.0,"(498.0, 2015)"
2788,0.2,"(498.0, 2016)"
2789,0.1,"(498.0, 2017)"
2790,0.0,"(498.0, 2018)"
2791,0.0,"(498.0, 2019)"
2792,0.0,"(498.0, 2020)"
2793,0.0,"(498.0, 2021)"
2806,3.4,"(499.0, 2012)"
2807,3.2,"(499.0, 2013)"
2808,1.7,"(499.0, 2014)"
2809,1.4,"(499.0, 2015)"
2810,2.5,"(499.0, 2016)"
2811,2.5,"(499.0, 2017)"
2812,2.5,"(499.0, 2018)"
2813,2.5,"(499.0, 2019)"
2814,2.5,"(499.0, 2020)"
2815,2.5,"(499.0, 2021)"
2826,3.0,"(504.0, 2010)"
2827,3.0,"(504.0, 2011)"
2828,3.0,"(504.0, 2012)"
2829,0.9,"(504.0, 2013)"
2830,0.9,"(504.0, 2014)"
2831,0.9,"(504.0, 2015)"
2832,0.9,"(504.0, 2016)"
2833,0.9,"(504.0, 2017)"
2834,0.9,"(504.0, 2018)"
2835,0.9,"(504.0, 2019)"
2836,0.9,"(504.0, 2020)"
2837,0.9,"(504.0, 2021)"
2848,69.7,"(508.0, 2010)"
2849,69.7,"(508.0, 2011)"
2850,69.7,"(508.0, 2012)"
2851,69.7,"(508.0, 2013)"
2852,63.7,"(508.0, 2014)"
2853,63.7,"(508.0, 2015)"
2854,63.7,"(508.0, 2016)"
2855,63.7,"(508.0, 2017)"
2856,63.7,"(508.0, 2018)"
2857,63.7,"(508.0, 2019)"
2858,63.7,"(508.0, 2020)"
2859,63.7,"(508.0, 2021)"
2870,0.5,"(513.0, 2010)"
2871,0.5,"(513.0, 2011)"
2872,0.5,"(513.0, 2012)"
2873,0.5,"(513.0, 2013)"
2874,0.7,"(513.0, 2014)"
2875,0.7,"(513.0, 2015)"
2876,0.6,"(513.0, 2016)"
2877,0.7,"(513.0, 2017)"
2878,0.5,"(513.0, 2018)"
2879,0.5,"(513.0, 2019)"
2880,0.5,"(513.0, 2020)"
2881,0.5,"(513.0, 2021)"
2892,0.4,"(514.0, 2010)"
2893,0.5,"(514.0, 2011)"
2894,0.5,"(514.0, 2012)"
2895,0.5,"(514.0, 2013)"
2896,0.7,"(514.0, 2014)"
2897,0.7,"(514.0, 2015)"
2898,0.6,"(514.0, 2016)"
2899,0.7,"(514.0, 2017)"
2900,0.5,"(514.0, 2018)"
2901,0.5,"(514.0, 2019)"
2902,0.5,"(514.0, 2020)"
2903,0.5,"(514.0, 2021)"
2914,19.7,"(515.0, 2010)"
2915,17.1,"(515.0, 2011)"
2916,15.8,"(515.0, 2012)"
2917,13.9,"(515.0, 2013)"
2918,13.0,"(515.0, 2014)"
2919,12.4,"(515.0, 2015)"
2920,11.8,"(515.0, 2016)"
2921,11.3,"(515.0, 2017)"
2922,11.3,"(515.0, 2018)"
2923,11.1,"(515.0, 2019)"
2924,11.1,"(515.0, 2020)"
2925,11.1,"(515.0, 2021)"
2936,23.5,"(516.0, 2010)"
2937,23.5,"(516.0, 2011)"
2938,23.5,"(516.0, 2012)"
2939,23.5,"(516.0, 2013)"
2940,23.5,"(516.0, 2014)"
2941,13.8,"(516.0, 2015)"
2942,13.8,"(516.0, 2016)"
2943,13.8,"(516.0, 2017)"
2944,13.8,"(516.0, 2018)"
2945,13.8,"(516.0, 2019)"
2946,13.8,"(516.0, 2020)"
2947,13.8,"(516.0, 2021)"
2958,10.8,"(518.0, 2010)"
2959,7.6,"(518.0, 2011)"
2960,6.3,"(518.0, 2012)"
2961,1.8,"(518.0, 2013)"
2962,1.3,"(518.0, 2014)"
2963,0.7,"(518.0, 2015)"
2964,0.5,"(518.0, 2016)"
2965,0.3,"(518.0, 2017)"
2966,0.3,"(518.0, 2018)"
2967,0.2,"(518.0, 2019)"
2968,0.2,"(518.0, 2020)"
2969,0.2,"(518.0, 2021)"
2982,0.9,"(520.0, 2012)"
2983,0.9,"(520.0, 2013)"
2984,0.9,"(520.0, 2014)"
2985,0.9,"(520.0, 2015)"
2986,0.9,"(520.0, 2016)"
2987,0.9,"(520.0, 2017)"
2988,0.9,"(520.0, 2018)"
2989,0.9,"(520.0, 2019)"
2990,0.9,"(520.0, 2020)"
2991,0.9,"(520.0, 2021)"
3002,15.0,"(524.0, 2010)"
3003,15.0,"(524.0, 2011)"
3004,15.0,"(524.0, 2012)"
3005,15.0,"(524.0, 2013)"
3006,15.0,"(524.0, 2014)"
3007,15.0,"(524.0, 2015)"
3008,15.0,"(524.0, 2016)"
3009,15.0,"(524.0, 2017)"
3010,15.0,"(524.0, 2018)"
3011,15.0,"(524.0, 2019)"
3012,15.0,"(524.0, 2020)"
3013,15.0,"(524.0, 2021)"
3024,0.0,"(528.0, 2010)"
3025,0.1,"(528.0, 2011)"
3026,0.1,"(528.0, 2012)"
3027,0.1,"(528.0, 2013)"
3028,0.1,"(528.0, 2014)"
3029,0.1,"(528.0, 2015)"
3030,0.0,"(528.0, 2016)"
3031,0.2,"(528.0, 2017)"
3032,0.1,"(528.0, 2018)"
3033,0.1,"(528.0, 2019)"
3034,0.1,"(528.0, 2020)"
3035,0.1,"(528.0, 2021)"
3046,31.4,"(543.0, 2010)"
3047,31.3,"(543.0, 2011)"
3048,30.7,"(543.0, 2012)"
3049,30.7,"(543.0, 2013)"
3050,30.7,"(543.0, 2014)"
3051,30.7,"(543.0, 2015)"
3052,30.7,"(543.0, 2016)"
3053,30.7,"(543.0, 2017)"
3054,30.7,"(543.0, 2018)"
3055,30.7,"(543.0, 2019)"
3056,30.7,"(543.0, 2020)"
3057,30.7,"(543.0, 2021)"
3068,13.2,"(548.0, 2010)"
3069,13.2,"(548.0, 2011)"
3070,13.2,"(548.0, 2012)"
3071,13.2,"(548.0, 2013)"
3072,13.2,"(548.0, 2014)"
3073,13.2,"(548.0, 2015)"
3074,13.2,"(548.0, 2016)"
3075,13.2,"(548.0, 2017)"
3076,13.2,"(548.0, 2018)"
3077,13.2,"(548.0, 2019)"
3078,13.2,"(548.0, 2020)"
3079,13.2,"(548.0, 2021)"
3090,7.4,"(558.0, 2010)"
3091,7.4,"(558.0, 2011)"
3092,7.4,"(558.0, 2012)"
3093,7.4,"(558.0, 2013)"
3094,3.4,"(558.0, 2014)"
3095,3.4,"(558.0, 2015)"
3096,3.4,"(558.0, 2016)"
3097,3.4,"(558.0, 2017)"
3098,3.4,"(558.0, 2018)"
3099,3.4,"(558.0, 2019)"
3100,3.4,"(558.0, 2020)"
3101,3.4,"(558.0, 2021)"
3112,72.4,"(562.0, 2010)"
3113,50.6,"(562.0, 2011)"
3114,50.6,"(562.0, 2012)"
3115,50.6,"(562.0, 2013)"
3116,45.4,"(562.0, 2014)"
3117,45.4,"(562.0, 2015)"
3118,45.4,"(562.0, 2016)"
3119,45.4,"(562.0, 2017)"
3120,45.4,"(562.0, 2018)"
3121,45.4,"(562.0, 2019)"
3122,45.4,"(562.0, 2020)"
3123,45.4,"(562.0, 2021)"
3134,56.4,"(566.0, 2010)"
3135,56.4,"(566.0, 2011)"
3136,56.4,"(566.0, 2012)"
3137,56.4,"(566.0, 2013)"
3138,56.4,"(566.0, 2014)"
3139,56.4,"(566.0, 2015)"
3140,56.4,"(566.0, 2016)"
3141,56.4,"(566.0, 2017)"
3142,39.1,"(566.0, 2018)"
3143,39.1,"(566.0, 2019)"
3144,39.1,"(566.0, 2020)"
3145,39.1,"(566.0, 2021)"
3156,0.2,"(578.0, 2010)"
3157,0.1,"(578.0, 2011)"
3158,0.1,"(578.0, 2012)"
3159,0.1,"(578.0, 2013)"
3160,0.1,"(578.0, 2014)"
3161,0.1,"(578.0, 2015)"
3162,0.3,"(578.0, 2016)"
3163,0.3,"(578.0, 2017)"
3164,0.3,"(578.0, 2018)"
3165,0.3,"(578.0, 2019)"
3166,0.3,"(578.0, 2020)"
3167,0.3,"(578.0, 2021)"
3178,8.1,"(583.0, 2010)"
3179,8.1,"(583.0, 2011)"
3180,8.1,"(583.0, 2012)"
3181,15.4,"(583.0, 2013)"
3182,15.4,"(583.0, 2014)"
3183,15.4,"(583.0, 2015)"
3184,15.4,"(583.0, 2016)"
3185,15.4,"(583.0, 2017)"
3186,15.4,"(583.0, 2018)"
3187,15.4,"(583.0, 2019)"
3188,15.4,"(583.0, 2020)"
3189,15.4,"(583.0, 2021)"
3200,8.3,"(586.0, 2010)"
3201,8.0,"(586.0, 2011)"
3202,8.0,"(586.0, 2012)"
3203,6.2,"(586.0, 2013)"
3204,6.2,"(586.0, 2014)"
3205,4.0,"(586.0, 2015)"
3206,4.0,"(586.0, 2016)"
3207,4.0,"(586.0, 2017)"
3208,4.4,"(586.0, 2018)"
3209,4.4,"(586.0, 2019)"
3210,4.4,"(586.0, 2020)"
3211,4.4,"(586.0, 2021)"
3222,4.5,"(591.0, 2010)"
3223,3.0,"(591.0, 2011)"
3224,4.1,"(591.0, 2012)"
3225,2.8,"(591.0, 2013)"
3226,3.5,"(591.0, 2014)"
3227,2.0,"(591.0, 2015)"
3228,2.2,"(591.0, 2016)"
3229,2.5,"(591.0, 2017)"
3230,1.7,"(591.0, 2018)"
3231,1.2,"(591.0, 2019)"
3232,1.2,"(591.0, 2020)"
3233,1.2,"(591.0, 2021)"
3244,38.0,"(598.0, 2010)"
3245,38.0,"(598.0, 2011)"
3246,38.0,"(598.0, 2012)"
3247,38.0,"(598.0, 2013)"
3248,38.0,"(598.0, 2014)"
3249,38.0,"(598.0, 2015)"
3250,38.0,"(598.0, 2016)"
3251,38.0,"(598.0, 2017)"
3252,38.0,"(598.0, 2018)"
3253,38.0,"(598.0, 2019)"
3254,38.0,"(598.0, 2020)"
3255,38.0,"(598.0, 2021)"
3266,5.2,"(600.0, 2010)"
3267,4.6,"(600.0, 2011)"
3268,3.2,"(600.0, 2012)"
3269,1.7,"(600.0, 2013)"
3270,2.2,"(600.0, 2014)"
3271,1.7,"(600.0, 2015)"
3272,1.5,"(600.0, 2016)"
3273,0.9,"(600.0, 2017)"
3274,1.3,"(600.0, 2018)"
3275,0.9,"(600.0, 2019)"
3276,0.9,"(600.0, 2020)"
3277,0.9,"(600.0, 2021)"
3288,5.5,"(604.0, 2010)"
3289,5.2,"(604.0, 2011)"
3290,4.8,"(604.0, 2012)"
3291,4.4,"(604.0, 2013)"
3292,3.7,"(604.0, 2014)"
3293,3.6,"(604.0, 2015)"
3294,3.5,"(604.0, 2016)"
3295,3.4,"(604.0, 2017)"
3296,2.7,"(604.0, 2018)"
3297,2.2,"(604.0, 2019)"
3298,2.2,"(604.0, 2020)"
3299,2.2,"(604.0, 2021)"
3310,10.7,"(608.0, 2010)"
3311,10.7,"(608.0, 2011)"
3312,10.4,"(608.0, 2012)"
3313,10.4,"(608.0, 2013)"
3314,10.4,"(608.0, 2014)"
3315,6.1,"(608.0, 2015)"
3316,6.1,"(608.0, 2016)"
3317,6.1,"(608.0, 2017)"
3318,2.7,"(608.0, 2018)"
3319,2.7,"(608.0, 2019)"
3320,2.7,"(608.0, 2020)"
3321,2.7,"(608.0, 2021)"
3332,0.3,"(616.0, 2010)"
3333,0.3,"(616.0, 2011)"
3334,0.2,"(616.0, 2012)"
3335,0.4,"(616.0, 2013)"
3336,0.3,"(616.0, 2014)"
3337,0.4,"(616.0, 2015)"
3338,0.2,"(616.0, 2016)"
3339,0.3,"(616.0, 2017)"
3340,0.2,"(616.0, 2018)"
3341,0.2,"(616.0, 2019)"
3342,0.2,"(616.0, 2020)"
3343,0.2,"(616.0, 2021)"
3354,0.1,"(620.0, 2010)"
3355,0.5,"(620.0, 2011)"
3356,0.7,"(620.0, 2012)"
3357,0.8,"(620.0, 2013)"
3358,0.5,"(620.0, 2014)"
3359,0.5,"(620.0, 2015)"
3360,0.4,"(620.0, 2016)"
3361,0.4,"(620.0, 2017)"
3362,0.3,"(620.0, 2018)"
3363,0.3,"(620.0, 2019)"
3364,0.3,"(620.0, 2020)"
3365,0.3,"(620.0, 2021)"
3376,68.4,"(624.0, 2010)"
3377,68.4,"(624.0, 2011)"
3378,68.4,"(624.0, 2012)"
3379,68.4,"(624.0, 2013)"
3380,68.4,"(624.0, 2014)"
3381,68.4,"(624.0, 2015)"
3382,68.4,"(624.0, 2016)"
3383,68.4,"(624.0, 2017)"
3384,68.4,"(624.0, 2018)"
3385,68.4,"(624.0, 2019)"
3386,68.4,"(624.0, 2020)"
3387,68.4,"(624.0, 2021)"
3398,37.4,"(626.0, 2010)"
3399,37.4,"(626.0, 2011)"
3400,37.4,"(626.0, 2012)"
3401,37.4,"(626.0, 2013)"
3402,22.0,"(626.0, 2014)"
3403,22.0,"(626.0, 2015)"
3404,22.0,"(626.0, 2016)"
3405,22.0,"(626.0, 2017)"
3406,22.0,"(626.0, 2018)"
3407,22.0,"(626.0, 2019)"
3408,22.0,"(626.0, 2020)"
3409,22.0,"(626.0, 2021)"
3420,3.8,"(642.0, 2010)"
3421,4.9,"(642.0, 2011)"
3422,5.6,"(642.0, 2012)"
3423,6.0,"(642.0, 2013)"
3424,6.5,"(642.0, 2014)"
3425,4.6,"(642.0, 2015)"
3426,2.8,"(642.0, 2016)"
3427,3.1,"(642.0, 2017)"
3428,2.4,"(642.0, 2018)"
3429,2.4,"(642.0, 2019)"
3430,2.4,"(642.0, 2020)"
3431,2.4,"(642.0, 2021)"
3442,0.1,"(643.0, 2010)"
3443,0.0,"(643.0, 2011)"
3444,0.0,"(643.0, 2012)"
3445,0.0,"(643.0, 2013)"
3446,0.0,"(643.0, 2014)"
3447,0.0,"(643.0, 2015)"
3448,0.0,"(643.0, 2016)"
3449,0.0,"(643.0, 2017)"
3450,0.0,"(643.0, 2018)"
3451,0.0,"(643.0, 2019)"
3452,0.0,"(643.0, 2020)"
3453,0.0,"(643.0, 2021)"
3464,63.2,"(646.0, 2010)"
3465,63.2,"(646.0, 2011)"
3466,63.2,"(646.0, 2012)"
3467,57.9,"(646.0, 2013)"
3468,57.9,"(646.0, 2014)"
3469,57.9,"(646.0, 2015)"
3470,56.5,"(646.0, 2016)"
3471,56.5,"(646.0, 2017)"
3472,56.5,"(646.0, 2018)"
3473,56.5,"(646.0, 2019)"
3474,56.5,"(646.0, 2020)"
3475,56.5,"(646.0, 2021)"
3492,4.6,"(662.0, 2016)"
3493,4.6,"(662.0, 2017)"
3494,4.6,"(662.0, 2018)"
3495,4.6,"(662.0, 2019)"
3496,4.6,"(662.0, 2020)"
3497,4.6,"(662.0, 2021)"
3508,34.6,"(678.0, 2010)"
3509,34.6,"(678.0, 2011)"
3510,34.6,"(678.0, 2012)"
3511,34.6,"(678.0, 2013)"
3512,34.6,"(678.0, 2014)"
3513,34.6,"(678.0, 2015)"
3514,34.6,"(678.0, 2016)"
3515,35.6,"(678.0, 2017)"
3516,35.6,"(678.0, 2018)"
3517,35.6,"(678.0, 2019)"
3518,35.6,"(678.0, 2020)"
3519,35.6,"(678.0, 2021)"
3530,38.3,"(686.0, 2010)"
3531,38.5,"(686.0, 2011)"
3532,38.5,"(686.0, 2012)"
3533,38.5,"(686.0, 2013)"
3534,38.5,"(686.0, 2014)"
3535,38.5,"(686.0, 2015)"
3536,38.5,"(686.0, 2016)"
3537,38.5,"(686.0, 2017)"
3538,38.5,"(686.0, 2018)"
3539,38.5,"(686.0, 2019)"
3540,38.5,"(686.0, 2020)"
3541,38.5,"(686.0, 2021)"
3554,5.3,"(688.0, 2012)"
3555,5.8,"(688.0, 2013)"
3556,6.9,"(688.0, 2014)"
3557,6.6,"(688.0, 2015)"
3558,6.4,"(688.0, 2016)"
3559,5.4,"(688.0, 2017)"
3560,5.4,"(688.0, 2018)"
3561,5.4,"(688.0, 2019)"
3562,5.4,"(688.0, 2020)"
3563,5.4,"(688.0, 2021)"
3577,1.2,"(690.0, 2013)"
3578,1.2,"(690.0, 2014)"
3579,1.2,"(690.0, 2015)"
3580,1.2,"(690.0, 2016)"
3581,1.2,"(690.0, 2017)"
3582,0.5,"(690.0, 2018)"
3583,0.5,"(690.0, 2019)"
3584,0.5,"(690.0, 2020)"
3585,0.5,"(690.0, 2021)"
3596,73.0,"(694.0, 2010)"
3597,54.7,"(694.0, 2011)"
3598,54.7,"(694.0, 2012)"
3599,54.7,"(694.0, 2013)"
3600,54.7,"(694.0, 2014)"
3601,54.7,"(694.0, 2015)"
3602,54.7,"(694.0, 2016)"
3603,54.7,"(694.0, 2017)"
3604,43.0,"(694.0, 2018)"
3605,43.0,"(694.0, 2019)"
3606,43.0,"(694.0, 2020)"
3607,43.0,"(694.0, 2021)"
3618,0.5,"(703.0, 2010)"
3619,0.4,"(703.0, 2011)"
3620,0.3,"(703.0, 2012)"
3621,0.3,"(703.0, 2013)"
3622,0.6,"(703.0, 2014)"
3623,0.7,"(703.0, 2015)"
3624,1.3,"(703.0, 2016)"
3625,1.3,"(703.0, 2017)"
3626,0.2,"(703.0, 2018)"
3627,0.2,"(703.0, 2019)"
3628,0.2,"(703.0, 2020)"
3629,0.2,"(703.0, 2021)"
3640,4.0,"(704.0, 2010)"
3641,4.0,"(704.0, 2011)"
3642,2.7,"(704.0, 2012)"
3643,2.7,"(704.0, 2013)"
3644,2.6,"(704.0, 2014)"
3645,2.6,"(704.0, 2015)"
3646,1.8,"(704.0, 2016)"
3647,1.8,"(704.0, 2017)"
3648,1.8,"(704.0, 2018)"
3649,1.8,"(704.0, 2019)"
3650,1.8,"(704.0, 2020)"
3651,1.8,"(704.0, 2021)"
3662,0.0,"(705.0, 2010)"
3663,0.0,"(705.0, 2011)"
3664,0.0,"(705.0, 2012)"
3665,0.0,"(705.0, 2013)"
3666,0.0,"(705.0, 2014)"
3667,0.0,"(705.0, 2015)"
3668,0.0,"(705.0, 2016)"
3669,0.0,"(705.0, 2017)"
3670,0.0,"(705.0, 2018)"
3671,0.0,"(705.0, 2019)"
3672,0.0,"(705.0, 2020)"
3673,0.0,"(705.0, 2021)"
3691,68.6,"(706.0, 2017)"
3692,68.6,"(706.0, 2018)"
3693,68.6,"(706.0, 2019)"
3694,68.6,"(706.0, 2020)"
3695,68.6,"(706.0, 2021)"
3706,16.2,"(710.0, 2010)"
3707,16.2,"(710.0, 2011)"
3708,16.2,"(710.0, 2012)"
3709,16.2,"(710.0, 2013)"
3710,18.7,"(710.0, 2014)"
3711,18.7,"(710.0, 2015)"
3712,18.7,"(710.0, 2016)"
3713,18.7,"(710.0, 2017)"
3714,18.7,"(710.0, 2018)"
3715,18.7,"(710.0, 2019)"
3716,18.7,"(710.0, 2020)"
3717,18.7,"(710.0, 2021)"
3729,21.4,"(716.0, 2011)"
3730,21.4,"(716.0, 2012)"
3731,21.4,"(716.0, 2013)"
3732,21.4,"(716.0, 2014)"
3733,21.4,"(716.0, 2015)"
3734,21.4,"(716.0, 2016)"
3735,33.9,"(716.0, 2017)"
3736,33.9,"(716.0, 2018)"
3737,39.5,"(716.0, 2019)"
3738,39.5,"(716.0, 2020)"
3739,39.5,"(716.0, 2021)"
3750,26.7,"(722.0, 2010)"
3751,25.9,"(722.0, 2011)"
3752,18.4,"(722.0, 2012)"
3753,18.4,"(722.0, 2013)"
3754,18.4,"(722.0, 2014)"
3755,18.4,"(722.0, 2015)"
3756,18.4,"(722.0, 2016)"
3757,18.4,"(722.0, 2017)"
3758,18.4,"(722.0, 2018)"
3759,18.4,"(722.0, 2019)"
3760,18.4,"(722.0, 2020)"
3761,18.4,"(722.0, 2021)"
3772,0.7,"(724.0, 2010)"
3773,1.1,"(724.0, 2011)"
3774,0.9,"(724.0, 2012)"
3775,1.2,"(724.0, 2013)"
3776,0.8,"(724.0, 2014)"
3777,0.9,"(724.0, 2015)"
3778,1.2,"(724.0, 2016)"
3779,0.7,"(724.0, 2017)"
3780,0.9,"(724.0, 2018)"
3781,0.9,"(724.0, 2019)"
3782,0.9,"(724.0, 2020)"
3783,0.9,"(724.0, 2021)"
3794,44.7,"(728.0, 2010)"
3795,44.7,"(728.0, 2011)"
3796,44.7,"(728.0, 2012)"
3797,44.7,"(728.0, 2013)"
3798,44.7,"(728.0, 2014)"
3799,44.7,"(728.0, 2015)"
3800,76.4,"(728.0, 2016)"
3801,76.4,"(728.0, 2017)"
3802,76.4,"(728.0, 2018)"
3803,76.4,"(728.0, 2019)"
3804,76.4,"(728.0, 2020)"
3805,76.4,"(728.0, 2021)"
3816,15.7,"(729.0, 2010)"
3817,15.7,"(729.0, 2011)"
3818,15.7,"(729.0, 2012)"
3819,15.7,"(729.0, 2013)"
3820,12.2,"(729.0, 2014)"
3821,12.2,"(729.0, 2015)"
3822,12.2,"(729.0, 2016)"
3823,12.2,"(729.0, 2017)"
3824,12.2,"(729.0, 2018)"
3825,12.2,"(729.0, 2019)"
3826,12.2,"(729.0, 2020)"
3827,12.2,"(729.0, 2021)"
3838,47.4,"(738.0, 2010)"
3839,45.5,"(738.0, 2011)"
3840,43.9,"(738.0, 2012)"
3841,43.4,"(738.0, 2013)"
3842,42.3,"(738.0, 2014)"
3843,41.9,"(738.0, 2015)"
3844,41.8,"(738.0, 2016)"
3845,41.2,"(738.0, 2017)"
3846,40.4,"(738.0, 2018)"
3847,40.4,"(738.0, 2019)"
3848,40.4,"(738.0, 2020)"
3849,40.4,"(738.0, 2021)"
3860,1.9,"(746.0, 2010)"
3861,1.5,"(746.0, 2011)"
3862,1.2,"(746.0, 2012)"
3863,1.2,"(746.0, 2013)"
3864,1.1,"(746.0, 2014)"
3865,1.1,"(746.0, 2015)"
3866,1.5,"(746.0, 2016)"
3867,1.8,"(746.0, 2017)"
3868,2.2,"(746.0, 2018)"
3869,2.3,"(746.0, 2019)"
3870,2.3,"(746.0, 2020)"
3871,2.3,"(746.0, 2021)"
3882,3.4,"(747.0, 2010)"
3883,3.2,"(747.0, 2011)"
3884,2.9,"(747.0, 2012)"
3885,2.9,"(747.0, 2013)"
3886,3.2,"(747.0, 2014)"
3887,4.5,"(747.0, 2015)"
3888,5.3,"(747.0, 2016)"
3889,6.2,"(747.0, 2017)"
3890,6.2,"(747.0, 2018)"
3891,6.2,"(747.0, 2019)"
3892,6.2,"(747.0, 2020)"
3893,6.2,"(747.0, 2021)"
3904,43.0,"(748.0, 2010)"
3905,43.0,"(748.0, 2011)"
3906,43.0,"(748.0, 2012)"
3907,43.0,"(748.0, 2013)"
3908,43.0,"(748.0, 2014)"
3909,43.0,"(748.0, 2015)"
3910,29.2,"(748.0, 2016)"
3911,29.2,"(748.0, 2017)"
3912,29.2,"(748.0, 2018)"
3913,29.2,"(748.0, 2019)"
3914,29.2,"(748.0, 2020)"
3915,29.2,"(748.0, 2021)"
3926,0.5,"(752.0, 2010)"
3927,0.5,"(752.0, 2011)"
3928,0.5,"(752.0, 2012)"
3929,0.6,"(752.0, 2013)"
3930,0.5,"(752.0, 2014)"
3931,0.4,"(752.0, 2015)"
3932,0.3,"(752.0, 2016)"
3933,0.2,"(752.0, 2017)"
3934,0.7,"(752.0, 2018)"
3935,0.7,"(752.0, 2019)"
3936,0.7,"(752.0, 2020)"
3937,0.7,"(752.0, 2021)"
3948,9.8,"(753.0, 2010)"
3949,7.4,"(753.0, 2011)"
3950,6.2,"(753.0, 2012)"
3951,2.9,"(753.0, 2013)"
3952,2.4,"(753.0, 2014)"
3953,1.8,"(753.0, 2015)"
3954,1.5,"(753.0, 2016)"
3955,1.2,"(753.0, 2017)"
3956,1.0,"(753.0, 2018)"
3957,0.8,"(753.0, 2019)"
3958,0.8,"(753.0, 2020)"
3959,0.8,"(753.0, 2021)"
3970,0.0,"(756.0, 2010)"
3971,0.0,"(756.0, 2011)"
3972,0.0,"(756.0, 2012)"
3973,0.0,"(756.0, 2013)"
3974,0.0,"(756.0, 2014)"
3975,0.0,"(756.0, 2015)"
3976,0.0,"(756.0, 2016)"
3977,0.0,"(756.0, 2017)"
3978,0.0,"(756.0, 2018)"
3979,0.0,"(756.0, 2019)"
3980,0.0,"(756.0, 2020)"
3981,0.0,"(756.0, 2021)"
3992,0.9,"(760.0, 2010)"
3993,0.9,"(760.0, 2011)"
3994,0.9,"(760.0, 2012)"
3995,0.9,"(760.0, 2013)"
3996,0.9,"(760.0, 2014)"
3997,0.9,"(760.0, 2015)"
3998,0.9,"(760.0, 2016)"
3999,0.9,"(760.0, 2017)"
4000,0.9,"(760.0, 2018)"
4001,0.9,"(760.0, 2019)"
4002,0.9,"(760.0, 2020)"
4003,0.9,"(760.0, 2021)"
4014,4.0,"(762.0, 2010)"
4015,4.0,"(762.0, 2011)"
4016,4.0,"(762.0, 2012)"
4017,4.0,"(762.0, 2013)"
4018,4.0,"(762.0, 2014)"
4019,4.1,"(762.0, 2015)"
4020,4.1,"(762.0, 2016)"
4021,4.1,"(762.0, 2017)"
4022,4.1,"(762.0, 2018)"
4023,4.1,"(762.0, 2019)"
4024,4.1,"(762.0, 2020)"
4025,4.1,"(762.0, 2021)"
4036,0.1,"(764.0, 2010)"
4037,0.0,"(764.0, 2011)"
4038,0.1,"(764.0, 2012)"
4039,0.0,"(764.0, 2013)"
4040,0.0,"(764.0, 2014)"
4041,0.0,"(764.0, 2015)"
4042,0.0,"(764.0, 2016)"
4043,0.0,"(764.0, 2017)"
4044,0.0,"(764.0, 2018)"
4045,0.1,"(764.0, 2019)"
4046,0.1,"(764.0, 2020)"
4047,0.1,"(764.0, 2021)"
4058,56.5,"(768.0, 2010)"
4059,55.0,"(768.0, 2011)"
4060,55.0,"(768.0, 2012)"
4061,55.0,"(768.0, 2013)"
4062,55.0,"(768.0, 2014)"
4063,51.1,"(768.0, 2015)"
4064,51.1,"(768.0, 2016)"
4065,51.1,"(768.0, 2017)"
4066,51.1,"(768.0, 2018)"
4067,51.1,"(768.0, 2019)"
4068,51.1,"(768.0, 2020)"
4069,51.1,"(768.0, 2021)"
4080,1.1,"(776.0, 2010)"
4081,1.1,"(776.0, 2011)"
4082,1.1,"(776.0, 2012)"
4083,1.1,"(776.0, 2013)"
4084,1.1,"(776.0, 2014)"
4085,1.0,"(776.0, 2015)"
4086,1.0,"(776.0, 2016)"
4087,1.0,"(776.0, 2017)"
4088,1.0,"(776.0, 2018)"
4089,1.0,"(776.0, 2019)"
4090,1.0,"(776.0, 2020)"
4091,1.0,"(776.0, 2021)"
4105,0.0,"(784.0, 2013)"
4106,0.0,"(784.0, 2014)"
4107,0.0,"(784.0, 2015)"
4108,0.0,"(784.0, 2016)"
4109,0.0,"(784.0, 2017)"
4110,0.0,"(784.0, 2018)"
4111,0.0,"(784.0, 2019)"
4112,0.0,"(784.0, 2020)"
4113,0.0,"(784.0, 2021)"
4124,2.0,"(788.0, 2010)"
4125,2.0,"(788.0, 2011)"
4126,2.0,"(788.0, 2012)"
4127,2.0,"(788.0, 2013)"
4128,2.0,"(788.0, 2014)"
4129,0.2,"(788.0, 2015)"
4130,0.2,"(788.0, 2016)"
4131,0.2,"(788.0, 2017)"
4132,0.2,"(788.0, 2018)"
4133,0.2,"(788.0, 2019)"
4134,0.2,"(788.0, 2020)"
4135,0.2,"(788.0, 2021)"
4146,0.8,"(792.0, 2010)"
4147,0.1,"(792.0, 2011)"
4148,0.1,"(792.0, 2012)"
4149,0.3,"(792.0, 2013)"
4150,0.2,"(792.0, 2014)"
4151,0.2,"(792.0, 2015)"
4152,0.2,"(792.0, 2016)"
4153,0.1,"(792.0, 2017)"
4154,0.0,"(792.0, 2018)"
4155,0.4,"(792.0, 2019)"
4156,0.4,"(792.0, 2020)"
4157,0.4,"(792.0, 2021)"
4168,3.3,"(798.0, 2010)"
4169,3.3,"(798.0, 2011)"
4170,3.3,"(798.0, 2012)"
4171,3.3,"(798.0, 2013)"
4172,3.3,"(798.0, 2014)"
4173,3.3,"(798.0, 2015)"
4174,3.3,"(798.0, 2016)"
4175,3.3,"(798.0, 2017)"
4176,3.3,"(798.0, 2018)"
4177,3.3,"(798.0, 2019)"
4178,3.3,"(798.0, 2020)"
4179,3.3,"(798.0, 2021)"
4190,45.3,"(800.0, 2010)"
4191,45.3,"(800.0, 2011)"
4192,35.7,"(800.0, 2012)"
4193,35.7,"(800.0, 2013)"
4194,35.7,"(800.0, 2014)"
4195,35.7,"(800.0, 2015)"
4196,41.3,"(800.0, 2016)"
4197,41.3,"(800.0, 2017)"
4198,41.3,"(800.0, 2018)"
4199,41.3,"(800.0, 2019)"
4200,41.3,"(800.0, 2020)"
4201,41.3,"(800.0, 2021)"
4212,0.0,"(804.0, 2010)"
4213,0.0,"(804.0, 2011)"
4214,0.0,"(804.0, 2012)"
4215,0.0,"(804.0, 2013)"
4216,0.0,"(804.0, 2014)"
4217,0.0,"(804.0, 2015)"
4218,0.0,"(804.0, 2016)"
4219,0.0,"(804.0, 2017)"
4220,0.0,"(804.0, 2018)"
4221,0.0,"(804.0, 2019)"
4222,0.0,"(804.0, 2020)"
4223,0.0,"(804.0, 2021)"
4234,10.4,"(807.0, 2010)"
4235,9.1,"(807.0, 2011)"
4236,6.9,"(807.0, 2012)"
4237,5.2,"(807.0, 2013)"
4238,4.5,"(807.0, 2014)"
4239,5.5,"(807.0, 2015)"
4240,4.3,"(807.0, 2016)"
4241,4.6,"(807.0, 2017)"
4242,3.4,"(807.0, 2018)"
4243,3.4,"(807.0, 2019)"
4244,3.4,"(807.0, 2020)"
4245,3.4,"(807.0, 2021)"
4256,2.2,"(818.0, 2010)"
4257,2.2,"(818.0, 2011)"
4258,1.5,"(818.0, 2012)"
4259,1.5,"(818.0, 2013)"
4260,1.5,"(818.0, 2014)"
4261,1.6,"(818.0, 2015)"
4262,1.6,"(818.0, 2016)"
4263,3.8,"(818.0, 2017)"
4264,3.8,"(818.0, 2018)"
4265,3.8,"(818.0, 2019)"
4266,3.8,"(818.0, 2020)"
4267,3.8,"(818.0, 2021)"
4278,0.1,"(826.0, 2010)"
4279,0.4,"(826.0, 2011)"
4280,0.2,"(826.0, 2012)"
4281,0.2,"(826.0, 2013)"
4282,0.2,"(826.0, 2014)"
4283,0.1,"(826.0, 2015)"
4284,0.2,"(826.0, 2016)"
4285,0.3,"(826.0, 2017)"
4286,0.3,"(826.0, 2018)"
4287,0.3,"(826.0, 2019)"
4288,0.3,"(826.0, 2020)"
4289,0.3,"(826.0, 2021)"
4300,60.3,"(834.0, 2010)"
4301,49.6,"(834.0, 2011)"
4302,49.6,"(834.0, 2012)"
4303,49.6,"(834.0, 2013)"
4304,49.6,"(834.0, 2014)"
4305,49.6,"(834.0, 2015)"
4306,49.6,"(834.0, 2016)"
4307,49.4,"(834.0, 2017)"
4308,49.4,"(834.0, 2018)"
4309,49.4,"(834.0, 2019)"
4310,49.4,"(834.0, 2020)"
4311,49.4,"(834.0, 2021)"
4322,1.0,"(840.0, 2010)"
4323,1.0,"(840.0, 2011)"
4324,1.0,"(840.0, 2012)"
4325,1.0,"(840.0, 2013)"
4326,1.2,"(840.0, 2014)"
4327,1.2,"(840.0, 2015)"
4328,1.0,"(840.0, 2016)"
4329,1.2,"(840.0, 2017)"
4330,1.0,"(840.0, 2018)"
4331,1.0,"(840.0, 2019)"
4332,1.0,"(840.0, 2020)"
4333,1.0,"(840.0, 2021)"
4344,55.4,"(854.0, 2010)"
4345,55.4,"(854.0, 2011)"
4346,55.4,"(854.0, 2012)"
4347,55.4,"(854.0, 2013)"
4348,43.8,"(854.0, 2014)"
4349,43.8,"(854.0, 2015)"
4350,43.8,"(854.0, 2016)"
4351,43.8,"(854.0, 2017)"
4352,43.8,"(854.0, 2018)"
4353,43.8,"(854.0, 2019)"
4354,43.8,"(854.0, 2020)"
4355,43.8,"(854.0, 2021)"
4366,0.2,"(858.0, 2010)"
4367,0.1,"(858.0, 2011)"
4368,0.2,"(858.0, 2012)"
4369,0.2,"(858.0, 2013)"
4370,0.1,"(858.0, 2014)"
4371,0.1,"(858.0, 2015)"
4372,0.1,"(858.0, 2016)"
4373,0.1,"(858.0, 2017)"
4374,0.1,"(858.0, 2018)"
4375,0.1,"(858.0, 2019)"
4376,0.1,"(858.0, 2020)"
4377,0.1,"(858.0, 2021)"
4388,61.6,"(860.0, 2010)"
4389,61.6,"(860.0, 2011)"
4390,61.6,"(860.0, 2012)"
4391,61.6,"(860.0, 2013)"
4392,61.6,"(860.0, 2014)"
4393,61.6,"(860.0, 2015)"
4394,61.6,"(860.0, 2016)"
4395,61.6,"(860.0, 2017)"
4396,61.6,"(860.0, 2018)"
4397,61.6,"(860.0, 2019)"
4398,61.6,"(860.0, 2020)"
4399,61.6,"(860.0, 2021)"
4410,6.7,"(862.0, 2010)"
4411,6.7,"(862.0, 2011)"
4412,6.7,"(862.0, 2012)"
4413,6.7,"(862.0, 2013)"
4414,6.7,"(862.0, 2014)"
4415,6.7,"(862.0, 2015)"
4416,6.7,"(862.0, 2016)"
4417,6.7,"(862.0, 2017)"
4418,6.7,"(862.0, 2018)"
4419,6.7,"(862.0, 2019)"
4420,6.7,"(862.0, 2020)"
4421,6.7,"(862.0, 2021)"
4432,0.6,"(882.0, 2010)"
4433,0.6,"(882.0, 2011)"
4434,0.6,"(882.0, 2012)"
4435,1.1,"(882.0, 2013)"
4436,1.1,"(882.0, 2014)"
4437,1.1,"(882.0, 2015)"
4438,1.1,"(882.0, 2016)"
4439,1.1,"(882.0, 2017)"
4440,1.1,"(882.0, 2018)"
4441,1.1,"(882.0, 2019)"
4442,1.1,"(882.0, 2020)"
4443,1.1,"(882.0, 2021)"
4454,9.4,"(887.0, 2010)"
4455,9.4,"(887.0, 2011)"
4456,9.4,"(887.0, 2012)"
4457,9.4,"(887.0, 2013)"
4458,18.3,"(887.0, 2014)"
4459,18.3,"(887.0, 2015)"
4460,18.3,"(887.0, 2016)"
4461,18.3,"(887.0, 2017)"
4462,18.3,"(887.0, 2018)"
4463,18.3,"(887.0, 2019)"
4464,18.3,"(887.0, 2020)"
4465,18.3,"(887.0, 2021)"
4476,65.8,"(894.0, 2010)"
4477,65.8,"(894.0, 2011)"
4478,65.8,"(894.0, 2012)"
4479,65.8,"(894.0, 2013)"
4480,65.8,"(894.0, 2014)"
4481,58.7,"(894.0, 2015)"
4482,58.7,"(894.0, 2016)"
4483,58.7,"(894.0, 2017)"
4484,58.7,"(894.0, 2018)"
4485,58.7,"(894.0, 2019)"
4486,58.7,"(894.0, 2020)"
4487,58.7,"(894.0, 2021)"
