,join_key,R&D_proportion_of_GDP
10,"(8, 2010)",0.15412
11,"(8, 2011)",0.15412
12,"(8, 2012)",0.15412
13,"(8, 2013)",0.15412
14,"(8, 2014)",0.15412
15,"(8, 2015)",0.15412
16,"(8, 2016)",0.15412
17,"(8, 2017)",0.15412
18,"(8, 2018)",0.15412
19,"(8, 2019)",0.15412
20,"(8, 2020)",0.15412
21,"(8, 2021)",0.15412
32,"(12, 2010)",0.06604
33,"(12, 2011)",0.06604
34,"(12, 2012)",0.06604
35,"(12, 2013)",0.06604
36,"(12, 2014)",0.06604
37,"(12, 2015)",0.06604
38,"(12, 2016)",0.06604
39,"(12, 2017)",0.54297
40,"(12, 2018)",0.54297
41,"(12, 2019)",0.54297
42,"(12, 2020)",0.54297
43,"(12, 2021)",0.54297
54,"(16, 2010)",0.39313
55,"(16, 2011)",0.39313
56,"(16, 2012)",0.39313
57,"(16, 2013)",0.39313
58,"(16, 2014)",0.39313
59,"(16, 2015)",0.39313
60,"(16, 2016)",0.39313
61,"(16, 2017)",0.39313
62,"(16, 2018)",0.39313
63,"(16, 2019)",0.39313
64,"(16, 2020)",0.39313
65,"(16, 2021)",0.39313
82,"(24, 2016)",0.03229
83,"(24, 2017)",0.03229
84,"(24, 2018)",0.03229
85,"(24, 2019)",0.03229
86,"(24, 2020)",0.03229
87,"(24, 2021)",0.03229
98,"(31, 2010)",0.21848
99,"(31, 2011)",0.21084
100,"(31, 2012)",0.21427
101,"(31, 2013)",0.20969
102,"(31, 2014)",0.20978
103,"(31, 2015)",0.22232
104,"(31, 2016)",0.20637
105,"(31, 2017)",0.18468
106,"(31, 2018)",0.18416
107,"(31, 2019)",0.18416
108,"(31, 2020)",0.18416
109,"(31, 2021)",0.18416
120,"(32, 2010)",0.56104
121,"(32, 2011)",0.56597
122,"(32, 2012)",0.63491
123,"(32, 2013)",0.61849
124,"(32, 2014)",0.59396
125,"(32, 2015)",0.62262
126,"(32, 2016)",0.55815
127,"(32, 2017)",0.55712
128,"(32, 2018)",0.4936
129,"(32, 2019)",0.4936
130,"(32, 2020)",0.4936
131,"(32, 2021)",0.4936
142,"(36, 2010)",2.37586
143,"(36, 2011)",2.23765
144,"(36, 2012)",2.23765
145,"(36, 2013)",2.1787
146,"(36, 2014)",2.1787
147,"(36, 2015)",1.91918
148,"(36, 2016)",1.91918
149,"(36, 2017)",1.87466
150,"(36, 2018)",1.87466
151,"(36, 2019)",1.87466
152,"(36, 2020)",1.87466
153,"(36, 2021)",1.87466
164,"(40, 2010)",2.7261
165,"(40, 2011)",2.66868
166,"(40, 2012)",2.91472
167,"(40, 2013)",2.95492
168,"(40, 2014)",3.08429
169,"(40, 2015)",3.04969
170,"(40, 2016)",3.11659
171,"(40, 2017)",3.04885
172,"(40, 2018)",3.17491
173,"(40, 2019)",3.2105
174,"(40, 2020)",3.2105
175,"(40, 2021)",3.2105
190,"(48, 2014)",0.10116
191,"(48, 2015)",0.10116
192,"(48, 2016)",0.10116
193,"(48, 2017)",0.10116
194,"(48, 2018)",0.10116
195,"(48, 2019)",0.10116
196,"(48, 2020)",0.10116
197,"(48, 2021)",0.10116
208,"(51, 2010)",0.24139
209,"(51, 2011)",0.27014
210,"(51, 2012)",0.23853
211,"(51, 2013)",0.22216
212,"(51, 2014)",0.24151
213,"(51, 2015)",0.25002
214,"(51, 2016)",0.23305
215,"(51, 2017)",0.22788
216,"(51, 2018)",0.18876
217,"(51, 2019)",0.18876
218,"(51, 2020)",0.18876
219,"(51, 2021)",0.18876
230,"(56, 2010)",2.06188
231,"(56, 2011)",2.17332
232,"(56, 2012)",2.28114
233,"(56, 2013)",2.33073
234,"(56, 2014)",2.37002
235,"(56, 2015)",2.42817
236,"(56, 2016)",2.52252
237,"(56, 2017)",2.66124
238,"(56, 2018)",2.76578
239,"(56, 2019)",2.76578
240,"(56, 2020)",2.76578
241,"(56, 2021)",2.76578
252,"(60, 2010)",0.20846
253,"(60, 2011)",0.2979
254,"(60, 2012)",0.269
255,"(60, 2013)",0.22771
256,"(60, 2014)",0.21586
257,"(60, 2015)",0.22036
258,"(60, 2016)",0.22036
259,"(60, 2017)",0.22036
260,"(60, 2018)",0.25998
261,"(60, 2019)",0.25998
262,"(60, 2020)",0.25998
263,"(60, 2021)",0.25998
274,"(68, 2010)",0.157
275,"(68, 2011)",0.157
276,"(68, 2012)",0.157
277,"(68, 2013)",0.157
278,"(68, 2014)",0.157
279,"(68, 2015)",0.157
280,"(68, 2016)",0.157
281,"(68, 2017)",0.157
282,"(68, 2018)",0.157
283,"(68, 2019)",0.157
284,"(68, 2020)",0.157
285,"(68, 2021)",0.157
296,"(70, 2010)",0.02106
297,"(70, 2011)",0.02106
298,"(70, 2012)",0.26533
299,"(70, 2013)",0.32132
300,"(70, 2014)",0.25725
301,"(70, 2015)",0.2186
302,"(70, 2016)",0.21594
303,"(70, 2017)",0.20048
304,"(70, 2018)",0.19485
305,"(70, 2019)",0.19485
306,"(70, 2020)",0.19485
307,"(70, 2021)",0.19485
318,"(72, 2010)",0.53286
319,"(72, 2011)",0.53286
320,"(72, 2012)",0.2588
321,"(72, 2013)",0.53728
322,"(72, 2014)",0.53728
323,"(72, 2015)",0.53728
324,"(72, 2016)",0.53728
325,"(72, 2017)",0.53728
326,"(72, 2018)",0.53728
327,"(72, 2019)",0.53728
328,"(72, 2020)",0.53728
329,"(72, 2021)",0.53728
340,"(76, 2010)",1.15992
341,"(76, 2011)",1.13966
342,"(76, 2012)",1.12684
343,"(76, 2013)",1.19567
344,"(76, 2014)",1.27131
345,"(76, 2015)",1.34264
346,"(76, 2016)",1.26343
347,"(76, 2017)",1.09392
348,"(76, 2018)",1.16038
349,"(76, 2019)",1.16038
350,"(76, 2020)",1.16038
351,"(76, 2021)",1.16038
362,"(96, 2010)",0.03701
363,"(96, 2011)",0.03701
364,"(96, 2012)",0.03701
365,"(96, 2013)",0.03701
366,"(96, 2014)",0.03701
367,"(96, 2015)",0.03701
368,"(96, 2016)",0.03701
369,"(96, 2017)",0.03701
370,"(96, 2018)",0.27763
371,"(96, 2019)",0.27763
372,"(96, 2020)",0.27763
373,"(96, 2021)",0.27763
384,"(100, 2010)",0.56663
385,"(100, 2011)",0.53242
386,"(100, 2012)",0.60355
387,"(100, 2013)",0.63682
388,"(100, 2014)",0.79281
389,"(100, 2015)",0.95201
390,"(100, 2016)",0.77217
391,"(100, 2017)",0.74308
392,"(100, 2018)",0.75565
393,"(100, 2019)",0.75565
394,"(100, 2020)",0.75565
395,"(100, 2021)",0.75565
406,"(104, 2010)",0.16216
407,"(104, 2011)",0.16216
408,"(104, 2012)",0.16216
409,"(104, 2013)",0.16216
410,"(104, 2014)",0.16216
411,"(104, 2015)",0.16216
412,"(104, 2016)",0.16216
413,"(104, 2017)",0.03105
414,"(104, 2018)",0.03105
415,"(104, 2019)",0.03105
416,"(104, 2020)",0.03105
417,"(104, 2021)",0.03105
428,"(108, 2010)",0.13719
429,"(108, 2011)",0.13719
430,"(108, 2012)",0.10702
431,"(108, 2013)",0.10702
432,"(108, 2014)",0.10702
433,"(108, 2015)",0.10702
434,"(108, 2016)",0.10702
435,"(108, 2017)",0.10702
436,"(108, 2018)",0.21312
437,"(108, 2019)",0.21312
438,"(108, 2020)",0.21312
439,"(108, 2021)",0.21312
450,"(112, 2010)",0.66913
451,"(112, 2011)",0.6776
452,"(112, 2012)",0.64603
453,"(112, 2013)",0.65191
454,"(112, 2014)",0.50548
455,"(112, 2015)",0.49999
456,"(112, 2016)",0.50063
457,"(112, 2017)",0.58411
458,"(112, 2018)",0.60443
459,"(112, 2019)",0.60443
460,"(112, 2020)",0.60443
461,"(112, 2021)",0.60443
472,"(116, 2010)",0.0498
473,"(116, 2011)",0.0498
474,"(116, 2012)",0.0498
475,"(116, 2013)",0.0498
476,"(116, 2014)",0.0498
477,"(116, 2015)",0.11823
478,"(116, 2016)",0.11823
479,"(116, 2017)",0.11823
480,"(116, 2018)",0.11823
481,"(116, 2019)",0.11823
482,"(116, 2020)",0.11823
483,"(116, 2021)",0.11823
494,"(124, 2010)",1.82958
495,"(124, 2011)",1.79132
496,"(124, 2012)",1.77232
497,"(124, 2013)",1.7054
498,"(124, 2014)",1.71417
499,"(124, 2015)",1.69324
500,"(124, 2016)",1.72873
501,"(124, 2017)",1.66886
502,"(124, 2018)",1.56287
503,"(124, 2019)",1.54266
504,"(124, 2020)",1.54266
505,"(124, 2021)",1.54266
517,"(132, 2011)",0.07264
518,"(132, 2012)",0.07264
519,"(132, 2013)",0.07264
520,"(132, 2014)",0.07264
521,"(132, 2015)",0.07264
522,"(132, 2016)",0.07264
523,"(132, 2017)",0.07264
524,"(132, 2018)",0.07264
525,"(132, 2019)",0.07264
526,"(132, 2020)",0.07264
527,"(132, 2021)",0.07264
538,"(144, 2010)",0.13687
539,"(144, 2011)",0.13687
540,"(144, 2012)",0.13687
541,"(144, 2013)",0.10081
542,"(144, 2014)",0.09989
543,"(144, 2015)",0.10871
544,"(144, 2016)",0.12854
545,"(144, 2017)",0.12758
546,"(144, 2018)",0.12758
547,"(144, 2019)",0.12758
548,"(144, 2020)",0.12758
549,"(144, 2021)",0.12758
566,"(148, 2016)",0.3005
567,"(148, 2017)",0.3005
568,"(148, 2018)",0.3005
569,"(148, 2019)",0.3005
570,"(148, 2020)",0.3005
571,"(148, 2021)",0.3005
582,"(152, 2010)",0.32947
583,"(152, 2011)",0.35144
584,"(152, 2012)",0.3622
585,"(152, 2013)",0.3887
586,"(152, 2014)",0.37503
587,"(152, 2015)",0.38073
588,"(152, 2016)",0.36934
589,"(152, 2017)",0.35608
590,"(152, 2018)",0.35608
591,"(152, 2019)",0.35608
592,"(152, 2020)",0.35608
593,"(152, 2021)",0.35608
604,"(156, 2010)",1.71372
605,"(156, 2011)",1.78034
606,"(156, 2012)",1.91214
607,"(156, 2013)",1.99786
608,"(156, 2014)",2.02243
609,"(156, 2015)",2.05701
610,"(156, 2016)",2.10033
611,"(156, 2017)",2.11603
612,"(156, 2018)",2.14058
613,"(156, 2019)",2.14058
614,"(156, 2020)",2.14058
615,"(156, 2021)",2.14058
626,"(170, 2010)",0.19501
627,"(170, 2011)",0.20595
628,"(170, 2012)",0.23378
629,"(170, 2013)",0.27111
630,"(170, 2014)",0.30563
631,"(170, 2015)",0.28975
632,"(170, 2016)",0.26694
633,"(170, 2017)",0.24286
634,"(170, 2018)",0.23462
635,"(170, 2019)",0.23462
636,"(170, 2020)",0.23462
637,"(170, 2021)",0.23462
648,"(180, 2010)",0.07822
649,"(180, 2011)",0.07822
650,"(180, 2012)",0.07822
651,"(180, 2013)",0.07822
652,"(180, 2014)",0.07822
653,"(180, 2015)",0.40638
654,"(180, 2016)",0.40638
655,"(180, 2017)",0.40638
656,"(180, 2018)",0.40638
657,"(180, 2019)",0.40638
658,"(180, 2020)",0.40638
659,"(180, 2021)",0.40638
670,"(188, 2010)",0.48492
671,"(188, 2011)",0.46782
672,"(188, 2012)",0.55606
673,"(188, 2013)",0.55567
674,"(188, 2014)",0.57209
675,"(188, 2015)",0.44993
676,"(188, 2016)",0.45645
677,"(188, 2017)",0.44068
678,"(188, 2018)",0.38288
679,"(188, 2019)",0.38288
680,"(188, 2020)",0.38288
681,"(188, 2021)",0.38288
692,"(191, 2010)",0.74292
693,"(191, 2011)",0.75095
694,"(191, 2012)",0.75101
695,"(191, 2013)",0.81157
696,"(191, 2014)",0.78306
697,"(191, 2015)",0.84007
698,"(191, 2016)",0.86314
699,"(191, 2017)",0.86266
700,"(191, 2018)",0.97192
701,"(191, 2019)",0.97192
702,"(191, 2020)",0.97192
703,"(191, 2021)",0.97192
714,"(192, 2010)",0.60767
715,"(192, 2011)",0.27192
716,"(192, 2012)",0.40716
717,"(192, 2013)",0.47467
718,"(192, 2014)",0.41596
719,"(192, 2015)",0.42854
720,"(192, 2016)",0.34223
721,"(192, 2017)",0.43066
722,"(192, 2018)",0.53706
723,"(192, 2019)",0.53706
724,"(192, 2020)",0.53706
725,"(192, 2021)",0.53706
736,"(196, 2010)",0.44409
737,"(196, 2011)",0.45389
738,"(196, 2012)",0.43888
739,"(196, 2013)",0.48607
740,"(196, 2014)",0.51424
741,"(196, 2015)",0.47841
742,"(196, 2016)",0.52358
743,"(196, 2017)",0.54998
744,"(196, 2018)",0.54783
745,"(196, 2019)",0.54783
746,"(196, 2020)",0.54783
747,"(196, 2021)",0.54783
758,"(203, 2010)",1.33688
759,"(203, 2011)",1.55571
760,"(203, 2012)",1.78231
761,"(203, 2013)",1.89973
762,"(203, 2014)",1.97285
763,"(203, 2015)",1.92923
764,"(203, 2016)",1.68015
765,"(203, 2017)",1.79079
766,"(203, 2018)",1.93017
767,"(203, 2019)",1.93017
768,"(203, 2020)",1.93017
769,"(203, 2021)",1.93017
780,"(208, 2010)",2.91707
781,"(208, 2011)",2.94465
782,"(208, 2012)",2.98125
783,"(208, 2013)",2.97048
784,"(208, 2014)",2.91409
785,"(208, 2015)",3.05497
786,"(208, 2016)",3.09283
787,"(208, 2017)",3.05015
788,"(208, 2018)",3.03292
789,"(208, 2019)",3.03292
790,"(208, 2020)",3.03292
791,"(208, 2021)",3.03292
802,"(218, 2010)",0.40297
803,"(218, 2011)",0.33991
804,"(218, 2012)",0.33236
805,"(218, 2013)",0.3799
806,"(218, 2014)",0.44266
807,"(218, 2015)",0.44266
808,"(218, 2016)",0.44266
809,"(218, 2017)",0.44266
810,"(218, 2018)",0.44266
811,"(218, 2019)",0.44266
812,"(218, 2020)",0.44266
813,"(218, 2021)",0.44266
824,"(222, 2010)",0.07806
825,"(222, 2011)",0.0355
826,"(222, 2012)",0.03397
827,"(222, 2013)",0.06387
828,"(222, 2014)",0.09377
829,"(222, 2015)",0.14348
830,"(222, 2016)",0.14493
831,"(222, 2017)",0.18078
832,"(222, 2018)",0.1647
833,"(222, 2019)",0.1647
834,"(222, 2020)",0.1647
835,"(222, 2021)",0.1647
846,"(231, 2010)",0.24137
847,"(231, 2011)",0.24137
848,"(231, 2012)",0.24137
849,"(231, 2013)",0.60474
850,"(231, 2014)",0.60474
851,"(231, 2015)",0.60474
852,"(231, 2016)",0.60474
853,"(231, 2017)",0.27437
854,"(231, 2018)",0.27437
855,"(231, 2019)",0.27437
856,"(231, 2020)",0.27437
857,"(231, 2021)",0.27437
868,"(233, 2010)",1.56628
869,"(233, 2011)",2.28473
870,"(233, 2012)",2.10903
871,"(233, 2013)",1.71302
872,"(233, 2014)",1.42089
873,"(233, 2015)",1.45685
874,"(233, 2016)",1.24617
875,"(233, 2017)",1.27996
876,"(233, 2018)",1.40441
877,"(233, 2019)",1.40441
878,"(233, 2020)",1.40441
879,"(233, 2021)",1.40441
890,"(234, 2010)",0.85705
891,"(234, 2011)",0.85705
892,"(234, 2012)",0.85705
893,"(234, 2013)",0.85705
894,"(234, 2014)",0.85705
895,"(234, 2015)",0.85705
896,"(234, 2016)",0.85705
897,"(234, 2017)",0.85705
898,"(234, 2018)",0.85705
899,"(234, 2019)",0.85705
900,"(234, 2020)",0.85705
901,"(234, 2021)",0.85705
912,"(246, 2010)",3.70532
913,"(246, 2011)",3.61806
914,"(246, 2012)",3.39832
915,"(246, 2013)",3.27137
916,"(246, 2014)",3.14751
917,"(246, 2015)",2.87196
918,"(246, 2016)",2.72442
919,"(246, 2017)",2.73349
920,"(246, 2018)",2.75572
921,"(246, 2019)",2.75572
922,"(246, 2020)",2.75572
923,"(246, 2021)",2.75572
934,"(250, 2010)",2.17857
935,"(250, 2011)",2.19161
936,"(250, 2012)",2.22707
937,"(250, 2013)",2.23703
938,"(250, 2014)",2.27592
939,"(250, 2015)",2.26703
940,"(250, 2016)",2.22238
941,"(250, 2017)",2.20348
942,"(250, 2018)",2.19294
943,"(250, 2019)",2.19294
944,"(250, 2020)",2.19294
945,"(250, 2021)",2.19294
956,"(266, 2010)",0.57924
957,"(266, 2011)",0.57924
958,"(266, 2012)",0.57924
959,"(266, 2013)",0.57924
960,"(266, 2014)",0.57924
961,"(266, 2015)",0.57924
962,"(266, 2016)",0.57924
963,"(266, 2017)",0.57924
964,"(266, 2018)",0.57924
965,"(266, 2019)",0.57924
966,"(266, 2020)",0.57924
967,"(266, 2021)",0.57924
978,"(268, 2010)",0.17658
979,"(268, 2011)",0.17658
980,"(268, 2012)",0.17658
981,"(268, 2013)",0.07856
982,"(268, 2014)",0.17318
983,"(268, 2015)",0.29928
984,"(268, 2016)",0.28586
985,"(268, 2017)",0.27023
986,"(268, 2018)",0.28052
987,"(268, 2019)",0.28052
988,"(268, 2020)",0.28052
989,"(268, 2021)",0.28052
1000,"(270, 2010)",0.01086
1001,"(270, 2011)",0.0848
1002,"(270, 2012)",0.0848
1003,"(270, 2013)",0.0848
1004,"(270, 2014)",0.0848
1005,"(270, 2015)",0.0848
1006,"(270, 2016)",0.0848
1007,"(270, 2017)",0.0848
1008,"(270, 2018)",0.07093
1009,"(270, 2019)",0.07093
1010,"(270, 2020)",0.07093
1011,"(270, 2021)",0.07093
1022,"(275, 2010)",0.39273
1023,"(275, 2011)",0.39273
1024,"(275, 2012)",0.39273
1025,"(275, 2013)",0.4922
1026,"(275, 2014)",0.4922
1027,"(275, 2015)",0.4922
1028,"(275, 2016)",0.4922
1029,"(275, 2017)",0.4922
1030,"(275, 2018)",0.4922
1031,"(275, 2019)",0.4922
1032,"(275, 2020)",0.4922
1033,"(275, 2021)",0.4922
1044,"(276, 2010)",2.73024
1045,"(276, 2011)",2.80555
1046,"(276, 2012)",2.88166
1047,"(276, 2013)",2.83599
1048,"(276, 2014)",2.87784
1049,"(276, 2015)",2.93003
1050,"(276, 2016)",2.94099
1051,"(276, 2017)",3.06792
1052,"(276, 2018)",3.13267
1053,"(276, 2019)",3.13267
1054,"(276, 2020)",3.13267
1055,"(276, 2021)",3.13267
1066,"(288, 2010)",0.37655
1067,"(288, 2011)",0.37655
1068,"(288, 2012)",0.37655
1069,"(288, 2013)",0.37655
1070,"(288, 2014)",0.37655
1071,"(288, 2015)",0.37655
1072,"(288, 2016)",0.37655
1073,"(288, 2017)",0.37655
1074,"(288, 2018)",0.37655
1075,"(288, 2019)",0.37655
1076,"(288, 2020)",0.37655
1077,"(288, 2021)",0.37655
1088,"(300, 2010)",0.59838
1089,"(300, 2011)",0.67196
1090,"(300, 2012)",0.69957
1091,"(300, 2013)",0.81131
1092,"(300, 2014)",0.8333
1093,"(300, 2015)",0.96121
1094,"(300, 2016)",0.99394
1095,"(300, 2017)",1.13109
1096,"(300, 2018)",1.17732
1097,"(300, 2019)",1.17732
1098,"(300, 2020)",1.17732
1099,"(300, 2021)",1.17732
1110,"(304, 2010)",0.64608
1111,"(304, 2011)",0.64608
1112,"(304, 2012)",0.64608
1113,"(304, 2013)",0.64608
1114,"(304, 2014)",0.64608
1115,"(304, 2015)",0.64608
1116,"(304, 2016)",0.64608
1117,"(304, 2017)",0.64608
1118,"(304, 2018)",0.64608
1119,"(304, 2019)",0.64608
1120,"(304, 2020)",0.64608
1121,"(304, 2021)",0.64608
1132,"(316, 2010)",0.25707
1133,"(316, 2011)",0.25707
1134,"(316, 2012)",0.25707
1135,"(316, 2013)",0.25707
1136,"(316, 2014)",0.25707
1137,"(316, 2015)",0.25707
1138,"(316, 2016)",0.25707
1139,"(316, 2017)",0.25707
1140,"(316, 2018)",0.25707
1141,"(316, 2019)",0.25707
1142,"(316, 2020)",0.25707
1143,"(316, 2021)",0.25707
1154,"(320, 2010)",0.0435
1155,"(320, 2011)",0.04814
1156,"(320, 2012)",0.04471
1157,"(320, 2013)",0.03916
1158,"(320, 2014)",0.02949
1159,"(320, 2015)",0.03064
1160,"(320, 2016)",0.02311
1161,"(320, 2017)",0.02957
1162,"(320, 2018)",0.02947
1163,"(320, 2019)",0.02947
1164,"(320, 2020)",0.02947
1165,"(320, 2021)",0.02947
1176,"(340, 2010)",0.04155
1177,"(340, 2011)",0.04155
1178,"(340, 2012)",0.04155
1179,"(340, 2013)",0.04155
1180,"(340, 2014)",0.04155
1181,"(340, 2015)",0.01497
1182,"(340, 2016)",0.01497
1183,"(340, 2017)",0.03994
1184,"(340, 2018)",0.03994
1185,"(340, 2019)",0.03994
1186,"(340, 2020)",0.03994
1187,"(340, 2021)",0.03994
1198,"(344, 2010)",0.74946
1199,"(344, 2011)",0.72086
1200,"(344, 2012)",0.72733
1201,"(344, 2013)",0.73017
1202,"(344, 2014)",0.74014
1203,"(344, 2015)",0.76183
1204,"(344, 2016)",0.79155
1205,"(344, 2017)",0.8002
1206,"(344, 2018)",0.8634
1207,"(344, 2019)",0.8634
1208,"(344, 2020)",0.8634
1209,"(344, 2021)",0.8634
1220,"(348, 2010)",1.1376
1221,"(348, 2011)",1.18621
1222,"(348, 2012)",1.26069
1223,"(348, 2013)",1.38691
1224,"(348, 2014)",1.34914
1225,"(348, 2015)",1.34652
1226,"(348, 2016)",1.19007
1227,"(348, 2017)",1.33193
1228,"(348, 2018)",1.53337
1229,"(348, 2019)",1.53337
1230,"(348, 2020)",1.53337
1231,"(348, 2021)",1.53337
1242,"(352, 2010)",2.59511
1243,"(352, 2011)",2.41367
1244,"(352, 2012)",2.41367
1245,"(352, 2013)",1.70204
1246,"(352, 2014)",1.94811
1247,"(352, 2015)",2.19746
1248,"(352, 2016)",2.12769
1249,"(352, 2017)",2.10455
1250,"(352, 2018)",2.04135
1251,"(352, 2019)",2.04135
1252,"(352, 2020)",2.04135
1253,"(352, 2021)",2.04135
1264,"(356, 2010)",0.78849
1265,"(356, 2011)",0.75502
1266,"(356, 2012)",0.74399
1267,"(356, 2013)",0.70642
1268,"(356, 2014)",0.70159
1269,"(356, 2015)",0.6931
1270,"(356, 2016)",0.66984
1271,"(356, 2017)",0.66571
1272,"(356, 2018)",0.65282
1273,"(356, 2019)",0.65282
1274,"(356, 2020)",0.65282
1275,"(356, 2021)",0.65282
1286,"(360, 2010)",0.08332
1287,"(360, 2011)",0.08332
1288,"(360, 2012)",0.08332
1289,"(360, 2013)",0.0847
1290,"(360, 2014)",0.0847
1291,"(360, 2015)",0.0847
1292,"(360, 2016)",0.24535
1293,"(360, 2017)",0.23805
1294,"(360, 2018)",0.22633
1295,"(360, 2019)",0.22633
1296,"(360, 2020)",0.22633
1297,"(360, 2021)",0.22633
1308,"(364, 2010)",0.26442
1309,"(364, 2011)",0.26442
1310,"(364, 2012)",0.31655
1311,"(364, 2013)",0.25267
1312,"(364, 2014)",0.25267
1313,"(364, 2015)",0.41763
1314,"(364, 2016)",0.41763
1315,"(364, 2017)",0.83027
1316,"(364, 2018)",0.83027
1317,"(364, 2019)",0.83027
1318,"(364, 2020)",0.83027
1319,"(364, 2021)",0.83027
1330,"(368, 2010)",0.03684
1331,"(368, 2011)",0.03476
1332,"(368, 2012)",0.03476
1333,"(368, 2013)",0.03476
1334,"(368, 2014)",0.03733
1335,"(368, 2015)",0.03775
1336,"(368, 2016)",0.0356
1337,"(368, 2017)",0.0441
1338,"(368, 2018)",0.04342
1339,"(368, 2019)",0.04342
1340,"(368, 2020)",0.04342
1341,"(368, 2021)",0.04342
1352,"(372, 2010)",1.59153
1353,"(372, 2011)",1.56058
1354,"(372, 2012)",1.56119
1355,"(372, 2013)",1.5658
1356,"(372, 2014)",1.52307
1357,"(372, 2015)",1.18267
1358,"(372, 2016)",1.16892
1359,"(372, 2017)",1.16892
1360,"(372, 2018)",1.14647
1361,"(372, 2019)",1.14647
1362,"(372, 2020)",1.14647
1363,"(372, 2021)",1.14647
1374,"(376, 2010)",3.93541
1375,"(376, 2011)",4.01532
1376,"(376, 2012)",4.16147
1377,"(376, 2013)",4.0961
1378,"(376, 2014)",4.17398
1379,"(376, 2015)",4.26525
1380,"(376, 2016)",4.51177
1381,"(376, 2017)",4.81623
1382,"(376, 2018)",4.94079
1383,"(376, 2019)",4.94079
1384,"(376, 2020)",4.94079
1385,"(376, 2021)",4.94079
1396,"(380, 2010)",1.21797
1397,"(380, 2011)",1.20155
1398,"(380, 2012)",1.26219
1399,"(380, 2013)",1.30107
1400,"(380, 2014)",1.3384
1401,"(380, 2015)",1.3385
1402,"(380, 2016)",1.36642
1403,"(380, 2017)",1.37013
1404,"(380, 2018)",1.39181
1405,"(380, 2019)",1.39181
1406,"(380, 2020)",1.39181
1407,"(380, 2021)",1.39181
1424,"(384, 2016)",0.0704
1425,"(384, 2017)",0.0704
1426,"(384, 2018)",0.0704
1427,"(384, 2019)",0.0704
1428,"(384, 2020)",0.0704
1429,"(384, 2021)",0.0704
1440,"(388, 2010)",0.06096
1441,"(388, 2011)",0.06096
1442,"(388, 2012)",0.06096
1443,"(388, 2013)",0.06096
1444,"(388, 2014)",0.06096
1445,"(388, 2015)",0.06096
1446,"(388, 2016)",0.06096
1447,"(388, 2017)",0.06096
1448,"(388, 2018)",0.06096
1449,"(388, 2019)",0.06096
1450,"(388, 2020)",0.06096
1451,"(388, 2021)",0.06096
1462,"(392, 2010)",3.13708
1463,"(392, 2011)",3.24477
1464,"(392, 2012)",3.20908
1465,"(392, 2013)",3.31496
1466,"(392, 2014)",3.40022
1467,"(392, 2015)",3.28165
1468,"(392, 2016)",3.15786
1469,"(392, 2017)",3.20798
1470,"(392, 2018)",3.27512
1471,"(392, 2019)",3.27512
1472,"(392, 2020)",3.27512
1473,"(392, 2021)",3.27512
1484,"(398, 2010)",0.15341
1485,"(398, 2011)",0.15349
1486,"(398, 2012)",0.16525
1487,"(398, 2013)",0.17132
1488,"(398, 2014)",0.16722
1489,"(398, 2015)",0.16951
1490,"(398, 2016)",0.14179
1491,"(398, 2017)",0.12667
1492,"(398, 2018)",0.11683
1493,"(398, 2019)",0.11683
1494,"(398, 2020)",0.11683
1495,"(398, 2021)",0.11683
1506,"(400, 2010)",0.42869
1507,"(400, 2011)",0.42869
1508,"(400, 2012)",0.42869
1509,"(400, 2013)",0.42869
1510,"(400, 2014)",0.42869
1511,"(400, 2015)",0.42869
1512,"(400, 2016)",0.70781
1513,"(400, 2017)",0.70781
1514,"(400, 2018)",0.70781
1515,"(400, 2019)",0.70781
1516,"(400, 2020)",0.70781
1517,"(400, 2021)",0.70781
1528,"(404, 2010)",0.78577
1529,"(404, 2011)",0.78577
1530,"(404, 2012)",0.78577
1531,"(404, 2013)",0.78577
1532,"(404, 2014)",0.78577
1533,"(404, 2015)",0.78577
1534,"(404, 2016)",0.78577
1535,"(404, 2017)",0.78577
1536,"(404, 2018)",0.78577
1537,"(404, 2019)",0.78577
1538,"(404, 2020)",0.78577
1539,"(404, 2021)",0.78577
1550,"(410, 2010)",3.31578
1551,"(410, 2011)",3.59199
1552,"(410, 2012)",3.8504
1553,"(410, 2013)",3.95124
1554,"(410, 2014)",4.07786
1555,"(410, 2015)",3.9782
1556,"(410, 2016)",3.98704
1557,"(410, 2017)",4.29206
1558,"(410, 2018)",4.52753
1559,"(410, 2019)",4.52753
1560,"(410, 2020)",4.52753
1561,"(410, 2021)",4.52753
1572,"(414, 2010)",0.1014
1573,"(414, 2011)",0.09896
1574,"(414, 2012)",0.09721
1575,"(414, 2013)",0.30153
1576,"(414, 2014)",0.42705
1577,"(414, 2015)",0.0966
1578,"(414, 2016)",0.07985
1579,"(414, 2017)",0.0804
1580,"(414, 2018)",0.06238
1581,"(414, 2019)",0.06238
1582,"(414, 2020)",0.06238
1583,"(414, 2021)",0.06238
1594,"(417, 2010)",0.15547
1595,"(417, 2011)",0.15633
1596,"(417, 2012)",0.1661
1597,"(417, 2013)",0.14914
1598,"(417, 2014)",0.12536
1599,"(417, 2015)",0.11903
1600,"(417, 2016)",0.11121
1601,"(417, 2017)",0.10707
1602,"(417, 2018)",0.10107
1603,"(417, 2019)",0.10107
1604,"(417, 2020)",0.10107
1605,"(417, 2021)",0.10107
1616,"(418, 2010)",0.0371
1617,"(418, 2011)",0.0371
1618,"(418, 2012)",0.0371
1619,"(418, 2013)",0.0371
1620,"(418, 2014)",0.0371
1621,"(418, 2015)",0.0371
1622,"(418, 2016)",0.0371
1623,"(418, 2017)",0.0371
1624,"(418, 2018)",0.0371
1625,"(418, 2019)",0.0371
1626,"(418, 2020)",0.0371
1627,"(418, 2021)",0.0371
1638,"(426, 2010)",0.02857
1639,"(426, 2011)",0.01235
1640,"(426, 2012)",0.01235
1641,"(426, 2013)",0.01235
1642,"(426, 2014)",0.01235
1643,"(426, 2015)",0.05074
1644,"(426, 2016)",0.05074
1645,"(426, 2017)",0.05074
1646,"(426, 2018)",0.05074
1647,"(426, 2019)",0.05074
1648,"(426, 2020)",0.05074
1649,"(426, 2021)",0.05074
1660,"(428, 2010)",0.60979
1661,"(428, 2011)",0.69606
1662,"(428, 2012)",0.66305
1663,"(428, 2013)",0.61176
1664,"(428, 2014)",0.68825
1665,"(428, 2015)",0.62352
1666,"(428, 2016)",0.44032
1667,"(428, 2017)",0.51459
1668,"(428, 2018)",0.64083
1669,"(428, 2019)",0.64083
1670,"(428, 2020)",0.64083
1671,"(428, 2021)",0.64083
1682,"(440, 2010)",0.7855
1683,"(440, 2011)",0.9051
1684,"(440, 2012)",0.89515
1685,"(440, 2013)",0.9502
1686,"(440, 2014)",1.03114
1687,"(440, 2015)",1.04408
1688,"(440, 2016)",0.84233
1689,"(440, 2017)",0.89641
1690,"(440, 2018)",0.94181
1691,"(440, 2019)",0.94181
1692,"(440, 2020)",0.94181
1693,"(440, 2021)",0.94181
1704,"(442, 2010)",1.50257
1705,"(442, 2011)",1.46277
1706,"(442, 2012)",1.27267
1707,"(442, 2013)",1.30266
1708,"(442, 2014)",1.26404
1709,"(442, 2015)",1.27204
1710,"(442, 2016)",1.25831
1711,"(442, 2017)",1.26852
1712,"(442, 2018)",1.21126
1713,"(442, 2019)",1.21126
1714,"(442, 2020)",1.21126
1715,"(442, 2021)",1.21126
1726,"(446, 2010)",0.05033
1727,"(446, 2011)",0.04444
1728,"(446, 2012)",0.04807
1729,"(446, 2013)",0.05115
1730,"(446, 2014)",0.08705
1731,"(446, 2015)",0.13554
1732,"(446, 2016)",0.23328
1733,"(446, 2017)",0.17085
1734,"(446, 2018)",0.20152
1735,"(446, 2019)",0.20152
1736,"(446, 2020)",0.20152
1737,"(446, 2021)",0.20152
1748,"(450, 2010)",0.09903
1749,"(450, 2011)",0.09067
1750,"(450, 2012)",0.09067
1751,"(450, 2013)",0.09067
1752,"(450, 2014)",0.01321
1753,"(450, 2015)",0.01321
1754,"(450, 2016)",0.01264
1755,"(450, 2017)",0.01275
1756,"(450, 2018)",0.01275
1757,"(450, 2019)",0.01275
1758,"(450, 2020)",0.01275
1759,"(450, 2021)",0.01275
1770,"(458, 2010)",1.03608
1771,"(458, 2011)",1.03342
1772,"(458, 2012)",1.09269
1773,"(458, 2013)",1.09269
1774,"(458, 2014)",1.26275
1775,"(458, 2015)",1.27945
1776,"(458, 2016)",1.41517
1777,"(458, 2017)",1.41517
1778,"(458, 2018)",1.04086
1779,"(458, 2019)",1.04086
1780,"(458, 2020)",1.04086
1781,"(458, 2021)",1.04086
1792,"(466, 2010)",0.5836
1793,"(466, 2011)",0.5836
1794,"(466, 2012)",0.5836
1795,"(466, 2013)",0.5836
1796,"(466, 2014)",0.5836
1797,"(466, 2015)",0.31462
1798,"(466, 2016)",0.31462
1799,"(466, 2017)",0.29179
1800,"(466, 2018)",0.29179
1801,"(466, 2019)",0.29179
1802,"(466, 2020)",0.29179
1803,"(466, 2021)",0.29179
1814,"(470, 2010)",0.60667
1815,"(470, 2011)",0.6737
1816,"(470, 2012)",0.82675
1817,"(470, 2013)",0.77248
1818,"(470, 2014)",0.71161
1819,"(470, 2015)",0.74253
1820,"(470, 2016)",0.56778
1821,"(470, 2017)",0.58424
1822,"(470, 2018)",0.57246
1823,"(470, 2019)",0.57246
1824,"(470, 2020)",0.57246
1825,"(470, 2021)",0.57246
1844,"(478, 2018)",0.01081
1845,"(478, 2019)",0.01081
1846,"(478, 2020)",0.01081
1847,"(478, 2021)",0.01081
1858,"(480, 2010)",0.36053
1859,"(480, 2011)",0.36053
1860,"(480, 2012)",0.17773
1861,"(480, 2013)",0.17773
1862,"(480, 2014)",0.17773
1863,"(480, 2015)",0.17773
1864,"(480, 2016)",0.17773
1865,"(480, 2017)",0.36636
1866,"(480, 2018)",0.34691
1867,"(480, 2019)",0.34691
1868,"(480, 2020)",0.34691
1869,"(480, 2021)",0.34691
1880,"(484, 2010)",0.49485
1881,"(484, 2011)",0.47129
1882,"(484, 2012)",0.42096
1883,"(484, 2013)",0.42503
1884,"(484, 2014)",0.43549
1885,"(484, 2015)",0.42986
1886,"(484, 2016)",0.38798
1887,"(484, 2017)",0.32843
1888,"(484, 2018)",0.31291
1889,"(484, 2019)",0.31291
1890,"(484, 2020)",0.31291
1891,"(484, 2021)",0.31291
1902,"(492, 2010)",0.03821
1903,"(492, 2011)",0.03821
1904,"(492, 2012)",0.03821
1905,"(492, 2013)",0.03821
1906,"(492, 2014)",0.03821
1907,"(492, 2015)",0.03821
1908,"(492, 2016)",0.03821
1909,"(492, 2017)",0.03821
1910,"(492, 2018)",0.03821
1911,"(492, 2019)",0.03821
1912,"(492, 2020)",0.03821
1913,"(492, 2021)",0.03821
1924,"(496, 2010)",0.24438
1925,"(496, 2011)",0.23054
1926,"(496, 2012)",0.23913
1927,"(496, 2013)",0.23246
1928,"(496, 2014)",0.2234
1929,"(496, 2015)",0.15468
1930,"(496, 2016)",0.18337
1931,"(496, 2017)",0.13485
1932,"(496, 2018)",0.10215
1933,"(496, 2019)",0.10215
1934,"(496, 2020)",0.10215
1935,"(496, 2021)",0.10215
1946,"(498, 2010)",0.3665
1947,"(498, 2011)",0.33764
1948,"(498, 2012)",0.34907
1949,"(498, 2013)",0.29783
1950,"(498, 2014)",0.31105
1951,"(498, 2015)",0.30943
1952,"(498, 2016)",0.2769
1953,"(498, 2017)",0.25374
1954,"(498, 2018)",0.25168
1955,"(498, 2019)",0.25168
1956,"(498, 2020)",0.25168
1957,"(498, 2021)",0.25168
1968,"(499, 2010)",1.14521
1969,"(499, 2011)",0.31485
1970,"(499, 2012)",0.31485
1971,"(499, 2013)",0.37431
1972,"(499, 2014)",0.3632
1973,"(499, 2015)",0.374
1974,"(499, 2016)",0.32454
1975,"(499, 2017)",0.34898
1976,"(499, 2018)",0.36415
1977,"(499, 2019)",0.36415
1978,"(499, 2020)",0.36415
1979,"(499, 2021)",0.36415
1990,"(504, 2010)",0.71454
1991,"(504, 2011)",0.71454
1992,"(504, 2012)",0.71454
1993,"(504, 2013)",0.71454
1994,"(504, 2014)",0.71454
1995,"(504, 2015)",0.71454
1996,"(504, 2016)",0.71454
1997,"(504, 2017)",0.71454
1998,"(504, 2018)",0.71454
1999,"(504, 2019)",0.71454
2000,"(504, 2020)",0.71454
2001,"(504, 2021)",0.71454
2012,"(508, 2010)",0.38695
2013,"(508, 2011)",0.38695
2014,"(508, 2012)",0.38695
2015,"(508, 2013)",0.38695
2016,"(508, 2014)",0.38695
2017,"(508, 2015)",0.31312
2018,"(508, 2016)",0.31312
2019,"(508, 2017)",0.31312
2020,"(508, 2018)",0.31312
2021,"(508, 2019)",0.31312
2022,"(508, 2020)",0.31312
2023,"(508, 2021)",0.31312
2035,"(512, 2011)",0.1363
2036,"(512, 2012)",0.20857
2037,"(512, 2013)",0.16956
2038,"(512, 2014)",0.21253
2039,"(512, 2015)",0.25163
2040,"(512, 2016)",0.26034
2041,"(512, 2017)",0.22819
2042,"(512, 2018)",0.21967
2043,"(512, 2019)",0.21967
2044,"(512, 2020)",0.21967
2045,"(512, 2021)",0.21967
2056,"(516, 2010)",0.14165
2057,"(516, 2011)",0.14165
2058,"(516, 2012)",0.14165
2059,"(516, 2013)",0.14165
2060,"(516, 2014)",0.35209
2061,"(516, 2015)",0.35209
2062,"(516, 2016)",0.35209
2063,"(516, 2017)",0.35209
2064,"(516, 2018)",0.35209
2065,"(516, 2019)",0.35209
2066,"(516, 2020)",0.35209
2067,"(516, 2021)",0.35209
2078,"(524, 2010)",0.3022
2079,"(524, 2011)",0.3022
2080,"(524, 2012)",0.3022
2081,"(524, 2013)",0.3022
2082,"(524, 2014)",0.3022
2083,"(524, 2015)",0.3022
2084,"(524, 2016)",0.3022
2085,"(524, 2017)",0.3022
2086,"(524, 2018)",0.3022
2087,"(524, 2019)",0.3022
2088,"(524, 2020)",0.3022
2089,"(524, 2021)",0.3022
2100,"(528, 2010)",1.70404
2101,"(528, 2011)",1.88131
2102,"(528, 2012)",1.91627
2103,"(528, 2013)",1.92987
2104,"(528, 2014)",1.97568
2105,"(528, 2015)",1.98487
2106,"(528, 2016)",1.99685
2107,"(528, 2017)",1.98308
2108,"(528, 2018)",2.16374
2109,"(528, 2019)",2.16374
2110,"(528, 2020)",2.16374
2111,"(528, 2021)",2.16374
2122,"(554, 2010)",1.2523
2123,"(554, 2011)",1.23065
2124,"(554, 2012)",1.23065
2125,"(554, 2013)",1.15375
2126,"(554, 2014)",1.15375
2127,"(554, 2015)",1.2323
2128,"(554, 2016)",1.2323
2129,"(554, 2017)",1.34692
2130,"(554, 2018)",1.34692
2131,"(554, 2019)",1.34692
2132,"(554, 2020)",1.34692
2133,"(554, 2021)",1.34692
2144,"(558, 2010)",0.03493
2145,"(558, 2011)",0.08344
2146,"(558, 2012)",0.10449
2147,"(558, 2013)",0.10284
2148,"(558, 2014)",0.08935
2149,"(558, 2015)",0.10742
2150,"(558, 2016)",0.10742
2151,"(558, 2017)",0.10742
2152,"(558, 2018)",0.10742
2153,"(558, 2019)",0.10742
2154,"(558, 2020)",0.10742
2155,"(558, 2021)",0.10742
2166,"(566, 2010)",0.13223
2167,"(566, 2011)",0.13223
2168,"(566, 2012)",0.13223
2169,"(566, 2013)",0.13223
2170,"(566, 2014)",0.13223
2171,"(566, 2015)",0.13223
2172,"(566, 2016)",0.13223
2173,"(566, 2017)",0.13223
2174,"(566, 2018)",0.13223
2175,"(566, 2019)",0.13223
2176,"(566, 2020)",0.13223
2177,"(566, 2021)",0.13223
2188,"(578, 2010)",1.64999
2189,"(578, 2011)",1.62712
2190,"(578, 2012)",1.62087
2191,"(578, 2013)",1.65238
2192,"(578, 2014)",1.71506
2193,"(578, 2015)",1.93526
2194,"(578, 2016)",2.0446
2195,"(578, 2017)",2.09919
2196,"(578, 2018)",2.07264
2197,"(578, 2019)",2.07264
2198,"(578, 2020)",2.07264
2199,"(578, 2021)",2.07264
2210,"(586, 2010)",0.44806
2211,"(586, 2011)",0.32917
2212,"(586, 2012)",0.32917
2213,"(586, 2013)",0.29285
2214,"(586, 2014)",0.29285
2215,"(586, 2015)",0.24605
2216,"(586, 2016)",0.24605
2217,"(586, 2017)",0.23627
2218,"(586, 2018)",0.23627
2219,"(586, 2019)",0.23627
2220,"(586, 2020)",0.23627
2221,"(586, 2021)",0.23627
2232,"(591, 2010)",0.14453
2233,"(591, 2011)",0.17304
2234,"(591, 2012)",0.07534
2235,"(591, 2013)",0.06206
2236,"(591, 2014)",0.14052
2237,"(591, 2015)",0.12033
2238,"(591, 2016)",0.14494
2239,"(591, 2017)",0.14714
2240,"(591, 2018)",0.14714
2241,"(591, 2019)",0.14714
2242,"(591, 2020)",0.14714
2243,"(591, 2021)",0.14714
2260,"(598, 2016)",0.03158
2261,"(598, 2017)",0.03158
2262,"(598, 2018)",0.03158
2263,"(598, 2019)",0.03158
2264,"(598, 2020)",0.03158
2265,"(598, 2021)",0.03158
2276,"(600, 2010)",0.0412
2277,"(600, 2011)",0.04221
2278,"(600, 2012)",0.06515
2279,"(600, 2013)",0.07147
2280,"(600, 2014)",0.07921
2281,"(600, 2015)",0.09687
2282,"(600, 2016)",0.11688
2283,"(600, 2017)",0.14883
2284,"(600, 2018)",0.14626
2285,"(600, 2019)",0.14626
2286,"(600, 2020)",0.14626
2287,"(600, 2021)",0.14626
2298,"(604, 2010)",0.15578
2299,"(604, 2011)",0.08282
2300,"(604, 2012)",0.0553
2301,"(604, 2013)",0.08174
2302,"(604, 2014)",0.10805
2303,"(604, 2015)",0.11702
2304,"(604, 2016)",0.12008
2305,"(604, 2017)",0.12085
2306,"(604, 2018)",0.12715
2307,"(604, 2019)",0.12715
2308,"(604, 2020)",0.12715
2309,"(604, 2021)",0.12715
2320,"(608, 2010)",0.10901
2321,"(608, 2011)",0.11222
2322,"(608, 2012)",0.11222
2323,"(608, 2013)",0.13207
2324,"(608, 2014)",0.13207
2325,"(608, 2015)",0.15683
2326,"(608, 2016)",0.15683
2327,"(608, 2017)",0.15683
2328,"(608, 2018)",0.15683
2329,"(608, 2019)",0.15683
2330,"(608, 2020)",0.15683
2331,"(608, 2021)",0.15683
2342,"(616, 2010)",0.7207
2343,"(616, 2011)",0.74588
2344,"(616, 2012)",0.88086
2345,"(616, 2013)",0.87053
2346,"(616, 2014)",0.93978
2347,"(616, 2015)",1.00324
2348,"(616, 2016)",0.96408
2349,"(616, 2017)",1.03443
2350,"(616, 2018)",1.20953
2351,"(616, 2019)",1.20953
2352,"(616, 2020)",1.20953
2353,"(616, 2021)",1.20953
2364,"(620, 2010)",1.53529
2365,"(620, 2011)",1.45741
2366,"(620, 2012)",1.37861
2367,"(620, 2013)",1.32468
2368,"(620, 2014)",1.28992
2369,"(620, 2015)",1.2433
2370,"(620, 2016)",1.28075
2371,"(620, 2017)",1.31928
2372,"(620, 2018)",1.34753
2373,"(620, 2019)",1.34753
2374,"(620, 2020)",1.34753
2375,"(620, 2021)",1.34753
2386,"(630, 2010)",0.45131
2387,"(630, 2011)",0.45131
2388,"(630, 2012)",0.45131
2389,"(630, 2013)",0.43859
2390,"(630, 2014)",0.43859
2391,"(630, 2015)",0.42883
2392,"(630, 2016)",0.42883
2393,"(630, 2017)",0.42883
2394,"(630, 2018)",0.42883
2395,"(630, 2019)",0.42883
2396,"(630, 2020)",0.42883
2397,"(630, 2021)",0.42883
2410,"(634, 2012)",0.4786
2411,"(634, 2013)",0.4786
2412,"(634, 2014)",0.4786
2413,"(634, 2015)",0.51883
2414,"(634, 2016)",0.51883
2415,"(634, 2017)",0.51883
2416,"(634, 2018)",0.50901
2417,"(634, 2019)",0.50901
2418,"(634, 2020)",0.50901
2419,"(634, 2021)",0.50901
2430,"(642, 2010)",0.45688
2431,"(642, 2011)",0.49832
2432,"(642, 2012)",0.48383
2433,"(642, 2013)",0.38787
2434,"(642, 2014)",0.38225
2435,"(642, 2015)",0.48793
2436,"(642, 2016)",0.48033
2437,"(642, 2017)",0.50322
2438,"(642, 2018)",0.50077
2439,"(642, 2019)",0.50077
2440,"(642, 2020)",0.50077
2441,"(642, 2021)",0.50077
2452,"(643, 2010)",1.1302
2453,"(643, 2011)",1.01545
2454,"(643, 2012)",1.02766
2455,"(643, 2013)",1.02732
2456,"(643, 2014)",1.07241
2457,"(643, 2015)",1.10085
2458,"(643, 2016)",1.10238
2459,"(643, 2017)",1.10967
2460,"(643, 2018)",0.98275
2461,"(643, 2019)",0.98275
2462,"(643, 2020)",0.98275
2463,"(643, 2021)",0.98275
2480,"(646, 2016)",0.64656
2481,"(646, 2017)",0.64656
2482,"(646, 2018)",0.64656
2483,"(646, 2019)",0.64656
2484,"(646, 2020)",0.64656
2485,"(646, 2021)",0.64656
2496,"(670, 2010)",0.12028
2497,"(670, 2011)",0.12028
2498,"(670, 2012)",0.12028
2499,"(670, 2013)",0.12028
2500,"(670, 2014)",0.12028
2501,"(670, 2015)",0.12028
2502,"(670, 2016)",0.12028
2503,"(670, 2017)",0.12028
2504,"(670, 2018)",0.12028
2505,"(670, 2019)",0.12028
2506,"(670, 2020)",0.12028
2507,"(670, 2021)",0.12028
2518,"(682, 2010)",0.884
2519,"(682, 2011)",0.89784
2520,"(682, 2012)",0.87684
2521,"(682, 2013)",0.81516
2522,"(682, 2014)",0.81516
2523,"(682, 2015)",0.81516
2524,"(682, 2016)",0.81516
2525,"(682, 2017)",0.81516
2526,"(682, 2018)",0.81516
2527,"(682, 2019)",0.81516
2528,"(682, 2020)",0.81516
2529,"(682, 2021)",0.81516
2540,"(686, 2010)",0.43137
2541,"(686, 2011)",0.43137
2542,"(686, 2012)",0.43137
2543,"(686, 2013)",0.43137
2544,"(686, 2014)",0.43137
2545,"(686, 2015)",0.5772
2546,"(686, 2016)",0.5772
2547,"(686, 2017)",0.5772
2548,"(686, 2018)",0.5772
2549,"(686, 2019)",0.5772
2550,"(686, 2020)",0.5772
2551,"(686, 2021)",0.5772
2562,"(688, 2010)",0.70228
2563,"(688, 2011)",0.68334
2564,"(688, 2012)",0.85316
2565,"(688, 2013)",0.68367
2566,"(688, 2014)",0.72309
2567,"(688, 2015)",0.81146
2568,"(688, 2016)",0.83951
2569,"(688, 2017)",0.87353
2570,"(688, 2018)",0.9197
2571,"(688, 2019)",0.9197
2572,"(688, 2020)",0.9197
2573,"(688, 2021)",0.9197
2584,"(690, 2010)",0.30209
2585,"(690, 2011)",0.30209
2586,"(690, 2012)",0.30209
2587,"(690, 2013)",0.30209
2588,"(690, 2014)",0.30209
2589,"(690, 2015)",0.30209
2590,"(690, 2016)",0.22175
2591,"(690, 2017)",0.22175
2592,"(690, 2018)",0.22175
2593,"(690, 2019)",0.22175
2594,"(690, 2020)",0.22175
2595,"(690, 2021)",0.22175
2606,"(702, 2010)",1.93137
2607,"(702, 2011)",2.07065
2608,"(702, 2012)",1.91939
2609,"(702, 2013)",1.92335
2610,"(702, 2014)",2.08464
2611,"(702, 2015)",2.18198
2612,"(702, 2016)",2.07629
2613,"(702, 2017)",1.92465
2614,"(702, 2018)",1.92465
2615,"(702, 2019)",1.92465
2616,"(702, 2020)",1.92465
2617,"(702, 2021)",1.92465
2628,"(703, 2010)",0.61147
2629,"(703, 2011)",0.65779
2630,"(703, 2012)",0.7964
2631,"(703, 2013)",0.82157
2632,"(703, 2014)",0.87814
2633,"(703, 2015)",1.1626
2634,"(703, 2016)",0.79078
2635,"(703, 2017)",0.88612
2636,"(703, 2018)",0.83806
2637,"(703, 2019)",0.83806
2638,"(703, 2020)",0.83806
2639,"(703, 2021)",0.83806
2650,"(704, 2010)",0.19273
2651,"(704, 2011)",0.19044
2652,"(704, 2012)",0.19044
2653,"(704, 2013)",0.37359
2654,"(704, 2014)",0.37359
2655,"(704, 2015)",0.44113
2656,"(704, 2016)",0.44113
2657,"(704, 2017)",0.52674
2658,"(704, 2018)",0.52674
2659,"(704, 2019)",0.52674
2660,"(704, 2020)",0.52674
2661,"(704, 2021)",0.52674
2672,"(705, 2010)",2.05133
2673,"(705, 2011)",2.41297
2674,"(705, 2012)",2.56061
2675,"(705, 2013)",2.56487
2676,"(705, 2014)",2.36548
2677,"(705, 2015)",2.19565
2678,"(705, 2016)",2.01145
2679,"(705, 2017)",1.86635
2680,"(705, 2018)",1.95039
2681,"(705, 2019)",1.95039
2682,"(705, 2020)",1.95039
2683,"(705, 2021)",1.95039
2694,"(710, 2010)",0.73704
2695,"(710, 2011)",0.73451
2696,"(710, 2012)",0.73363
2697,"(710, 2013)",0.72488
2698,"(710, 2014)",0.77115
2699,"(710, 2015)",0.79846
2700,"(710, 2016)",0.81882
2701,"(710, 2017)",0.83215
2702,"(710, 2018)",0.83215
2703,"(710, 2019)",0.83215
2704,"(710, 2020)",0.83215
2705,"(710, 2021)",0.83215
2716,"(724, 2010)",1.35996
2717,"(724, 2011)",1.33341
2718,"(724, 2012)",1.29877
2719,"(724, 2013)",1.27523
2720,"(724, 2014)",1.24213
2721,"(724, 2015)",1.22236
2722,"(724, 2016)",1.19048
2723,"(724, 2017)",1.21041
2724,"(724, 2018)",1.24323
2725,"(724, 2019)",1.24323
2726,"(724, 2020)",1.24323
2727,"(724, 2021)",1.24323
2738,"(729, 2010)",0.29844
2739,"(729, 2011)",0.29844
2740,"(729, 2012)",0.29844
2741,"(729, 2013)",0.29844
2742,"(729, 2014)",0.29844
2743,"(729, 2015)",0.29844
2744,"(729, 2016)",0.29844
2745,"(729, 2017)",0.29844
2746,"(729, 2018)",0.29844
2747,"(729, 2019)",0.29844
2748,"(729, 2020)",0.29844
2749,"(729, 2021)",0.29844
2765,"(748, 2015)",0.26661
2766,"(748, 2016)",0.26661
2767,"(748, 2017)",0.26661
2768,"(748, 2018)",0.26661
2769,"(748, 2019)",0.26661
2770,"(748, 2020)",0.26661
2771,"(748, 2021)",0.26661
2782,"(752, 2010)",3.16789
2783,"(752, 2011)",3.18702
2784,"(752, 2012)",3.23025
2785,"(752, 2013)",3.26042
2786,"(752, 2014)",3.10184
2787,"(752, 2015)",3.21903
2788,"(752, 2016)",3.24736
2789,"(752, 2017)",3.36279
2790,"(752, 2018)",3.31278
2791,"(752, 2019)",3.31278
2792,"(752, 2020)",3.31278
2793,"(752, 2021)",3.31278
2804,"(756, 2010)",2.71472
2805,"(756, 2011)",2.71472
2806,"(756, 2012)",3.18623
2807,"(756, 2013)",3.18623
2808,"(756, 2014)",3.18623
2809,"(756, 2015)",3.3716
2810,"(756, 2016)",3.3716
2811,"(756, 2017)",3.36798
2812,"(756, 2018)",3.36798
2813,"(756, 2019)",3.36798
2814,"(756, 2020)",3.36798
2815,"(756, 2021)",3.36798
2831,"(760, 2015)",0.02053
2832,"(760, 2016)",0.02053
2833,"(760, 2017)",0.02053
2834,"(760, 2018)",0.02053
2835,"(760, 2019)",0.02053
2836,"(760, 2020)",0.02053
2837,"(760, 2021)",0.02053
2848,"(762, 2010)",0.08914
2849,"(762, 2011)",0.12148
2850,"(762, 2012)",0.11432
2851,"(762, 2013)",0.11851
2852,"(762, 2014)",0.11624
2853,"(762, 2015)",0.10888
2854,"(762, 2016)",0.10683
2855,"(762, 2017)",0.11536
2856,"(762, 2018)",0.09703
2857,"(762, 2019)",0.09703
2858,"(762, 2020)",0.09703
2859,"(762, 2021)",0.09703
2870,"(764, 2010)",0.23455
2871,"(764, 2011)",0.36146
2872,"(764, 2012)",0.36146
2873,"(764, 2013)",0.44164
2874,"(764, 2014)",0.47988
2875,"(764, 2015)",0.61609
2876,"(764, 2016)",0.77817
2877,"(764, 2017)",1.00179
2878,"(764, 2018)",1.00179
2879,"(764, 2019)",1.00179
2880,"(764, 2020)",1.00179
2881,"(764, 2021)",1.00179
2892,"(768, 2010)",0.23476
2893,"(768, 2011)",0.23476
2894,"(768, 2012)",0.22324
2895,"(768, 2013)",0.22324
2896,"(768, 2014)",0.26654
2897,"(768, 2015)",0.26654
2898,"(768, 2016)",0.26654
2899,"(768, 2017)",0.26654
2900,"(768, 2018)",0.26654
2901,"(768, 2019)",0.26654
2902,"(768, 2020)",0.26654
2903,"(768, 2021)",0.26654
2914,"(780, 2010)",0.04771
2915,"(780, 2011)",0.04024
2916,"(780, 2012)",0.04378
2917,"(780, 2013)",0.05667
2918,"(780, 2014)",0.08172
2919,"(780, 2015)",0.08623
2920,"(780, 2016)",0.09183
2921,"(780, 2017)",0.09112
2922,"(780, 2018)",0.08399
2923,"(780, 2019)",0.08399
2924,"(780, 2020)",0.08399
2925,"(780, 2021)",0.08399
2937,"(784, 2011)",0.48622
2938,"(784, 2012)",0.48622
2939,"(784, 2013)",0.48622
2940,"(784, 2014)",0.6936
2941,"(784, 2015)",0.89504
2942,"(784, 2016)",0.96366
2943,"(784, 2017)",0.96366
2944,"(784, 2018)",1.27836
2945,"(784, 2019)",1.27836
2946,"(784, 2020)",1.27836
2947,"(784, 2021)",1.27836
2958,"(788, 2010)",0.69026
2959,"(788, 2011)",0.70863
2960,"(788, 2012)",0.68206
2961,"(788, 2013)",0.67071
2962,"(788, 2014)",0.65423
2963,"(788, 2015)",0.62936
2964,"(788, 2016)",0.60364
2965,"(788, 2017)",0.60364
2966,"(788, 2018)",0.60132
2967,"(788, 2019)",0.60132
2968,"(788, 2020)",0.60132
2969,"(788, 2021)",0.60132
2980,"(792, 2010)",0.79892
2981,"(792, 2011)",0.79988
2982,"(792, 2012)",0.83217
2983,"(792, 2013)",0.81821
2984,"(792, 2014)",0.86077
2985,"(792, 2015)",0.8815
2986,"(792, 2016)",0.94464
2987,"(792, 2017)",0.95978
2988,"(792, 2018)",0.95978
2989,"(792, 2019)",0.95978
2990,"(792, 2020)",0.95978
2991,"(792, 2021)",0.95978
3002,"(800, 2010)",0.36284
3003,"(800, 2011)",0.36284
3004,"(800, 2012)",0.36284
3005,"(800, 2013)",0.36284
3006,"(800, 2014)",0.14381
3007,"(800, 2015)",0.14381
3008,"(800, 2016)",0.14381
3009,"(800, 2017)",0.14381
3010,"(800, 2018)",0.14381
3011,"(800, 2019)",0.14381
3012,"(800, 2020)",0.14381
3013,"(800, 2021)",0.14381
3024,"(804, 2010)",0.83346
3025,"(804, 2011)",0.7378
3026,"(804, 2012)",0.75167
3027,"(804, 2013)",0.76175
3028,"(804, 2014)",0.65034
3029,"(804, 2015)",0.61477
3030,"(804, 2016)",0.48339
3031,"(804, 2017)",0.44839
3032,"(804, 2018)",0.47109
3033,"(804, 2019)",0.47109
3034,"(804, 2020)",0.47109
3035,"(804, 2021)",0.47109
3046,"(807, 2010)",0.21634
3047,"(807, 2011)",0.22276
3048,"(807, 2012)",0.32676
3049,"(807, 2013)",0.43894
3050,"(807, 2014)",0.51646
3051,"(807, 2015)",0.44412
3052,"(807, 2016)",0.43585
3053,"(807, 2017)",0.35439
3054,"(807, 2018)",0.36523
3055,"(807, 2019)",0.36523
3056,"(807, 2020)",0.36523
3057,"(807, 2021)",0.36523
3068,"(818, 2010)",0.43345
3069,"(818, 2011)",0.53154
3070,"(818, 2012)",0.50899
3071,"(818, 2013)",0.63895
3072,"(818, 2014)",0.63649
3073,"(818, 2015)",0.71858
3074,"(818, 2016)",0.70848
3075,"(818, 2017)",0.67941
3076,"(818, 2018)",0.72388
3077,"(818, 2019)",0.72388
3078,"(818, 2020)",0.72388
3079,"(818, 2021)",0.72388
3090,"(826, 2010)",1.64564
3091,"(826, 2011)",1.64959
3092,"(826, 2012)",1.57716
3093,"(826, 2013)",1.62028
3094,"(826, 2014)",1.6434
3095,"(826, 2015)",1.64985
3096,"(826, 2016)",1.66023
3097,"(826, 2017)",1.68022
3098,"(826, 2018)",1.70274
3099,"(826, 2019)",1.70274
3100,"(826, 2020)",1.70274
3101,"(826, 2021)",1.70274
3112,"(834, 2010)",0.37307
3113,"(834, 2011)",0.37307
3114,"(834, 2012)",0.37307
3115,"(834, 2013)",0.51456
3116,"(834, 2014)",0.51456
3117,"(834, 2015)",0.51456
3118,"(834, 2016)",0.51456
3119,"(834, 2017)",0.51456
3120,"(834, 2018)",0.51456
3121,"(834, 2019)",0.51456
3122,"(834, 2020)",0.51456
3123,"(834, 2021)",0.51456
3134,"(840, 2010)",2.7354
3135,"(840, 2011)",2.76525
3136,"(840, 2012)",2.68166
3137,"(840, 2013)",2.70972
3138,"(840, 2014)",2.71924
3139,"(840, 2015)",2.71742
3140,"(840, 2016)",2.76145
3141,"(840, 2017)",2.81741
3142,"(840, 2018)",2.83283
3143,"(840, 2019)",2.83283
3144,"(840, 2020)",2.83283
3145,"(840, 2021)",2.83283
3156,"(850, 2010)",0.02707
3157,"(850, 2011)",0.02707
3158,"(850, 2012)",0.02707
3159,"(850, 2013)",0.02707
3160,"(850, 2014)",0.02707
3161,"(850, 2015)",0.02707
3162,"(850, 2016)",0.02707
3163,"(850, 2017)",0.02707
3164,"(850, 2018)",0.02707
3165,"(850, 2019)",0.02707
3166,"(850, 2020)",0.02707
3167,"(850, 2021)",0.02707
3178,"(854, 2010)",0.17787
3179,"(854, 2011)",0.17787
3180,"(854, 2012)",0.17787
3181,"(854, 2013)",0.17787
3182,"(854, 2014)",0.19719
3183,"(854, 2015)",0.19719
3184,"(854, 2016)",0.19719
3185,"(854, 2017)",0.61089
3186,"(854, 2018)",0.61089
3187,"(854, 2019)",0.61089
3188,"(854, 2020)",0.61089
3189,"(854, 2021)",0.61089
3200,"(858, 2010)",0.34115
3201,"(858, 2011)",0.3487
3202,"(858, 2012)",0.3276
3203,"(858, 2013)",0.32113
3204,"(858, 2014)",0.33579
3205,"(858, 2015)",0.36446
3206,"(858, 2016)",0.40845
3207,"(858, 2017)",0.48393
3208,"(858, 2018)",0.41865
3209,"(858, 2019)",0.41865
3210,"(858, 2020)",0.41865
3211,"(858, 2021)",0.41865
3222,"(860, 2010)",0.1645
3223,"(860, 2011)",0.15842
3224,"(860, 2012)",0.1646
3225,"(860, 2013)",0.1644
3226,"(860, 2014)",0.16172
3227,"(860, 2015)",0.17373
3228,"(860, 2016)",0.18156
3229,"(860, 2017)",0.15566
3230,"(860, 2018)",0.13003
3231,"(860, 2019)",0.13003
3232,"(860, 2020)",0.13003
3233,"(860, 2021)",0.13003
3244,"(862, 2010)",0.18823
3245,"(862, 2011)",0.15296
3246,"(862, 2012)",0.2501
3247,"(862, 2013)",0.31853
3248,"(862, 2014)",0.33713
3249,"(862, 2015)",0.33713
3250,"(862, 2016)",0.33713
3251,"(862, 2017)",0.33713
3252,"(862, 2018)",0.33713
3253,"(862, 2019)",0.33713
3254,"(862, 2020)",0.33713
3255,"(862, 2021)",0.33713
3266,"(894, 2010)",0.27819
3267,"(894, 2011)",0.27819
3268,"(894, 2012)",0.27819
3269,"(894, 2013)",0.27819
3270,"(894, 2014)",0.27819
3271,"(894, 2015)",0.27819
3272,"(894, 2016)",0.27819
3273,"(894, 2017)",0.27819
3274,"(894, 2018)",0.27819
3275,"(894, 2019)",0.27819
3276,"(894, 2020)",0.27819
3277,"(894, 2021)",0.27819
