,join_key,full_time_researchers_per_million
10,"(8, 2010)",155.52783
11,"(8, 2011)",155.52783
12,"(8, 2012)",155.52783
13,"(8, 2013)",155.52783
14,"(8, 2014)",155.52783
15,"(8, 2015)",155.52783
16,"(8, 2016)",155.52783
17,"(8, 2017)",155.52783
18,"(8, 2018)",155.52783
19,"(8, 2019)",155.52783
20,"(8, 2020)",155.52783
21,"(8, 2021)",155.52783
32,"(12, 2010)",168.71935
33,"(12, 2011)",168.71935
34,"(12, 2012)",168.71935
35,"(12, 2013)",168.71935
36,"(12, 2014)",168.71935
37,"(12, 2015)",168.71935
38,"(12, 2016)",168.71935
39,"(12, 2017)",819.3427
40,"(12, 2018)",819.3427
41,"(12, 2019)",819.3427
42,"(12, 2020)",819.3427
43,"(12, 2021)",819.3427
54,"(16, 2010)",100.73537
55,"(16, 2011)",100.73537
56,"(16, 2012)",100.73537
57,"(16, 2013)",100.73537
58,"(16, 2014)",100.73537
59,"(16, 2015)",100.73537
60,"(16, 2016)",100.73537
61,"(16, 2017)",100.73537
62,"(16, 2018)",100.73537
63,"(16, 2019)",100.73537
64,"(16, 2020)",100.73537
65,"(16, 2021)",100.73537
77,"(24, 2011)",47.48012
78,"(24, 2012)",47.48012
79,"(24, 2013)",47.48012
80,"(24, 2014)",47.48012
81,"(24, 2015)",47.48012
82,"(24, 2016)",18.81599
83,"(24, 2017)",18.81599
84,"(24, 2018)",18.81599
85,"(24, 2019)",18.81599
86,"(24, 2020)",18.81599
87,"(24, 2021)",18.81599
98,"(32, 2010)",1123.83311
99,"(32, 2011)",1180.67303
100,"(32, 2012)",1203.37119
101,"(32, 2013)",1198.26439
102,"(32, 2014)",1206.94193
103,"(32, 2015)",1230.53948
104,"(32, 2016)",1259.64008
105,"(32, 2017)",1210.45658
106,"(32, 2018)",1211.42035
107,"(32, 2019)",1211.42035
108,"(32, 2020)",1211.42035
109,"(32, 2021)",1211.42035
120,"(36, 2010)",4532.40149
121,"(36, 2011)",4532.40149
122,"(36, 2012)",4532.40149
123,"(36, 2013)",4532.40149
124,"(36, 2014)",4532.40149
125,"(36, 2015)",4532.40149
126,"(36, 2016)",4532.40149
127,"(36, 2017)",4532.40149
128,"(36, 2018)",4532.40149
129,"(36, 2019)",4532.40149
130,"(36, 2020)",4532.40149
131,"(36, 2021)",4532.40149
142,"(40, 2010)",4349.71722
143,"(40, 2011)",4390.34667
144,"(40, 2012)",4669.44719
145,"(40, 2013)",4724.72032
146,"(40, 2014)",4947.87477
147,"(40, 2015)",5019.43848
148,"(40, 2016)",5224.35435
149,"(40, 2017)",5387.92896
150,"(40, 2018)",5733.07565
151,"(40, 2019)",5733.07565
152,"(40, 2020)",5733.07565
153,"(40, 2021)",5733.07565
168,"(48, 2014)",368.99126
169,"(48, 2015)",368.99126
170,"(48, 2016)",368.99126
171,"(48, 2017)",368.99126
172,"(48, 2018)",368.99126
173,"(48, 2019)",368.99126
174,"(48, 2020)",368.99126
175,"(48, 2021)",368.99126
186,"(56, 2010)",3732.83127
187,"(56, 2011)",3875.64397
188,"(56, 2012)",4113.26364
189,"(56, 2013)",4155.91094
190,"(56, 2014)",4528.91488
191,"(56, 2015)",4711.04559
192,"(56, 2016)",4780.51719
193,"(56, 2017)",4729.55358
194,"(56, 2018)",5023.26301
195,"(56, 2019)",5023.26301
196,"(56, 2020)",5023.26301
197,"(56, 2021)",5023.26301
208,"(68, 2010)",163.80159
209,"(68, 2011)",163.80159
210,"(68, 2012)",163.80159
211,"(68, 2013)",163.80159
212,"(68, 2014)",163.80159
213,"(68, 2015)",163.80159
214,"(68, 2016)",163.80159
215,"(68, 2017)",163.80159
216,"(68, 2018)",163.80159
217,"(68, 2019)",163.80159
218,"(68, 2020)",163.80159
219,"(68, 2021)",163.80159
230,"(70, 2010)",198.03677
231,"(70, 2011)",198.03677
232,"(70, 2012)",160.13994
233,"(70, 2013)",233.86738
234,"(70, 2014)",292.38061
235,"(70, 2015)",365.22839
236,"(70, 2016)",419.99063
237,"(70, 2017)",485.42082
238,"(70, 2018)",471.2501
239,"(70, 2019)",471.2501
240,"(70, 2020)",471.2501
241,"(70, 2021)",471.2501
254,"(72, 2012)",172.43949
255,"(72, 2013)",185.20781
256,"(72, 2014)",185.20781
257,"(72, 2015)",185.20781
258,"(72, 2016)",185.20781
259,"(72, 2017)",185.20781
260,"(72, 2018)",185.20781
261,"(72, 2019)",185.20781
262,"(72, 2020)",185.20781
263,"(72, 2021)",185.20781
274,"(76, 2010)",686.12491
275,"(76, 2011)",737.71786
276,"(76, 2012)",788.48979
277,"(76, 2013)",838.47208
278,"(76, 2014)",887.67844
279,"(76, 2015)",887.67844
280,"(76, 2016)",887.67844
281,"(76, 2017)",887.67844
282,"(76, 2018)",887.67844
283,"(76, 2019)",887.67844
284,"(76, 2020)",887.67844
285,"(76, 2021)",887.67844
296,"(96, 2010)",283.50207
297,"(96, 2011)",283.50207
298,"(96, 2012)",283.50207
299,"(96, 2013)",283.50207
300,"(96, 2014)",283.50207
301,"(96, 2015)",283.50207
302,"(96, 2016)",283.50207
303,"(96, 2017)",283.50207
304,"(96, 2018)",283.50207
305,"(96, 2019)",283.50207
306,"(96, 2020)",283.50207
307,"(96, 2021)",283.50207
318,"(100, 2010)",1478.65161
319,"(100, 2011)",1613.03219
320,"(100, 2012)",1540.76839
321,"(100, 2013)",1683.79312
322,"(100, 2014)",1821.92174
323,"(100, 2015)",1977.29335
324,"(100, 2016)",2237.29099
325,"(100, 2017)",2125.18395
326,"(100, 2018)",2342.86988
327,"(100, 2019)",2342.86988
328,"(100, 2020)",2342.86988
329,"(100, 2021)",2342.86988
340,"(104, 2010)",17.54637
341,"(104, 2011)",17.54637
342,"(104, 2012)",17.54637
343,"(104, 2013)",17.54637
344,"(104, 2014)",17.54637
345,"(104, 2015)",17.54637
346,"(104, 2016)",17.54637
347,"(104, 2017)",29.07319
348,"(104, 2018)",29.07319
349,"(104, 2019)",29.07319
350,"(104, 2020)",29.07319
351,"(104, 2021)",29.07319
364,"(108, 2012)",20.928
365,"(108, 2013)",20.928
366,"(108, 2014)",20.928
367,"(108, 2015)",20.928
368,"(108, 2016)",20.928
369,"(108, 2017)",20.928
370,"(108, 2018)",23.43546
371,"(108, 2019)",23.43546
372,"(108, 2020)",23.43546
373,"(108, 2021)",23.43546
384,"(116, 2010)",17.64162
385,"(116, 2011)",17.64162
386,"(116, 2012)",17.64162
387,"(116, 2013)",17.64162
388,"(116, 2014)",17.64162
389,"(116, 2015)",30.36704
390,"(116, 2016)",30.36704
391,"(116, 2017)",30.36704
392,"(116, 2018)",30.36704
393,"(116, 2019)",30.36704
394,"(116, 2020)",30.36704
395,"(116, 2021)",30.36704
406,"(124, 2010)",4646.30508
407,"(124, 2011)",4780.08165
408,"(124, 2012)",4627.4515
409,"(124, 2013)",4623.11761
410,"(124, 2014)",4541.84807
411,"(124, 2015)",4523.09283
412,"(124, 2016)",4369.6299
413,"(124, 2017)",4325.64492
414,"(124, 2018)",4325.64492
415,"(124, 2019)",4325.64492
416,"(124, 2020)",4325.64492
417,"(124, 2021)",4325.64492
428,"(132, 2010)",135.45516
429,"(132, 2011)",50.11456
430,"(132, 2012)",50.11456
431,"(132, 2013)",50.11456
432,"(132, 2014)",123.48752
433,"(132, 2015)",123.48752
434,"(132, 2016)",123.48752
435,"(132, 2017)",123.48752
436,"(132, 2018)",123.48752
437,"(132, 2019)",123.48752
438,"(132, 2020)",123.48752
439,"(132, 2021)",123.48752
450,"(144, 2010)",105.6178
451,"(144, 2011)",105.6178
452,"(144, 2012)",105.6178
453,"(144, 2013)",110.14833
454,"(144, 2014)",98.94889
455,"(144, 2015)",105.988
456,"(144, 2016)",106.84467
457,"(144, 2017)",106.39893
458,"(144, 2018)",106.39893
459,"(144, 2019)",106.39893
460,"(144, 2020)",106.39893
461,"(144, 2021)",106.39893
478,"(148, 2016)",57.89175
479,"(148, 2017)",57.89175
480,"(148, 2018)",57.89175
481,"(148, 2019)",57.89175
482,"(148, 2020)",57.89175
483,"(148, 2021)",57.89175
494,"(152, 2010)",318.82717
495,"(152, 2011)",352.70683
496,"(152, 2012)",390.68244
497,"(152, 2013)",335.36674
498,"(152, 2014)",427.12188
499,"(152, 2015)",454.95945
500,"(152, 2016)",493.45864
501,"(152, 2017)",493.29542
502,"(152, 2018)",493.29542
503,"(152, 2019)",493.29542
504,"(152, 2020)",493.29542
505,"(152, 2021)",493.29542
516,"(156, 2010)",884.59337
517,"(156, 2011)",957.56503
518,"(156, 2012)",1014.31188
519,"(156, 2013)",1066.20984
520,"(156, 2014)",1089.19646
521,"(156, 2015)",1150.81931
522,"(156, 2016)",1196.68794
523,"(156, 2017)",1224.7822
524,"(156, 2018)",1307.12128
525,"(156, 2019)",1307.12128
526,"(156, 2020)",1307.12128
527,"(156, 2021)",1307.12128
541,"(170, 2013)",57.3604
542,"(170, 2014)",58.29539
543,"(170, 2015)",69.54869
544,"(170, 2016)",89.36161
545,"(170, 2017)",88.0191
546,"(170, 2018)",88.0191
547,"(170, 2019)",88.0191
548,"(170, 2020)",88.0191
549,"(170, 2021)",88.0191
560,"(178, 2010)",32.5349
561,"(178, 2011)",32.5349
562,"(178, 2012)",32.5349
563,"(178, 2013)",32.5349
564,"(178, 2014)",32.5349
565,"(178, 2015)",32.5349
566,"(178, 2016)",32.5349
567,"(178, 2017)",32.5349
568,"(178, 2018)",32.5349
569,"(178, 2019)",32.5349
570,"(178, 2020)",32.5349
571,"(178, 2021)",32.5349
587,"(180, 2015)",10.56469
588,"(180, 2016)",10.56469
589,"(180, 2017)",10.56469
590,"(180, 2018)",10.56469
591,"(180, 2019)",10.56469
592,"(180, 2020)",10.56469
593,"(180, 2021)",10.56469
604,"(188, 2010)",381.87801
605,"(188, 2011)",406.20873
606,"(188, 2012)",337.24403
607,"(188, 2013)",355.11641
608,"(188, 2014)",568.46192
609,"(188, 2015)",495.2758
610,"(188, 2016)",525.37635
611,"(188, 2017)",380.40758
612,"(188, 2018)",345.03858
613,"(188, 2019)",345.03858
614,"(188, 2020)",345.03858
615,"(188, 2021)",345.03858
626,"(191, 2010)",1641.34223
627,"(191, 2011)",1587.48964
628,"(191, 2012)",1556.84123
629,"(191, 2013)",1526.68079
630,"(191, 2014)",1437.42986
631,"(191, 2015)",1504.17896
632,"(191, 2016)",1850.49572
633,"(191, 2017)",1868.34023
634,"(191, 2018)",1921.13136
635,"(191, 2019)",1921.13136
636,"(191, 2020)",1921.13136
637,"(191, 2021)",1921.13136
648,"(196, 2010)",1077.70041
649,"(196, 2011)",1063.79153
650,"(196, 2012)",1017.46435
651,"(196, 2013)",1036.13054
652,"(196, 2014)",1064.92501
653,"(196, 2015)",1009.05438
654,"(196, 2016)",1050.53568
655,"(196, 2017)",1196.43246
656,"(196, 2018)",1255.85256
657,"(196, 2019)",1255.85256
658,"(196, 2020)",1255.85256
659,"(196, 2021)",1255.85256
670,"(203, 2010)",2773.95996
671,"(203, 2011)",2903.66154
672,"(203, 2012)",3139.23525
673,"(203, 2013)",3237.23584
674,"(203, 2014)",3402.82622
675,"(203, 2015)",3592.07367
676,"(203, 2016)",3516.17175
677,"(203, 2017)",3682.03353
678,"(203, 2018)",3862.67088
679,"(203, 2019)",3862.67088
680,"(203, 2020)",3862.67088
681,"(203, 2021)",3862.67088
692,"(208, 2010)",6739.18115
693,"(208, 2011)",7017.93917
694,"(208, 2012)",7143.2887
695,"(208, 2013)",7071.13776
696,"(208, 2014)",7310.65804
697,"(208, 2015)",7528.26439
698,"(208, 2016)",7846.65759
699,"(208, 2017)",7924.95265
700,"(208, 2018)",8065.88729
701,"(208, 2019)",8065.88729
702,"(208, 2020)",8065.88729
703,"(208, 2021)",8065.88729
714,"(218, 2010)",140.58063
715,"(218, 2011)",179.50769
716,"(218, 2012)",281.16658
717,"(218, 2013)",350.66109
718,"(218, 2014)",399.48996
719,"(218, 2015)",399.48996
720,"(218, 2016)",399.48996
721,"(218, 2017)",399.48996
722,"(218, 2018)",399.48996
723,"(218, 2019)",399.48996
724,"(218, 2020)",399.48996
725,"(218, 2021)",399.48996
741,"(222, 2015)",63.23987
742,"(222, 2016)",65.76315
743,"(222, 2017)",63.71196
744,"(222, 2018)",71.17553
745,"(222, 2019)",71.17553
746,"(222, 2020)",71.17553
747,"(222, 2021)",71.17553
758,"(231, 2010)",42.22959
759,"(231, 2011)",42.22959
760,"(231, 2012)",42.22959
761,"(231, 2013)",44.73122
762,"(231, 2014)",44.73122
763,"(231, 2015)",44.73122
764,"(231, 2016)",44.73122
765,"(231, 2017)",90.52892
766,"(231, 2018)",90.52892
767,"(231, 2019)",90.52892
768,"(231, 2020)",90.52892
769,"(231, 2021)",90.52892
780,"(233, 2010)",3060.57874
781,"(233, 2011)",3397.58185
782,"(233, 2012)",3462.92471
783,"(233, 2013)",3341.01051
784,"(233, 2014)",3284.26311
785,"(233, 2015)",3183.24369
786,"(233, 2016)",3295.07562
787,"(233, 2017)",3542.54618
788,"(233, 2018)",3755.32912
789,"(233, 2019)",3755.32912
790,"(233, 2020)",3755.32912
791,"(233, 2021)",3755.32912
802,"(234, 2010)",1813.12194
803,"(234, 2011)",1813.12194
804,"(234, 2012)",1813.12194
805,"(234, 2013)",1813.12194
806,"(234, 2014)",1813.12194
807,"(234, 2015)",1813.12194
808,"(234, 2016)",1813.12194
809,"(234, 2017)",1813.12194
810,"(234, 2018)",1813.12194
811,"(234, 2019)",1813.12194
812,"(234, 2020)",1813.12194
813,"(234, 2021)",1813.12194
824,"(246, 2010)",7720.22345
825,"(246, 2011)",7421.582
826,"(246, 2012)",7473.70618
827,"(246, 2013)",7206.5324
828,"(246, 2014)",7009.28753
829,"(246, 2015)",6844.54752
830,"(246, 2016)",6531.47954
831,"(246, 2017)",6721.83019
832,"(246, 2018)",6861.10974
833,"(246, 2019)",6861.10974
834,"(246, 2020)",6861.10974
835,"(246, 2021)",6861.10974
846,"(250, 2010)",3873.01285
847,"(250, 2011)",3942.38881
848,"(250, 2012)",4073.25058
849,"(250, 2013)",4154.81555
850,"(250, 2014)",4233.6383
851,"(250, 2015)",4307.48974
852,"(250, 2016)",4414.69944
853,"(250, 2017)",4561.11283
854,"(250, 2018)",4715.31913
855,"(250, 2019)",4715.31913
856,"(250, 2020)",4715.31913
857,"(250, 2021)",4715.31913
871,"(268, 2013)",566.35449
872,"(268, 2014)",1059.47472
873,"(268, 2015)",1280.46364
874,"(268, 2016)",1306.59079
875,"(268, 2017)",1307.40616
876,"(268, 2018)",1463.77339
877,"(268, 2019)",1463.77339
878,"(268, 2020)",1463.77339
879,"(268, 2021)",1463.77339
890,"(270, 2010)",102.85707
891,"(270, 2011)",31.70743
892,"(270, 2012)",31.70743
893,"(270, 2013)",31.70743
894,"(270, 2014)",31.70743
895,"(270, 2015)",31.70743
896,"(270, 2016)",31.70743
897,"(270, 2017)",31.70743
898,"(270, 2018)",52.89256
899,"(270, 2019)",52.89256
900,"(270, 2020)",52.89256
901,"(270, 2021)",52.89256
912,"(275, 2010)",323.50083
913,"(275, 2011)",323.50083
914,"(275, 2012)",323.50083
915,"(275, 2013)",575.10944
916,"(275, 2014)",575.10944
917,"(275, 2015)",575.10944
918,"(275, 2016)",575.10944
919,"(275, 2017)",575.10944
920,"(275, 2018)",575.10944
921,"(275, 2019)",575.10944
922,"(275, 2020)",575.10944
923,"(275, 2021)",575.10944
934,"(276, 2010)",4058.00596
935,"(276, 2011)",4188.80831
936,"(276, 2012)",4352.32261
937,"(276, 2013)",4366.6912
938,"(276, 2014)",4320.70432
939,"(276, 2015)",4743.7863
940,"(276, 2016)",4861.74717
941,"(276, 2017)",5076.51794
942,"(276, 2018)",5211.87408
943,"(276, 2019)",5211.87408
944,"(276, 2020)",5211.87408
945,"(276, 2021)",5211.87408
956,"(288, 2010)",37.95861
957,"(288, 2011)",37.95861
958,"(288, 2012)",37.95861
959,"(288, 2013)",37.95861
960,"(288, 2014)",37.95861
961,"(288, 2015)",89.11206
962,"(288, 2016)",89.11206
963,"(288, 2017)",89.11206
964,"(288, 2018)",89.11206
965,"(288, 2019)",89.11206
966,"(288, 2020)",89.11206
967,"(288, 2021)",89.11206
978,"(300, 2010)",1889.68736
979,"(300, 2011)",2278.51787
980,"(300, 2012)",2300.31448
981,"(300, 2013)",2721.31093
982,"(300, 2014)",2791.8715
983,"(300, 2015)",3255.9863
984,"(300, 2016)",2769.89991
985,"(300, 2017)",3311.44856
986,"(300, 2018)",3482.71652
987,"(300, 2019)",3482.71652
988,"(300, 2020)",3482.71652
989,"(300, 2021)",3482.71652
1000,"(304, 2010)",701.71119
1001,"(304, 2011)",701.71119
1002,"(304, 2012)",701.71119
1003,"(304, 2013)",701.71119
1004,"(304, 2014)",701.71119
1005,"(304, 2015)",701.71119
1006,"(304, 2016)",701.71119
1007,"(304, 2017)",701.71119
1008,"(304, 2018)",701.71119
1009,"(304, 2019)",701.71119
1010,"(304, 2020)",701.71119
1011,"(304, 2021)",701.71119
1022,"(316, 2010)",303.02648
1023,"(316, 2011)",303.02648
1024,"(316, 2012)",303.02648
1025,"(316, 2013)",303.02648
1026,"(316, 2014)",303.02648
1027,"(316, 2015)",303.02648
1028,"(316, 2016)",303.02648
1029,"(316, 2017)",303.02648
1030,"(316, 2018)",303.02648
1031,"(316, 2019)",303.02648
1032,"(316, 2020)",303.02648
1033,"(316, 2021)",303.02648
1044,"(320, 2010)",24.81132
1045,"(320, 2011)",24.75115
1046,"(320, 2012)",26.91416
1047,"(320, 2013)",17.37646
1048,"(320, 2014)",20.28482
1049,"(320, 2015)",22.15054
1050,"(320, 2016)",22.07069
1051,"(320, 2017)",14.07038
1052,"(320, 2018)",12.87117
1053,"(320, 2019)",12.87117
1054,"(320, 2020)",12.87117
1055,"(320, 2021)",12.87117
1071,"(340, 2015)",22.38581
1072,"(340, 2016)",22.38581
1073,"(340, 2017)",34.68019
1074,"(340, 2018)",34.68019
1075,"(340, 2019)",34.68019
1076,"(340, 2020)",34.68019
1077,"(340, 2021)",34.68019
1088,"(344, 2010)",3114.55198
1089,"(344, 2011)",3085.38105
1090,"(344, 2012)",3191.214
1091,"(344, 2013)",3377.87416
1092,"(344, 2014)",3591.19623
1093,"(344, 2015)",3565.12862
1094,"(344, 2016)",3741.2636
1095,"(344, 2017)",3782.34083
1096,"(344, 2018)",4026.59891
1097,"(344, 2019)",4026.59891
1098,"(344, 2020)",4026.59891
1099,"(344, 2021)",4026.59891
1110,"(348, 2010)",2149.8141
1111,"(348, 2011)",2326.16657
1112,"(348, 2012)",2416.47759
1113,"(348, 2013)",2546.08461
1114,"(348, 2014)",2673.43438
1115,"(348, 2015)",2589.09791
1116,"(348, 2016)",2645.75681
1117,"(348, 2017)",2921.5331
1118,"(348, 2018)",3237.70314
1119,"(348, 2019)",3237.70314
1120,"(348, 2020)",3237.70314
1121,"(348, 2021)",3237.70314
1132,"(352, 2010)",7925.97655
1133,"(352, 2011)",6981.39572
1134,"(352, 2012)",6981.39572
1135,"(352, 2013)",5648.36011
1136,"(352, 2014)",5648.36011
1137,"(352, 2015)",5887.90678
1138,"(352, 2016)",5887.90678
1139,"(352, 2017)",6130.51111
1140,"(352, 2018)",6130.51111
1141,"(352, 2019)",6130.51111
1142,"(352, 2020)",6130.51111
1143,"(352, 2021)",6130.51111
1154,"(356, 2010)",156.21967
1155,"(356, 2011)",156.21967
1156,"(356, 2012)",156.21967
1157,"(356, 2013)",156.21967
1158,"(356, 2014)",156.21967
1159,"(356, 2015)",216.00083
1160,"(356, 2016)",216.00083
1161,"(356, 2017)",216.00083
1162,"(356, 2018)",252.70392
1163,"(356, 2019)",252.70392
1164,"(356, 2020)",252.70392
1165,"(356, 2021)",252.70392
1176,"(360, 2010)",89.4684
1177,"(360, 2011)",89.4684
1178,"(360, 2012)",89.4684
1179,"(360, 2013)",89.4684
1180,"(360, 2014)",89.4684
1181,"(360, 2015)",89.4684
1182,"(360, 2016)",178.87539
1183,"(360, 2017)",215.19041
1184,"(360, 2018)",215.99355
1185,"(360, 2019)",215.99355
1186,"(360, 2020)",215.99355
1187,"(360, 2021)",215.99355
1198,"(364, 2010)",743.10098
1199,"(364, 2011)",743.10098
1200,"(364, 2012)",697.06229
1201,"(364, 2013)",679.38896
1202,"(364, 2014)",679.38896
1203,"(364, 2015)",825.2793
1204,"(364, 2016)",825.2793
1205,"(364, 2017)",1474.91351
1206,"(364, 2018)",1474.91351
1207,"(364, 2019)",1474.91351
1208,"(364, 2020)",1474.91351
1209,"(364, 2021)",1474.91351
1220,"(368, 2010)",432.01568
1221,"(368, 2011)",441.29756
1222,"(368, 2012)",441.29756
1223,"(368, 2013)",441.29756
1224,"(368, 2014)",69.56885
1225,"(368, 2015)",65.81003
1226,"(368, 2016)",64.76253
1227,"(368, 2017)",105.92266
1228,"(368, 2018)",111.13687
1229,"(368, 2019)",111.13687
1230,"(368, 2020)",111.13687
1231,"(368, 2021)",111.13687
1242,"(372, 2010)",3112.64841
1243,"(372, 2011)",3325.77887
1244,"(372, 2012)",4853.9581
1245,"(372, 2013)",5136.47506
1246,"(372, 2014)",5304.47968
1247,"(372, 2015)",5270.65971
1248,"(372, 2016)",5178.20302
1249,"(372, 2017)",5401.03558
1250,"(372, 2018)",5243.12624
1251,"(372, 2019)",5243.12624
1252,"(372, 2020)",5243.12624
1253,"(372, 2021)",5243.12624
1264,"(380, 2010)",1743.3443
1265,"(380, 2011)",1781.38859
1266,"(380, 2012)",1848.62689
1267,"(380, 2013)",1930.68673
1268,"(380, 2014)",1956.36059
1269,"(380, 2015)",2077.88262
1270,"(380, 2016)",2204.07609
1271,"(380, 2017)",2313.65481
1272,"(380, 2018)",2306.76644
1273,"(380, 2019)",2306.76644
1274,"(380, 2020)",2306.76644
1275,"(380, 2021)",2306.76644
1286,"(384, 2010)",69.13831
1287,"(384, 2011)",69.13831
1288,"(384, 2012)",69.13831
1289,"(384, 2013)",69.13831
1290,"(384, 2014)",69.13831
1291,"(384, 2015)",69.13831
1292,"(384, 2016)",69.13831
1293,"(384, 2017)",69.13831
1294,"(384, 2018)",69.13831
1295,"(384, 2019)",69.13831
1296,"(384, 2020)",69.13831
1297,"(384, 2021)",69.13831
1308,"(392, 2010)",5103.62526
1309,"(392, 2011)",5110.16567
1310,"(392, 2012)",5032.93122
1311,"(392, 2013)",5147.43517
1312,"(392, 2014)",5328.40955
1313,"(392, 2015)",5173.03053
1314,"(392, 2016)",5209.36906
1315,"(392, 2017)",5304.13762
1316,"(392, 2018)",5331.15027
1317,"(392, 2019)",5331.15027
1318,"(392, 2020)",5331.15027
1319,"(392, 2021)",5331.15027
1330,"(398, 2010)",370.53265
1331,"(398, 2011)",385.91519
1332,"(398, 2012)",612.18307
1333,"(398, 2013)",737.22035
1334,"(398, 2014)",798.6654
1335,"(398, 2015)",777.14475
1336,"(398, 2016)",693.6834
1337,"(398, 2017)",666.14974
1338,"(398, 2018)",666.9353
1339,"(398, 2019)",666.9353
1340,"(398, 2020)",666.9353
1341,"(398, 2021)",666.9353
1357,"(400, 2015)",252.41257
1358,"(400, 2016)",592.40429
1359,"(400, 2017)",595.96296
1360,"(400, 2018)",595.96296
1361,"(400, 2019)",595.96296
1362,"(400, 2020)",595.96296
1363,"(400, 2021)",595.96296
1374,"(404, 2010)",221.38592
1375,"(404, 2011)",221.38592
1376,"(404, 2012)",221.38592
1377,"(404, 2013)",221.38592
1378,"(404, 2014)",221.38592
1379,"(404, 2015)",221.38592
1380,"(404, 2016)",221.38592
1381,"(404, 2017)",221.38592
1382,"(404, 2018)",221.38592
1383,"(404, 2019)",221.38592
1384,"(404, 2020)",221.38592
1385,"(404, 2021)",221.38592
1396,"(410, 2010)",5330.8012
1397,"(410, 2011)",5802.83693
1398,"(410, 2012)",6304.13833
1399,"(410, 2013)",6392.6361
1400,"(410, 2014)",6826.27375
1401,"(410, 2015)",7013.4907
1402,"(410, 2016)",7086.44637
1403,"(410, 2017)",7497.59608
1404,"(410, 2018)",7980.39565
1405,"(410, 2019)",7980.39565
1406,"(410, 2020)",7980.39565
1407,"(410, 2021)",7980.39565
1418,"(414, 2010)",136.03469
1419,"(414, 2011)",129.73239
1420,"(414, 2012)",131.08966
1421,"(414, 2013)",131.08966
1422,"(414, 2014)",620.16705
1423,"(414, 2015)",395.76691
1424,"(414, 2016)",478.15511
1425,"(414, 2017)",501.56567
1426,"(414, 2018)",513.86021
1427,"(414, 2019)",513.86021
1428,"(414, 2020)",513.86021
1429,"(414, 2021)",513.86021
1440,"(418, 2010)",15.83763
1441,"(418, 2011)",15.83763
1442,"(418, 2012)",15.83763
1443,"(418, 2013)",15.83763
1444,"(418, 2014)",15.83763
1445,"(418, 2015)",15.83763
1446,"(418, 2016)",15.83763
1447,"(418, 2017)",15.83763
1448,"(418, 2018)",15.83763
1449,"(418, 2019)",15.83763
1450,"(418, 2020)",15.83763
1451,"(418, 2021)",15.83763
1462,"(426, 2010)",23.01356
1463,"(426, 2011)",5.93875
1464,"(426, 2012)",5.93875
1465,"(426, 2013)",5.93875
1466,"(426, 2014)",5.93875
1467,"(426, 2015)",24.1134
1468,"(426, 2016)",24.1134
1469,"(426, 2017)",24.1134
1470,"(426, 2018)",24.1134
1471,"(426, 2019)",24.1134
1472,"(426, 2020)",24.1134
1473,"(426, 2021)",24.1134
1484,"(428, 2010)",1838.72373
1485,"(428, 2011)",1885.26039
1486,"(428, 2012)",1886.88729
1487,"(428, 2013)",1772.65341
1488,"(428, 2014)",1854.32652
1489,"(428, 2015)",1808.60341
1490,"(428, 2016)",1596.54272
1491,"(428, 2017)",1784.63705
1492,"(428, 2018)",1792.10447
1493,"(428, 2019)",1792.10447
1494,"(428, 2020)",1792.10447
1495,"(428, 2021)",1792.10447
1506,"(440, 2010)",2752.72295
1507,"(440, 2011)",2721.0196
1508,"(440, 2012)",2634.32583
1509,"(440, 2013)",2843.86431
1510,"(440, 2014)",3054.01621
1511,"(440, 2015)",2785.58468
1512,"(440, 2016)",2950.27923
1513,"(440, 2017)",3071.96071
1514,"(440, 2018)",3190.70248
1515,"(440, 2019)",3190.70248
1516,"(440, 2020)",3190.70248
1517,"(440, 2021)",3190.70248
1528,"(442, 2010)",5144.98247
1529,"(442, 2011)",5451.36114
1530,"(442, 2012)",4352.17017
1531,"(442, 2013)",4614.21778
1532,"(442, 2014)",4741.07149
1533,"(442, 2015)",4480.00056
1534,"(442, 2016)",4667.99249
1535,"(442, 2017)",4960.21355
1536,"(442, 2018)",4941.70411
1537,"(442, 2019)",4941.70411
1538,"(442, 2020)",4941.70411
1539,"(442, 2021)",4941.70411
1550,"(446, 2010)",649.847
1551,"(446, 2011)",610.53098
1552,"(446, 2012)",736.65119
1553,"(446, 2013)",913.27602
1554,"(446, 2014)",1031.46687
1555,"(446, 2015)",1276.89058
1556,"(446, 2016)",2648.29416
1557,"(446, 2017)",3227.40402
1558,"(446, 2018)",3543.20632
1559,"(446, 2019)",3543.20632
1560,"(446, 2020)",3543.20632
1561,"(446, 2021)",3543.20632
1572,"(450, 2010)",51.95815
1573,"(450, 2011)",50.86468
1574,"(450, 2012)",50.86468
1575,"(450, 2013)",50.86468
1576,"(450, 2014)",50.86468
1577,"(450, 2015)",50.86468
1578,"(450, 2016)",24.70438
1579,"(450, 2017)",30.62121
1580,"(450, 2018)",34.04118
1581,"(450, 2019)",34.04118
1582,"(450, 2020)",34.04118
1583,"(450, 2021)",34.04118
1594,"(454, 2010)",50.3521
1595,"(454, 2011)",50.3521
1596,"(454, 2012)",50.3521
1597,"(454, 2013)",50.3521
1598,"(454, 2014)",50.3521
1599,"(454, 2015)",50.3521
1600,"(454, 2016)",50.3521
1601,"(454, 2017)",50.3521
1602,"(454, 2018)",50.3521
1603,"(454, 2019)",50.3521
1604,"(454, 2020)",50.3521
1605,"(454, 2021)",50.3521
1616,"(458, 2010)",1462.46876
1617,"(458, 2011)",1648.88372
1618,"(458, 2012)",1790.69463
1619,"(458, 2013)",1790.69463
1620,"(458, 2014)",2054.16733
1621,"(458, 2015)",2307.9544
1622,"(458, 2016)",2396.53998
1623,"(458, 2017)",2396.53998
1624,"(458, 2018)",2184.7224
1625,"(458, 2019)",2184.7224
1626,"(458, 2020)",2184.7224
1627,"(458, 2021)",2184.7224
1638,"(466, 2010)",29.40326
1639,"(466, 2011)",29.40326
1640,"(466, 2012)",29.40326
1641,"(466, 2013)",29.40326
1642,"(466, 2014)",29.40326
1643,"(466, 2015)",30.84218
1644,"(466, 2016)",30.84218
1645,"(466, 2017)",32.86062
1646,"(466, 2018)",32.86062
1647,"(466, 2019)",32.86062
1648,"(466, 2020)",32.86062
1649,"(466, 2021)",32.86062
1660,"(470, 2010)",1417.00845
1661,"(470, 2011)",1785.91093
1662,"(470, 2012)",1986.68118
1663,"(470, 2013)",1886.6552
1664,"(470, 2014)",1831.71896
1665,"(470, 2015)",1891.32275
1666,"(470, 2016)",2054.58877
1667,"(470, 2017)",2130.46288
1668,"(470, 2018)",1946.50858
1669,"(470, 2019)",1946.50858
1670,"(470, 2020)",1946.50858
1671,"(470, 2021)",1946.50858
1684,"(480, 2012)",181.81267
1685,"(480, 2013)",181.81267
1686,"(480, 2014)",181.81267
1687,"(480, 2015)",181.81267
1688,"(480, 2016)",181.81267
1689,"(480, 2017)",181.81267
1690,"(480, 2018)",473.85267
1691,"(480, 2019)",473.85267
1692,"(480, 2020)",473.85267
1693,"(480, 2021)",473.85267
1704,"(484, 2010)",337.41655
1705,"(484, 2011)",344.22852
1706,"(484, 2012)",248.08539
1707,"(484, 2013)",251.79954
1708,"(484, 2014)",260.18938
1709,"(484, 2015)",281.32423
1710,"(484, 2016)",315.2625
1711,"(484, 2017)",315.2625
1712,"(484, 2018)",315.2625
1713,"(484, 2019)",315.2625
1714,"(484, 2020)",315.2625
1715,"(484, 2021)",315.2625
1726,"(492, 2010)",295.48208
1727,"(492, 2011)",295.48208
1728,"(492, 2012)",295.48208
1729,"(492, 2013)",295.48208
1730,"(492, 2014)",295.48208
1731,"(492, 2015)",295.48208
1732,"(492, 2016)",295.48208
1733,"(492, 2017)",295.48208
1734,"(492, 2018)",295.48208
1735,"(492, 2019)",295.48208
1736,"(492, 2020)",295.48208
1737,"(492, 2021)",295.48208
1748,"(498, 2010)",760.86315
1749,"(498, 2011)",777.34742
1750,"(498, 2012)",768.64793
1751,"(498, 2013)",737.28776
1752,"(498, 2014)",746.80204
1753,"(498, 2015)",758.22053
1754,"(498, 2016)",725.74132
1755,"(498, 2017)",723.88211
1756,"(498, 2018)",696.07769
1757,"(498, 2019)",696.07769
1758,"(498, 2020)",696.07769
1759,"(498, 2021)",696.07769
1771,"(499, 2011)",649.79929
1772,"(499, 2012)",649.79929
1773,"(499, 2013)",645.01193
1774,"(499, 2014)",671.83174
1775,"(499, 2015)",834.61997
1776,"(499, 2016)",715.80706
1777,"(499, 2017)",702.71829
1778,"(499, 2018)",734.29976
1779,"(499, 2019)",734.29976
1780,"(499, 2020)",734.29976
1781,"(499, 2021)",734.29976
1792,"(504, 2010)",719.77615
1793,"(504, 2011)",845.40676
1794,"(504, 2012)",850.27811
1795,"(504, 2013)",850.27811
1796,"(504, 2014)",1024.35348
1797,"(504, 2015)",1024.35348
1798,"(504, 2016)",1073.54029
1799,"(504, 2017)",1073.54029
1800,"(504, 2018)",1073.54029
1801,"(504, 2019)",1073.54029
1802,"(504, 2020)",1073.54029
1803,"(504, 2021)",1073.54029
1814,"(508, 2010)",38.77089
1815,"(508, 2011)",38.77089
1816,"(508, 2012)",38.77089
1817,"(508, 2013)",38.77089
1818,"(508, 2014)",38.77089
1819,"(508, 2015)",42.96538
1820,"(508, 2016)",42.96538
1821,"(508, 2017)",42.96538
1822,"(508, 2018)",42.96538
1823,"(508, 2019)",42.96538
1824,"(508, 2020)",42.96538
1825,"(508, 2021)",42.96538
1837,"(512, 2011)",148.75852
1838,"(512, 2012)",172.55775
1839,"(512, 2013)",132.07693
1840,"(512, 2014)",177.91253
1841,"(512, 2015)",212.53692
1842,"(512, 2016)",239.80297
1843,"(512, 2017)",242.41051
1844,"(512, 2018)",281.16111
1845,"(512, 2019)",281.16111
1846,"(512, 2020)",281.16111
1847,"(512, 2021)",281.16111
1862,"(516, 2014)",149.46625
1863,"(516, 2015)",149.46625
1864,"(516, 2016)",149.46625
1865,"(516, 2017)",149.46625
1866,"(516, 2018)",149.46625
1867,"(516, 2019)",149.46625
1868,"(516, 2020)",149.46625
1869,"(516, 2021)",149.46625
1880,"(524, 2010)",60.6658
1881,"(524, 2011)",60.6658
1882,"(524, 2012)",60.6658
1883,"(524, 2013)",60.6658
1884,"(524, 2014)",60.6658
1885,"(524, 2015)",60.6658
1886,"(524, 2016)",60.6658
1887,"(524, 2017)",60.6658
1888,"(524, 2018)",60.6658
1889,"(524, 2019)",60.6658
1890,"(524, 2020)",60.6658
1891,"(524, 2021)",60.6658
1902,"(528, 2010)",3219.04137
1903,"(528, 2011)",3664.36592
1904,"(528, 2012)",4361.35075
1905,"(528, 2013)",4551.93071
1906,"(528, 2014)",4512.59862
1907,"(528, 2015)",4673.08231
1908,"(528, 2016)",4776.84417
1909,"(528, 2017)",4887.21604
1910,"(528, 2018)",5604.5408
1911,"(528, 2019)",5604.5408
1912,"(528, 2020)",5604.5408
1913,"(528, 2021)",5604.5408
1924,"(554, 2010)",3723.97525
1925,"(554, 2011)",3688.88613
1926,"(554, 2012)",3688.88613
1927,"(554, 2013)",3961.47849
1928,"(554, 2014)",3961.47849
1929,"(554, 2015)",5417.66749
1930,"(554, 2016)",5417.66749
1931,"(554, 2017)",5529.5219
1932,"(554, 2018)",5529.5219
1933,"(554, 2019)",5529.5219
1934,"(554, 2020)",5529.5219
1935,"(554, 2021)",5529.5219
1946,"(562, 2010)",7.41313
1947,"(562, 2011)",7.41313
1948,"(562, 2012)",7.41313
1949,"(562, 2013)",26.46415
1950,"(562, 2014)",26.46415
1951,"(562, 2015)",26.46415
1952,"(562, 2016)",26.46415
1953,"(562, 2017)",26.46415
1954,"(562, 2018)",26.46415
1955,"(562, 2019)",26.46415
1956,"(562, 2020)",26.46415
1957,"(562, 2021)",26.46415
1968,"(566, 2010)",38.78981
1969,"(566, 2011)",38.78981
1970,"(566, 2012)",38.78981
1971,"(566, 2013)",38.78981
1972,"(566, 2014)",38.78981
1973,"(566, 2015)",38.78981
1974,"(566, 2016)",38.78981
1975,"(566, 2017)",38.78981
1976,"(566, 2018)",38.78981
1977,"(566, 2019)",38.78981
1978,"(566, 2020)",38.78981
1979,"(566, 2021)",38.78981
1990,"(578, 2010)",5413.76596
1991,"(578, 2011)",5502.46245
1992,"(578, 2012)",5552.97485
1993,"(578, 2013)",5573.82633
1994,"(578, 2014)",5685.62686
1995,"(578, 2015)",5890.95502
1996,"(578, 2016)",6077.56807
1997,"(578, 2017)",6350.06229
1998,"(578, 2018)",6466.70021
1999,"(578, 2019)",6466.70021
2000,"(578, 2020)",6466.70021
2001,"(578, 2021)",6466.70021
2012,"(586, 2010)",157.25341
2013,"(586, 2011)",143.02921
2014,"(586, 2012)",143.02921
2015,"(586, 2013)",158.12963
2016,"(586, 2014)",158.12963
2017,"(586, 2015)",278.85397
2018,"(586, 2016)",278.85397
2019,"(586, 2017)",335.58065
2020,"(586, 2018)",335.58065
2021,"(586, 2019)",335.58065
2022,"(586, 2020)",335.58065
2023,"(586, 2021)",335.58065
2034,"(591, 2010)",110.08
2035,"(591, 2011)",118.17132
2036,"(591, 2012)",37.65953
2037,"(591, 2013)",39.10899
2038,"(591, 2014)",39.10899
2039,"(591, 2015)",39.10899
2040,"(591, 2016)",39.10899
2041,"(591, 2017)",39.10899
2042,"(591, 2018)",39.10899
2043,"(591, 2019)",39.10899
2044,"(591, 2020)",39.10899
2045,"(591, 2021)",39.10899
2062,"(598, 2016)",35.48821
2063,"(598, 2017)",35.48821
2064,"(598, 2018)",35.48821
2065,"(598, 2019)",35.48821
2066,"(598, 2020)",35.48821
2067,"(598, 2021)",35.48821
2078,"(600, 2010)",76.6284
2079,"(600, 2011)",50.04755
2080,"(600, 2012)",168.34039
2081,"(600, 2013)",168.34039
2082,"(600, 2014)",152.2079
2083,"(600, 2015)",182.69493
2084,"(600, 2016)",121.1058
2085,"(600, 2017)",135.13787
2086,"(600, 2018)",139.73415
2087,"(600, 2019)",139.73415
2088,"(600, 2020)",139.73415
2089,"(600, 2021)",139.73415
2100,"(608, 2010)",81.21262
2101,"(608, 2011)",84.10554
2102,"(608, 2012)",84.10554
2103,"(608, 2013)",186.91776
2104,"(608, 2014)",186.91776
2105,"(608, 2015)",105.68078
2106,"(608, 2016)",105.68078
2107,"(608, 2017)",105.68078
2108,"(608, 2018)",105.68078
2109,"(608, 2019)",105.68078
2110,"(608, 2020)",105.68078
2111,"(608, 2021)",105.68078
2122,"(616, 2010)",1683.05423
2123,"(616, 2011)",1675.06159
2124,"(616, 2012)",1752.7068
2125,"(616, 2013)",1873.05999
2126,"(616, 2014)",2064.04968
2127,"(616, 2015)",2171.57881
2128,"(616, 2016)",2320.78995
2129,"(616, 2017)",3019.1146
2130,"(616, 2018)",3106.1196
2131,"(616, 2019)",3106.1196
2132,"(616, 2020)",3106.1196
2133,"(616, 2021)",3106.1196
2144,"(620, 2010)",3918.75913
2145,"(620, 2011)",4168.2672
2146,"(620, 2012)",4037.33199
2147,"(620, 2013)",3610.55354
2148,"(620, 2014)",3662.37537
2149,"(620, 2015)",3729.77304
2150,"(620, 2016)",4004.57642
2151,"(620, 2017)",4367.73282
2152,"(620, 2018)",4537.53162
2153,"(620, 2019)",4537.53162
2154,"(620, 2020)",4537.53162
2155,"(620, 2021)",4537.53162
2169,"(630, 2013)",273.98371
2170,"(630, 2014)",273.98371
2171,"(630, 2015)",348.36426
2172,"(630, 2016)",348.36426
2173,"(630, 2017)",348.36426
2174,"(630, 2018)",348.36426
2175,"(630, 2019)",348.36426
2176,"(630, 2020)",348.36426
2177,"(630, 2021)",348.36426
2190,"(634, 2012)",548.00091
2191,"(634, 2013)",548.00091
2192,"(634, 2014)",548.00091
2193,"(634, 2015)",583.9826
2194,"(634, 2016)",583.9826
2195,"(634, 2017)",583.9826
2196,"(634, 2018)",577.34853
2197,"(634, 2019)",577.34853
2198,"(634, 2020)",577.34853
2199,"(634, 2021)",577.34853
2210,"(642, 2010)",966.20415
2211,"(642, 2011)",790.68805
2212,"(642, 2012)",890.67001
2213,"(642, 2013)",922.67455
2214,"(642, 2014)",903.82628
2215,"(642, 2015)",876.22819
2216,"(642, 2016)",911.58518
2217,"(642, 2017)",891.32124
2218,"(642, 2018)",882.44127
2219,"(642, 2019)",882.44127
2220,"(642, 2020)",882.44127
2221,"(642, 2021)",882.44127
2232,"(643, 2010)",3081.07915
2233,"(643, 2011)",3114.61084
2234,"(643, 2012)",3078.38752
2235,"(643, 2013)",3052.69101
2236,"(643, 2014)",3075.14249
2237,"(643, 2015)",3098.11238
2238,"(643, 2016)",2952.21387
2239,"(643, 2017)",2821.52662
2240,"(643, 2018)",2784.33237
2241,"(643, 2019)",2784.33237
2242,"(643, 2020)",2784.33237
2243,"(643, 2021)",2784.33237
2254,"(646, 2010)",12.59357
2255,"(646, 2011)",12.59357
2256,"(646, 2012)",12.59357
2257,"(646, 2013)",15.5482
2258,"(646, 2014)",15.5482
2259,"(646, 2015)",15.5482
2260,"(646, 2016)",13.86086
2261,"(646, 2017)",13.86086
2262,"(646, 2018)",13.86086
2263,"(646, 2019)",13.86086
2264,"(646, 2020)",13.86086
2265,"(646, 2021)",13.86086
2276,"(654, 2010)",330.63316
2277,"(654, 2011)",330.63316
2278,"(654, 2012)",330.63316
2279,"(654, 2013)",330.63316
2280,"(654, 2014)",330.63316
2281,"(654, 2015)",330.63316
2282,"(654, 2016)",330.63316
2283,"(654, 2017)",330.63316
2284,"(654, 2018)",330.63316
2285,"(654, 2019)",330.63316
2286,"(654, 2020)",330.63316
2287,"(654, 2021)",330.63316
2298,"(686, 2010)",369.06021
2299,"(686, 2011)",369.06021
2300,"(686, 2012)",369.06021
2301,"(686, 2013)",369.06021
2302,"(686, 2014)",369.06021
2303,"(686, 2015)",564.33948
2304,"(686, 2016)",564.33948
2305,"(686, 2017)",564.33948
2306,"(686, 2018)",564.33948
2307,"(686, 2019)",564.33948
2308,"(686, 2020)",564.33948
2309,"(686, 2021)",564.33948
2320,"(688, 2010)",1514.84186
2321,"(688, 2011)",1624.00859
2322,"(688, 2012)",1643.3742
2323,"(688, 2013)",1726.97302
2324,"(688, 2014)",1830.99247
2325,"(688, 2015)",2071.21672
2326,"(688, 2016)",2132.77271
2327,"(688, 2017)",2079.19966
2328,"(688, 2018)",2087.21892
2329,"(688, 2019)",2087.21892
2330,"(688, 2020)",2087.21892
2331,"(688, 2021)",2087.21892
2342,"(690, 2010)",146.64741
2343,"(690, 2011)",146.64741
2344,"(690, 2012)",146.64741
2345,"(690, 2013)",146.64741
2346,"(690, 2014)",146.64741
2347,"(690, 2015)",146.64741
2348,"(690, 2016)",146.64741
2349,"(690, 2017)",146.64741
2350,"(690, 2018)",146.64741
2351,"(690, 2019)",146.64741
2352,"(690, 2020)",146.64741
2353,"(690, 2021)",146.64741
2364,"(702, 2010)",6241.86151
2365,"(702, 2011)",6405.06828
2366,"(702, 2012)",6356.67186
2367,"(702, 2013)",6603.11177
2368,"(702, 2014)",6632.24348
2369,"(702, 2015)",7006.63036
2370,"(702, 2016)",6934.91054
2371,"(702, 2017)",6802.53716
2372,"(702, 2018)",6802.53716
2373,"(702, 2019)",6802.53716
2374,"(702, 2020)",6802.53716
2375,"(702, 2021)",6802.53716
2386,"(703, 2010)",2809.39564
2387,"(703, 2011)",2833.44029
2388,"(703, 2012)",2820.16861
2389,"(703, 2013)",2716.36795
2390,"(703, 2014)",2715.55258
2391,"(703, 2015)",2650.20804
2392,"(703, 2016)",2253.26171
2393,"(703, 2017)",2416.22368
2394,"(703, 2018)",2995.95783
2395,"(703, 2019)",2995.95783
2396,"(703, 2020)",2995.95783
2397,"(703, 2021)",2995.95783
2408,"(704, 2010)",114.40569
2409,"(704, 2011)",114.40569
2410,"(704, 2012)",114.40569
2411,"(704, 2013)",679.46269
2412,"(704, 2014)",679.46269
2413,"(704, 2015)",678.56047
2414,"(704, 2016)",678.56047
2415,"(704, 2017)",707.74357
2416,"(704, 2018)",707.74357
2417,"(704, 2019)",707.74357
2418,"(704, 2020)",707.74357
2419,"(704, 2021)",707.74357
2430,"(705, 2010)",3769.81379
2431,"(705, 2011)",4277.31468
2432,"(705, 2012)",4317.18374
2433,"(705, 2013)",4220.32756
2434,"(705, 2014)",4147.06155
2435,"(705, 2015)",3814.21582
2436,"(705, 2016)",3914.26133
2437,"(705, 2017)",4479.40035
2438,"(705, 2018)",4854.56751
2439,"(705, 2019)",4854.56751
2440,"(705, 2020)",4854.56751
2441,"(705, 2021)",4854.56751
2452,"(710, 2010)",365.49511
2453,"(710, 2011)",386.80015
2454,"(710, 2012)",404.71937
2455,"(710, 2013)",434.85308
2456,"(710, 2014)",432.16155
2457,"(710, 2015)",472.30756
2458,"(710, 2016)",492.03626
2459,"(710, 2017)",517.72191
2460,"(710, 2018)",517.72191
2461,"(710, 2019)",517.72191
2462,"(710, 2020)",517.72191
2463,"(710, 2021)",517.72191
2476,"(716, 2012)",99.5185
2477,"(716, 2013)",99.5185
2478,"(716, 2014)",99.5185
2479,"(716, 2015)",99.5185
2480,"(716, 2016)",99.5185
2481,"(716, 2017)",99.5185
2482,"(716, 2018)",99.5185
2483,"(716, 2019)",99.5185
2484,"(716, 2020)",99.5185
2485,"(716, 2021)",99.5185
2496,"(724, 2010)",2869.16871
2497,"(724, 2011)",2765.99771
2498,"(724, 2012)",2693.77956
2499,"(724, 2013)",2625.68144
2500,"(724, 2014)",2613.09979
2501,"(724, 2015)",2623.35435
2502,"(724, 2016)",2715.46526
2503,"(724, 2017)",2855.74562
2504,"(724, 2018)",3000.8872
2505,"(724, 2019)",3000.8872
2506,"(724, 2020)",3000.8872
2507,"(724, 2021)",3000.8872
2523,"(748, 2015)",142.34351
2524,"(748, 2016)",142.34351
2525,"(748, 2017)",142.34351
2526,"(748, 2018)",142.34351
2527,"(748, 2019)",142.34351
2528,"(748, 2020)",142.34351
2529,"(748, 2021)",142.34351
2540,"(752, 2010)",5251.45024
2541,"(752, 2011)",5144.55392
2542,"(752, 2012)",5164.09629
2543,"(752, 2013)",6674.34947
2544,"(752, 2014)",6875.99043
2545,"(752, 2015)",6834.03397
2546,"(752, 2016)",7154.52927
2547,"(752, 2017)",7383.41927
2548,"(752, 2018)",7536.47495
2549,"(752, 2019)",7536.47495
2550,"(752, 2020)",7536.47495
2551,"(752, 2021)",7536.47495
2562,"(756, 2010)",3298.21466
2563,"(756, 2011)",3298.21466
2564,"(756, 2012)",4468.64965
2565,"(756, 2013)",4468.64965
2566,"(756, 2014)",4468.64965
2567,"(756, 2015)",5271.86792
2568,"(756, 2016)",5271.86792
2569,"(756, 2017)",5450.4318
2570,"(756, 2018)",5450.4318
2571,"(756, 2019)",5450.4318
2572,"(756, 2020)",5450.4318
2573,"(756, 2021)",5450.4318
2589,"(760, 2015)",90.95754
2590,"(760, 2016)",90.95754
2591,"(760, 2017)",90.95754
2592,"(760, 2018)",90.95754
2593,"(760, 2019)",90.95754
2594,"(760, 2020)",90.95754
2595,"(760, 2021)",90.95754
2606,"(764, 2010)",329.01211
2607,"(764, 2011)",538.51997
2608,"(764, 2012)",538.51997
2609,"(764, 2013)",790.89267
2610,"(764, 2014)",963.8546
2611,"(764, 2015)",864.67908
2612,"(764, 2016)",1208.45903
2613,"(764, 2017)",1350.34325
2614,"(764, 2018)",1350.34325
2615,"(764, 2019)",1350.34325
2616,"(764, 2020)",1350.34325
2617,"(764, 2021)",1350.34325
2628,"(768, 2010)",34.30567
2629,"(768, 2011)",34.45603
2630,"(768, 2012)",35.78489
2631,"(768, 2013)",35.78489
2632,"(768, 2014)",38.04847
2633,"(768, 2015)",36.13195
2634,"(768, 2016)",32.17731
2635,"(768, 2017)",38.75703
2636,"(768, 2018)",48.05369
2637,"(768, 2019)",48.05369
2638,"(768, 2020)",48.05369
2639,"(768, 2021)",48.05369
2657,"(780, 2017)",517.31899
2658,"(780, 2018)",566.97051
2659,"(780, 2019)",566.97051
2660,"(780, 2020)",566.97051
2661,"(780, 2021)",566.97051
2677,"(784, 2015)",1980.47815
2678,"(784, 2016)",2383.08382
2679,"(784, 2017)",2383.08382
2680,"(784, 2018)",2378.88895
2681,"(784, 2019)",2378.88895
2682,"(784, 2020)",2378.88895
2683,"(784, 2021)",2378.88895
2694,"(788, 2010)",1384.73551
2695,"(788, 2011)",1431.40679
2696,"(788, 2012)",1627.91525
2697,"(788, 2013)",1801.15843
2698,"(788, 2014)",1814.12233
2699,"(788, 2015)",1799.02431
2700,"(788, 2016)",1982.22833
2701,"(788, 2017)",1982.22833
2702,"(788, 2018)",1771.60777
2703,"(788, 2019)",1771.60777
2704,"(788, 2020)",1771.60777
2705,"(788, 2021)",1771.60777
2716,"(792, 2010)",889.58445
2717,"(792, 2011)",981.82744
2718,"(792, 2012)",1100.08415
2719,"(792, 2013)",1173.18826
2720,"(792, 2014)",1160.92355
2721,"(792, 2015)",1211.78504
2722,"(792, 2016)",1254.67457
2723,"(792, 2017)",1379.41194
2724,"(792, 2018)",1379.41194
2725,"(792, 2019)",1379.41194
2726,"(792, 2020)",1379.41194
2727,"(792, 2021)",1379.41194
2738,"(800, 2010)",38.93837
2739,"(800, 2011)",38.93837
2740,"(800, 2012)",38.93837
2741,"(800, 2013)",38.93837
2742,"(800, 2014)",27.84496
2743,"(800, 2015)",27.84496
2744,"(800, 2016)",27.84496
2745,"(800, 2017)",27.84496
2746,"(800, 2018)",27.84496
2747,"(800, 2019)",27.84496
2748,"(800, 2020)",27.84496
2749,"(800, 2021)",27.84496
2760,"(804, 2010)",1327.99136
2761,"(804, 2011)",1257.92846
2762,"(804, 2012)",1231.02563
2763,"(804, 2013)",1162.04915
2764,"(804, 2014)",1023.92665
2765,"(804, 2015)",1005.99722
2766,"(804, 2016)",1037.24086
2767,"(804, 2017)",994.07744
2768,"(804, 2018)",988.07663
2769,"(804, 2019)",988.07663
2770,"(804, 2020)",988.07663
2771,"(804, 2021)",988.07663
2782,"(807, 2010)",532.12835
2783,"(807, 2011)",445.22354
2784,"(807, 2012)",611.77913
2785,"(807, 2013)",675.27686
2786,"(807, 2014)",837.57866
2787,"(807, 2015)",858.45042
2788,"(807, 2016)",854.33425
2789,"(807, 2017)",729.35779
2790,"(807, 2018)",799.27238
2791,"(807, 2019)",799.27238
2792,"(807, 2020)",799.27238
2793,"(807, 2021)",799.27238
2804,"(818, 2010)",492.40565
2805,"(818, 2011)",491.76349
2806,"(818, 2012)",517.14349
2807,"(818, 2013)",539.02144
2808,"(818, 2014)",675.24227
2809,"(818, 2015)",672.94068
2810,"(818, 2016)",689.24608
2811,"(818, 2017)",677.10022
2812,"(818, 2018)",686.71743
2813,"(818, 2019)",686.71743
2814,"(818, 2020)",686.71743
2815,"(818, 2021)",686.71743
2826,"(826, 2010)",4043.26715
2827,"(826, 2011)",3926.11787
2828,"(826, 2012)",3969.85915
2829,"(826, 2013)",4119.45134
2830,"(826, 2014)",4227.62028
2831,"(826, 2015)",4319.50151
2832,"(826, 2016)",4357.93303
2833,"(826, 2017)",4341.15124
2834,"(826, 2018)",4603.31022
2835,"(826, 2019)",4603.31022
2836,"(826, 2020)",4603.31022
2837,"(826, 2021)",4603.31022
2848,"(834, 2010)",36.07047
2849,"(834, 2011)",36.07047
2850,"(834, 2012)",36.07047
2851,"(834, 2013)",19.15202
2852,"(834, 2014)",19.15202
2853,"(834, 2015)",19.15202
2854,"(834, 2016)",19.15202
2855,"(834, 2017)",19.15202
2856,"(834, 2018)",19.15202
2857,"(834, 2019)",19.15202
2858,"(834, 2020)",19.15202
2859,"(834, 2021)",19.15202
2870,"(840, 2010)",3885.08226
2871,"(840, 2011)",4027.11889
2872,"(840, 2012)",3990.62379
2873,"(840, 2013)",4090.88439
2874,"(840, 2014)",4205.25602
2875,"(840, 2015)",4267.83919
2876,"(840, 2016)",4247.7483
2877,"(840, 2017)",4412.43542
2878,"(840, 2018)",4412.43542
2879,"(840, 2019)",4412.43542
2880,"(840, 2020)",4412.43542
2881,"(840, 2021)",4412.43542
2892,"(854, 2010)",47.57672
2893,"(854, 2011)",47.57672
2894,"(854, 2012)",47.57672
2895,"(854, 2013)",47.57672
2896,"(854, 2014)",47.57672
2897,"(854, 2015)",47.57672
2898,"(854, 2016)",47.57672
2899,"(854, 2017)",47.57672
2900,"(854, 2018)",47.57672
2901,"(854, 2019)",47.57672
2902,"(854, 2020)",47.57672
2903,"(854, 2021)",47.57672
2914,"(858, 2010)",626.6233
2915,"(858, 2011)",614.43768
2916,"(858, 2012)",632.44031
2917,"(858, 2013)",634.91258
2918,"(858, 2014)",642.85874
2919,"(858, 2015)",661.48712
2920,"(858, 2016)",679.00479
2921,"(858, 2017)",690.7908
2922,"(858, 2018)",696.37621
2923,"(858, 2019)",696.37621
2924,"(858, 2020)",696.37621
2925,"(858, 2021)",696.37621
2936,"(860, 2010)",544.95896
2937,"(860, 2011)",574.80051
2938,"(860, 2012)",513.08323
2939,"(860, 2013)",507.03862
2940,"(860, 2014)",501.24254
2941,"(860, 2015)",497.42064
2942,"(860, 2016)",506.04688
2943,"(860, 2017)",495.5728
2944,"(860, 2018)",476.17883
2945,"(860, 2019)",476.17883
2946,"(860, 2020)",476.17883
2947,"(860, 2021)",476.17883
2958,"(862, 2010)",204.04403
2959,"(862, 2011)",232.62356
2960,"(862, 2012)",295.83625
2961,"(862, 2013)",363.7885
2962,"(862, 2014)",272.67612
2963,"(862, 2015)",248.92103
2964,"(862, 2016)",300.25538
2965,"(862, 2017)",300.25538
2966,"(862, 2018)",300.25538
2967,"(862, 2019)",300.25538
2968,"(862, 2020)",300.25538
2969,"(862, 2021)",300.25538
2980,"(894, 2010)",41.71683
2981,"(894, 2011)",41.71683
2982,"(894, 2012)",41.71683
2983,"(894, 2013)",41.71683
2984,"(894, 2014)",41.71683
2985,"(894, 2015)",41.71683
2986,"(894, 2016)",41.71683
2987,"(894, 2017)",41.71683
2988,"(894, 2018)",41.71683
2989,"(894, 2019)",41.71683
2990,"(894, 2020)",41.71683
2991,"(894, 2021)",41.71683
